comp_idx,imf_idx,sn1a_idx,sy_idx,sn1ar_idx,sigma_2,t_1,t_2,infall_1,infall_2,sfe,imf_upper,mgal,nb,ks,ensemble,wrmse,mae,mape,huber,cosine,log_cosh,loss
3,0,0,0,0,30.588772112161955,0.10275587127926983,4.909216574575224,0.1,5.2454031281384745,0.02,50.0,1927860405.390303,0.001,0.021889002961175984,0.006058669431736894,0.09612287156526526,0.06222929699884442,90.12428960469333,0.004619803218976241,0.9905839760718216,0.004590312195972443,0.021889002961175984
3,0,0,0,0,30.588772112161955,0.10275587127926983,4.909216574575224,0.1,5.2454031281384745,0.02,50.0,1927860405.390303,0.001,0.021889002961175984,0.006058669431736894,0.09612287156526526,0.06222929699884442,90.12428960469333,0.004619803218976241,0.9905839760718216,0.004590312195972443,0.021889002961175984
3,0,0,0,0,30.588772112161955,0.10275587127926983,4.909216574575224,0.1,5.2454031281384745,0.02,50.0,1927860405.390303,0.001,0.021889002961175984,0.006058669431736894,0.09612287156526526,0.06222929699884442,90.12428960469333,0.004619803218976241,0.9905839760718216,0.004590312195972443,0.021889002961175984
3,0,0,0,0,30.588772112161955,0.10275587127926983,4.909216574575224,0.1,5.2454031281384745,0.02,50.0,1927860405.390303,0.001,0.021889002961175984,0.006058669431736894,0.09612287156526526,0.06222929699884442,90.12428960469333,0.004619803218976241,0.9905839760718216,0.004590312195972443,0.021889002961175984
3,0,0,0,0,30.588772112161955,0.10275587127926983,4.909216574575224,0.1,5.2454031281384745,0.02,50.0,1927860405.390303,0.001,0.021889002961175984,0.006058669431736894,0.09612287156526526,0.06222929699884442,90.12428960469333,0.004619803218976241,0.9905839760718216,0.004590312195972443,0.021889002961175984
3,0,0,0,0,30.588772112161955,0.10275587127926983,4.909216574575224,0.1,5.2454031281384745,0.02,50.0,1927860405.390303,0.001,0.021889002961175984,0.006058669431736894,0.09612287156526526,0.06222929699884442,90.12428960469333,0.004619803218976241,0.9905839760718216,0.004590312195972443,0.021889002961175984
3,0,0,0,0,30.588772112161955,0.10275587127926983,4.909216574575224,0.1,5.2454031281384745,0.02,50.0,1927860405.390303,0.001,0.021889002961175984,0.006058669431736894,0.09612287156526526,0.06222929699884442,90.12428960469333,0.004619803218976241,0.9905839760718216,0.004590312195972443,0.021889002961175984
3,0,0,0,0,30.628346273208713,0.10271435049473164,4.916575308466576,0.1,5.336036525072663,0.02,50.0,1929400793.115688,0.001,0.021892881295345168,0.006056763900163578,0.09613454964497799,0.06221486852705265,90.16060181588183,0.004620925817721369,0.9905929472408046,0.004591408094485119,0.021892881295345168
3,0,0,0,0,30.628346273208713,0.10271435049473164,4.916575308466576,0.1,5.336036525072663,0.02,50.0,1929400793.115688,0.001,0.021892881295345168,0.006056763900163578,0.09613454964497799,0.06221486852705265,90.16060181588183,0.004620925817721369,0.9905929472408046,0.004591408094485119,0.021892881295345168
3,0,0,0,0,30.628346273208713,0.10271435049473164,4.916575308466576,0.1,5.336036525072663,0.02,50.0,1929400793.115688,0.001,0.021892881295345168,0.006056763900163578,0.09613454964497799,0.06221486852705265,90.16060181588183,0.004620925817721369,0.9905929472408046,0.004591408094485119,0.021892881295345168
3,0,0,0,0,30.628346273208713,0.10271435049473164,4.916575308466576,0.1,5.336036525072663,0.02,50.0,1929400793.115688,0.001,0.021892881295345168,0.006056763900163578,0.09613454964497799,0.06221486852705265,90.16060181588183,0.004620925817721369,0.9905929472408046,0.004591408094485119,0.021892881295345168
3,0,0,0,0,30.628346273208713,0.10271435049473164,4.916575308466576,0.1,5.336036525072663,0.02,50.0,1929400793.115688,0.001,0.021892881295345168,0.006056763900163578,0.09613454964497799,0.06221486852705265,90.16060181588183,0.004620925817721369,0.9905929472408046,0.004591408094485119,0.021892881295345168
3,0,0,0,0,30.628346273208713,0.10271435049473164,4.916575308466576,0.1,5.336036525072663,0.02,50.0,1929400793.115688,0.001,0.021892881295345168,0.006056763900163578,0.09613454964497799,0.06221486852705265,90.16060181588183,0.004620925817721369,0.9905929472408046,0.004591408094485119,0.021892881295345168
3,0,0,0,0,30.628346273208713,0.10271435049473164,4.916575308466576,0.1,5.336036525072663,0.02,50.0,1929400793.115688,0.001,0.021892881295345168,0.006056763900163578,0.09613454964497799,0.06221486852705265,90.16060181588183,0.004620925817721369,0.9905929472408046,0.004591408094485119,0.021892881295345168
3,0,0,0,0,30.628346273208713,0.10271435049473164,4.916575308466576,0.1,5.336036525072663,0.02,50.0,1929400793.115688,0.001,0.021892881295345168,0.006056763900163578,0.09613454964497799,0.06221486852705265,90.16060181588183,0.004620925817721369,0.9905929472408046,0.004591408094485119,0.021892881295345168
3,0,0,0,0,30.628346273208713,0.10271435049473164,4.916575308466576,0.1,5.336036525072663,0.02,50.0,1929400793.115688,0.001,0.021892881295345168,0.006056763900163578,0.09613454964497799,0.06221486852705265,90.16060181588183,0.004620925817721369,0.9905929472408046,0.004591408094485119,0.021892881295345168
3,0,0,0,0,30.588772112161955,0.10275587127926983,4.935652707284339,0.1,5.245775603928477,0.02,50.0,1928160514.5714707,0.001,0.02190366299920876,0.006064006003801404,0.09619410732435557,0.06225019125821236,89.8075222461228,0.004626653141964819,0.9905821706519132,0.0045970561380083205,0.02190366299920876
3,0,0,0,0,30.588772112161955,0.10275587127926983,4.935652707284339,0.1,5.245775603928477,0.02,50.0,1928160514.5714707,0.001,0.02190366299920876,0.006064006003801404,0.09619410732435557,0.06225019125821236,89.8075222461228,0.004626653141964819,0.9905821706519132,0.0045970561380083205,0.02190366299920876
3,0,0,0,0,30.588772112161955,0.10275587127926983,4.935652707284339,0.1,5.245775603928477,0.02,50.0,1928160514.5714707,0.001,0.02190366299920876,0.006064006003801404,0.09619410732435557,0.06225019125821236,89.8075222461228,0.004626653141964819,0.9905821706519132,0.0045970561380083205,0.02190366299920876
3,0,0,0,0,30.588772112161955,0.10275587127926983,4.935652707284339,0.1,5.245775603928477,0.02,50.0,1928160514.5714707,0.001,0.02190366299920876,0.006064006003801404,0.09619410732435557,0.06225019125821236,89.8075222461228,0.004626653141964819,0.9905821706519132,0.0045970561380083205,0.02190366299920876
3,0,0,0,0,30.588772112161955,0.10275587127926983,4.935652707284339,0.1,5.245775603928477,0.02,50.0,1928160514.5714707,0.001,0.02190366299920876,0.006064006003801404,0.09619410732435557,0.06225019125821236,89.8075222461228,0.004626653141964819,0.9905821706519132,0.0045970561380083205,0.02190366299920876
3,0,0,0,0,30.588772112161955,0.10275587127926983,4.935652707284339,0.1,5.245775603928477,0.02,50.0,1928160514.5714707,0.001,0.02190366299920876,0.006064006003801404,0.09619410732435557,0.06225019125821236,89.8075222461228,0.004626653141964819,0.9905821706519132,0.0045970561380083205,0.02190366299920876
3,0,0,0,0,30.588772112161955,0.10275587127926983,4.935652707284339,0.1,5.245775603928477,0.02,50.0,1928160514.5714707,0.001,0.02190366299920876,0.006064006003801404,0.09619410732435557,0.06225019125821236,89.8075222461228,0.004626653141964819,0.9905821706519132,0.0045970561380083205,0.02190366299920876
3,0,0,0,0,30.588772112161955,0.10275587127926983,4.935652707284339,0.1,5.245775603928477,0.02,50.0,1928160514.5714707,0.001,0.02190366299920876,0.006064006003801404,0.09619410732435557,0.06225019125821236,89.8075222461228,0.004626653141964819,0.9905821706519132,0.0045970561380083205,0.02190366299920876
3,0,0,0,0,30.588772112161955,0.10275587127926983,4.935652707284339,0.1,5.245775603928477,0.02,50.0,1928160514.5714707,0.001,0.02190366299920876,0.006064006003801404,0.09619410732435557,0.06225019125821236,89.8075222461228,0.004626653141964819,0.9905821706519132,0.0045970561380083205,0.02190366299920876
3,0,0,0,0,30.588772112161955,0.10275587127926983,4.935652707284339,0.1,5.245775603928477,0.02,50.0,1928160514.5714707,0.001,0.02190366299920876,0.006064006003801404,0.09619410732435557,0.06225019125821236,89.8075222461228,0.004626653141964819,0.9905821706519132,0.0045970561380083205,0.02190366299920876
3,0,0,0,0,30.588772112161955,0.10275587127926983,4.935652707284339,0.1,5.245775603928477,0.02,50.0,1928160514.5714707,0.001,0.02190366299920876,0.006064006003801404,0.09619410732435557,0.06225019125821236,89.8075222461228,0.004626653141964819,0.9905821706519132,0.0045970561380083205,0.02190366299920876
3,0,0,0,0,30.588772112161955,0.10275587127926983,4.935652707284339,0.1,5.245775603928477,0.02,50.0,1928160514.5714707,0.001,0.02190366299920876,0.006064006003801404,0.09619410732435557,0.06225019125821236,89.8075222461228,0.004626653141964819,0.9905821706519132,0.0045970561380083205,0.02190366299920876
3,0,0,0,0,30.588772112161955,0.10275587127926983,4.935652707284339,0.1,5.245775603928477,0.02,50.0,1928160514.5714707,0.001,0.02190366299920876,0.006064006003801404,0.09619410732435557,0.06225019125821236,89.8075222461228,0.004626653141964819,0.9905821706519132,0.0045970561380083205,0.02190366299920876
3,0,0,0,0,30.588772112161955,0.10275587127926983,4.935652707284339,0.1,5.245775603928477,0.02,50.0,1928160514.5714707,0.001,0.02190366299920876,0.006064006003801404,0.09619410732435557,0.06225019125821236,89.8075222461228,0.004626653141964819,0.9905821706519132,0.0045970561380083205,0.02190366299920876
3,0,0,0,0,30.588772112161955,0.10275587127926983,4.935652707284339,0.1,5.245775603928477,0.02,50.0,1928160514.5714707,0.001,0.02190366299920876,0.006064006003801404,0.09619410732435557,0.06225019125821236,89.8075222461228,0.004626653141964819,0.9905821706519132,0.0045970561380083205,0.02190366299920876
3,0,0,0,0,30.588772112161955,0.10275587127926983,4.935652707284339,0.1,5.245775603928477,0.02,50.0,1928160514.5714707,0.001,0.02190366299920876,0.006064006003801404,0.09619410732435557,0.06225019125821236,89.8075222461228,0.004626653141964819,0.9905821706519132,0.0045970561380083205,0.02190366299920876
3,0,0,0,0,30.588772112161955,0.10275587127926983,4.935652707284339,0.1,5.245775603928477,0.02,50.0,1928160514.5714707,0.001,0.02190366299920876,0.006064006003801404,0.09619410732435557,0.06225019125821236,89.8075222461228,0.004626653141964819,0.9905821706519132,0.0045970561380083205,0.02190366299920876
3,0,0,0,0,30.588772112161955,0.10275587127926983,4.935652707284339,0.1,5.245775603928477,0.02,50.0,1928160514.5714707,0.001,0.02190366299920876,0.006064006003801404,0.09619410732435557,0.06225019125821236,89.8075222461228,0.004626653141964819,0.9905821706519132,0.0045970561380083205,0.02190366299920876
3,0,0,0,0,30.588772112161955,0.10275587127926983,4.935652707284339,0.1,5.245775603928477,0.02,50.0,1928160514.5714707,0.001,0.02190366299920876,0.006064006003801404,0.09619410732435557,0.06225019125821236,89.8075222461228,0.004626653141964819,0.9905821706519132,0.0045970561380083205,0.02190366299920876
3,0,0,0,0,30.588772112161955,0.10275587127926983,4.916575308466576,0.1,5.211202653031692,0.02,50.0,1928160514.5714707,0.001,0.02190887141528236,0.006063392036946108,0.09617331961547383,0.06225171327943933,90.07851851568833,0.004624653702930042,0.9905795518503497,0.004595084148178871,0.02190887141528236
3,0,0,0,0,30.588772112161955,0.10275587127926983,4.935652707284339,0.1,5.112965121561401,0.02,50.0,1928160514.5714707,0.001,0.02191204922836089,0.006068304446870392,0.09619511224197451,0.062273486589809635,89.64268742386288,0.0046267498096230365,0.9905680680662191,0.004597176128632655,0.02191204922836089
3,0,0,0,0,30.588772112161955,0.10275587127926983,4.935652707284339,0.1,5.112965121561401,0.02,50.0,1928160514.5714707,0.001,0.02191204922836089,0.006068304446870392,0.09619511224197451,0.062273486589809635,89.64268742386288,0.0046267498096230365,0.9905680680662191,0.004597176128632655,0.02191204922836089
3,0,0,0,0,30.588772112161955,0.10275587127926983,4.935652707284339,0.1,5.112965121561401,0.02,50.0,1928160514.5714707,0.001,0.02191204922836089,0.006068304446870392,0.09619511224197451,0.062273486589809635,89.64268742386288,0.0046267498096230365,0.9905680680662191,0.004597176128632655,0.02191204922836089
3,0,0,0,0,30.588772112161955,0.10275587127926983,4.935652707284339,0.1,5.112965121561401,0.02,50.0,1928160514.5714707,0.001,0.02191204922836089,0.006068304446870392,0.09619511224197451,0.062273486589809635,89.64268742386288,0.0046267498096230365,0.9905680680662191,0.004597176128632655,0.02191204922836089
3,0,0,0,0,30.588772112161955,0.10275587127926983,4.935652707284339,0.1,5.112965121561401,0.02,50.0,1928160514.5714707,0.001,0.02191204922836089,0.006068304446870392,0.09619511224197451,0.062273486589809635,89.64268742386288,0.0046267498096230365,0.9905680680662191,0.004597176128632655,0.02191204922836089
3,0,0,0,0,30.588772112161955,0.10275587127926983,4.935652707284339,0.1,5.112965121561401,0.02,50.0,1928160514.5714707,0.001,0.02191204922836089,0.006068304446870392,0.09619511224197451,0.062273486589809635,89.64268742386288,0.0046267498096230365,0.9905680680662191,0.004597176128632655,0.02191204922836089
3,0,0,0,0,30.588772112161955,0.10275587127926983,4.935652707284339,0.1,5.112965121561401,0.02,50.0,1928160514.5714707,0.001,0.02191204922836089,0.006068304446870392,0.09619511224197451,0.062273486589809635,89.64268742386288,0.0046267498096230365,0.9905680680662191,0.004597176128632655,0.02191204922836089
3,0,0,0,0,30.588772112161955,0.10275587127926983,4.935652707284339,0.1,5.112965121561401,0.02,50.0,1928160514.5714707,0.001,0.02191204922836089,0.006068304446870392,0.09619511224197451,0.062273486589809635,89.64268742386288,0.0046267498096230365,0.9905680680662191,0.004597176128632655,0.02191204922836089
3,0,0,0,0,30.588772112161955,0.10275587127926983,4.935652707284339,0.1,5.112965121561401,0.02,50.0,1928160514.5714707,0.001,0.02191204922836089,0.006068304446870392,0.09619511224197451,0.062273486589809635,89.64268742386288,0.0046267498096230365,0.9905680680662191,0.004597176128632655,0.02191204922836089
3,0,0,0,0,30.588772112161955,0.10275587127926983,4.935652707284339,0.1,5.112965121561401,0.02,50.0,1928160514.5714707,0.001,0.02191204922836089,0.006068304446870392,0.09619511224197451,0.062273486589809635,89.64268742386288,0.0046267498096230365,0.9905680680662191,0.004597176128632655,0.02191204922836089
3,0,0,0,0,30.588772112161955,0.10275587127926983,4.909216574575224,0.1,5.659525492813259,0.02,50.0,1926977295.570268,0.001,0.021913931001485254,0.006043969162998262,0.09608262390412275,0.06213315991578115,90.54060961787707,0.004615935308150551,0.9906239518423571,0.004586473672927488,0.021913931001485254
3,0,0,0,0,30.628346273208713,0.10271435049473164,4.916575308466576,0.1,5.336036525072663,0.02,50.0,1928958438.6890814,0.001,0.021920273190038933,0.00605697314331163,0.09613721348870764,0.062203081654080894,90.23523319992144,0.004621181908686676,0.9905928473092301,0.004591678608385233,0.021920273190038933
3,0,0,0,0,30.628346273208713,0.10271435049473164,4.916575308466576,0.1,5.336036525072663,0.02,50.0,1928958438.6890814,0.001,0.021920273190038933,0.00605697314331163,0.09613721348870764,0.062203081654080894,90.23523319992144,0.004621181908686676,0.9905928473092301,0.004591678608385233,0.021920273190038933
3,0,0,0,0,30.628346273208713,0.10271435049473164,4.916575308466576,0.1,5.336036525072663,0.02,50.0,1928958438.6890814,0.001,0.021920273190038933,0.00605697314331163,0.09613721348870764,0.062203081654080894,90.23523319992144,0.004621181908686676,0.9905928473092301,0.004591678608385233,0.021920273190038933
3,0,0,0,0,30.628346273208713,0.10271435049473164,4.916575308466576,0.1,5.336036525072663,0.02,50.0,1928958438.6890814,0.001,0.021920273190038933,0.00605697314331163,0.09613721348870764,0.062203081654080894,90.23523319992144,0.004621181908686676,0.9905928473092301,0.004591678608385233,0.021920273190038933
3,0,0,0,0,30.628346273208713,0.10271435049473164,4.916575308466576,0.1,5.336036525072663,0.02,50.0,1928958438.6890814,0.001,0.021920273190038933,0.00605697314331163,0.09613721348870764,0.062203081654080894,90.23523319992144,0.004621181908686676,0.9905928473092301,0.004591678608385233,0.021920273190038933
3,0,0,0,0,30.628346273208713,0.10271435049473164,4.916575308466576,0.1,5.336036525072663,0.02,50.0,1928958438.6890814,0.001,0.021920273190038933,0.00605697314331163,0.09613721348870764,0.062203081654080894,90.23523319992144,0.004621181908686676,0.9905928473092301,0.004591678608385233,0.021920273190038933
3,0,0,0,0,30.628346273208713,0.10271435049473164,4.916575308466576,0.1,5.336036525072663,0.02,50.0,1928958438.6890814,0.001,0.021920273190038933,0.00605697314331163,0.09613721348870764,0.062203081654080894,90.23523319992144,0.004621181908686676,0.9905928473092301,0.004591678608385233,0.021920273190038933
3,0,0,0,0,30.628346273208713,0.10271435049473164,4.916575308466576,0.1,5.336036525072663,0.02,50.0,1928958438.6890814,0.001,0.021920273190038933,0.00605697314331163,0.09613721348870764,0.062203081654080894,90.23523319992144,0.004621181908686676,0.9905928473092301,0.004591678608385233,0.021920273190038933
3,0,0,0,0,30.628346273208713,0.10271435049473164,4.916575308466576,0.1,5.336036525072663,0.02,50.0,1928958438.6890814,0.001,0.021920273190038933,0.00605697314331163,0.09613721348870764,0.062203081654080894,90.23523319992144,0.004621181908686676,0.9905928473092301,0.004591678608385233,0.021920273190038933
3,0,0,0,0,30.628346273208713,0.10271435049473164,4.916575308466576,0.1,5.336036525072663,0.02,50.0,1928958438.6890814,0.001,0.021920273190038933,0.00605697314331163,0.09613721348870764,0.062203081654080894,90.23523319992144,0.004621181908686676,0.9905928473092301,0.004591678608385233,0.021920273190038933
3,0,0,0,0,30.628346273208713,0.10271435049473164,4.916575308466576,0.1,5.336036525072663,0.02,50.0,1928958438.6890814,0.001,0.021920273190038933,0.00605697314331163,0.09613721348870764,0.062203081654080894,90.23523319992144,0.004621181908686676,0.9905928473092301,0.004591678608385233,0.021920273190038933
3,0,0,0,0,30.628346273208713,0.10271435049473164,4.916575308466576,0.1,5.336036525072663,0.02,50.0,1928958438.6890814,0.001,0.021920273190038933,0.00605697314331163,0.09613721348870764,0.062203081654080894,90.23523319992144,0.004621181908686676,0.9905928473092301,0.004591678608385233,0.021920273190038933
3,0,0,0,0,30.628346273208713,0.10271435049473164,4.916575308466576,0.1,5.336036525072663,0.02,50.0,1928958438.6890814,0.001,0.021920273190038933,0.00605697314331163,0.09613721348870764,0.062203081654080894,90.23523319992144,0.004621181908686676,0.9905928473092301,0.004591678608385233,0.021920273190038933
3,0,0,0,0,30.628346273208713,0.10271435049473164,4.916575308466576,0.1,5.336036525072663,0.02,50.0,1928958438.6890814,0.001,0.021920273190038933,0.00605697314331163,0.09613721348870764,0.062203081654080894,90.23523319992144,0.004621181908686676,0.9905928473092301,0.004591678608385233,0.021920273190038933
3,0,0,0,0,30.628346273208713,0.10271435049473164,4.916575308466576,0.1,5.336036525072663,0.02,50.0,1928958438.6890814,0.001,0.021920273190038933,0.00605697314331163,0.09613721348870764,0.062203081654080894,90.23523319992144,0.004621181908686676,0.9905928473092301,0.004591678608385233,0.021920273190038933
3,0,0,0,0,30.628346273208713,0.10271435049473164,4.916575308466576,0.1,5.336036525072663,0.02,50.0,1928958438.6890814,0.001,0.021920273190038933,0.00605697314331163,0.09613721348870764,0.062203081654080894,90.23523319992144,0.004621181908686676,0.9905928473092301,0.004591678608385233,0.021920273190038933
3,0,0,0,0,30.628346273208713,0.10271435049473164,4.916575308466576,0.1,5.336036525072663,0.02,50.0,1928958438.6890814,0.001,0.021920273190038933,0.00605697314331163,0.09613721348870764,0.062203081654080894,90.23523319992144,0.004621181908686676,0.9905928473092301,0.004591678608385233,0.021920273190038933
3,0,0,0,0,30.628346273208713,0.10271435049473164,4.916575308466576,0.1,5.336036525072663,0.02,50.0,1928958438.6890814,0.001,0.021920273190038933,0.00605697314331163,0.09613721348870764,0.062203081654080894,90.23523319992144,0.004621181908686676,0.9905928473092301,0.004591678608385233,0.021920273190038933
3,0,0,0,0,30.628346273208713,0.10271435049473164,4.916575308466576,0.1,5.336036525072663,0.02,50.0,1928958438.6890814,0.001,0.021920273190038933,0.00605697314331163,0.09613721348870764,0.062203081654080894,90.23523319992144,0.004621181908686676,0.9905928473092301,0.004591678608385233,0.021920273190038933
3,0,0,0,0,30.628346273208713,0.10271435049473164,4.916575308466576,0.1,5.336036525072663,0.02,50.0,1928958438.6890814,0.001,0.021920273190038933,0.00605697314331163,0.09613721348870764,0.062203081654080894,90.23523319992144,0.004621181908686676,0.9905928473092301,0.004591678608385233,0.021920273190038933
3,0,0,0,0,30.628346273208713,0.10271435049473164,4.916575308466576,0.1,5.336036525072663,0.02,50.0,1928958438.6890814,0.001,0.021920273190038933,0.00605697314331163,0.09613721348870764,0.062203081654080894,90.23523319992144,0.004621181908686676,0.9905928473092301,0.004591678608385233,0.021920273190038933
3,0,0,0,0,30.628346273208713,0.10271435049473164,4.916575308466576,0.1,5.336036525072663,0.02,50.0,1928958438.6890814,0.001,0.021920273190038933,0.00605697314331163,0.09613721348870764,0.062203081654080894,90.23523319992144,0.004621181908686676,0.9905928473092301,0.004591678608385233,0.021920273190038933
3,0,0,0,0,30.628346273208713,0.10271435049473164,4.916575308466576,0.1,5.336036525072663,0.02,50.0,1928958438.6890814,0.001,0.021920273190038933,0.00605697314331163,0.09613721348870764,0.062203081654080894,90.23523319992144,0.004621181908686676,0.9905928473092301,0.004591678608385233,0.021920273190038933
3,0,0,0,0,30.628346273208713,0.10271435049473164,4.916575308466576,0.1,5.336036525072663,0.02,50.0,1928958438.6890814,0.001,0.021920273190038933,0.00605697314331163,0.09613721348870764,0.062203081654080894,90.23523319992144,0.004621181908686676,0.9905928473092301,0.004591678608385233,0.021920273190038933
3,0,0,0,0,30.628346273208713,0.10271435049473164,4.916575308466576,0.1,5.336036525072663,0.02,50.0,1928958438.6890814,0.001,0.021920273190038933,0.00605697314331163,0.09613721348870764,0.062203081654080894,90.23523319992144,0.004621181908686676,0.9905928473092301,0.004591678608385233,0.021920273190038933
3,0,0,0,0,30.628346273208713,0.10271435049473164,4.916575308466576,0.1,5.336036525072663,0.02,50.0,1928958438.6890814,0.001,0.021920273190038933,0.00605697314331163,0.09613721348870764,0.062203081654080894,90.23523319992144,0.004621181908686676,0.9905928473092301,0.004591678608385233,0.021920273190038933
3,0,0,0,0,30.628346273208713,0.10271435049473164,4.916575308466576,0.1,5.336036525072663,0.02,50.0,1928958438.6890814,0.001,0.021920273190038933,0.00605697314331163,0.09613721348870764,0.062203081654080894,90.23523319992144,0.004621181908686676,0.9905928473092301,0.004591678608385233,0.021920273190038933
3,0,0,0,0,30.628346273208713,0.10271435049473164,4.916575308466576,0.1,5.336036525072663,0.02,50.0,1928958438.6890814,0.001,0.021920273190038933,0.00605697314331163,0.09613721348870764,0.062203081654080894,90.23523319992144,0.004621181908686676,0.9905928473092301,0.004591678608385233,0.021920273190038933
3,0,0,0,0,30.628346273208713,0.10271435049473164,4.916575308466576,0.1,5.336036525072663,0.02,50.0,1928958438.6890814,0.001,0.021920273190038933,0.00605697314331163,0.09613721348870764,0.062203081654080894,90.23523319992144,0.004621181908686676,0.9905928473092301,0.004591678608385233,0.021920273190038933
3,0,0,0,0,30.628346273208713,0.10271435049473164,4.916575308466576,0.1,5.336036525072663,0.02,50.0,1928958438.6890814,0.001,0.021920273190038933,0.00605697314331163,0.09613721348870764,0.062203081654080894,90.23523319992144,0.004621181908686676,0.9905928473092301,0.004591678608385233,0.021920273190038933
3,0,0,0,0,30.628346273208713,0.10271435049473164,4.916575308466576,0.1,5.336036525072663,0.02,50.0,1928958438.6890814,0.001,0.021920273190038933,0.00605697314331163,0.09613721348870764,0.062203081654080894,90.23523319992144,0.004621181908686676,0.9905928473092301,0.004591678608385233,0.021920273190038933
3,0,0,0,0,30.628346273208713,0.10271435049473164,4.916575308466576,0.1,5.336036525072663,0.02,50.0,1928958438.6890814,0.001,0.021920273190038933,0.00605697314331163,0.09613721348870764,0.062203081654080894,90.23523319992144,0.004621181908686676,0.9905928473092301,0.004591678608385233,0.021920273190038933
3,0,0,0,0,30.628346273208713,0.10271435049473164,4.916575308466576,0.1,5.336036525072663,0.02,50.0,1928958438.6890814,0.001,0.021920273190038933,0.00605697314331163,0.09613721348870764,0.062203081654080894,90.23523319992144,0.004621181908686676,0.9905928473092301,0.004591678608385233,0.021920273190038933
3,0,0,0,0,30.628346273208713,0.10271435049473164,4.916575308466576,0.1,5.336036525072663,0.02,50.0,1928958438.6890814,0.001,0.021920273190038933,0.00605697314331163,0.09613721348870764,0.062203081654080894,90.23523319992144,0.004621181908686676,0.9905928473092301,0.004591678608385233,0.021920273190038933
3,0,0,0,0,30.628346273208713,0.10271435049473164,4.916575308466576,0.1,5.336036525072663,0.02,50.0,1928958438.6890814,0.001,0.021920273190038933,0.00605697314331163,0.09613721348870764,0.062203081654080894,90.23523319992144,0.004621181908686676,0.9905928473092301,0.004591678608385233,0.021920273190038933
3,0,0,0,0,30.628346273208713,0.10271435049473164,4.916575308466576,0.1,5.336036525072663,0.02,50.0,1928958438.6890814,0.001,0.021920273190038933,0.00605697314331163,0.09613721348870764,0.062203081654080894,90.23523319992144,0.004621181908686676,0.9905928473092301,0.004591678608385233,0.021920273190038933
3,0,0,0,0,30.628346273208713,0.10271435049473164,4.916575308466576,0.1,5.336036525072663,0.02,50.0,1928958438.6890814,0.001,0.021920273190038933,0.00605697314331163,0.09613721348870764,0.062203081654080894,90.23523319992144,0.004621181908686676,0.9905928473092301,0.004591678608385233,0.021920273190038933
3,0,0,0,0,30.628346273208713,0.10271435049473164,4.916575308466576,0.1,5.336036525072663,0.02,50.0,1928958438.6890814,0.001,0.021920273190038933,0.00605697314331163,0.09613721348870764,0.062203081654080894,90.23523319992144,0.004621181908686676,0.9905928473092301,0.004591678608385233,0.021920273190038933
3,0,0,0,0,30.628346273208713,0.10271435049473164,4.916575308466576,0.1,5.336036525072663,0.02,50.0,1928958438.6890814,0.001,0.021920273190038933,0.00605697314331163,0.09613721348870764,0.062203081654080894,90.23523319992144,0.004621181908686676,0.9905928473092301,0.004591678608385233,0.021920273190038933
3,0,0,0,0,30.628346273208713,0.10271435049473164,4.916575308466576,0.1,5.336036525072663,0.02,50.0,1928958438.6890814,0.001,0.021920273190038933,0.00605697314331163,0.09613721348870764,0.062203081654080894,90.23523319992144,0.004621181908686676,0.9905928473092301,0.004591678608385233,0.021920273190038933
3,0,0,0,0,30.628346273208713,0.10271435049473164,4.916575308466576,0.1,5.336036525072663,0.02,50.0,1928958438.6890814,0.001,0.021920273190038933,0.00605697314331163,0.09613721348870764,0.062203081654080894,90.23523319992144,0.004621181908686676,0.9905928473092301,0.004591678608385233,0.021920273190038933
3,0,0,0,0,30.628346273208713,0.10271435049473164,4.916575308466576,0.1,5.336036525072663,0.02,50.0,1928958438.6890814,0.001,0.021920273190038933,0.00605697314331163,0.09613721348870764,0.062203081654080894,90.23523319992144,0.004621181908686676,0.9905928473092301,0.004591678608385233,0.021920273190038933
3,0,0,0,0,30.628346273208713,0.10271435049473164,4.916575308466576,0.1,5.336036525072663,0.02,50.0,1928958438.6890814,0.001,0.021920273190038933,0.00605697314331163,0.09613721348870764,0.062203081654080894,90.23523319992144,0.004621181908686676,0.9905928473092301,0.004591678608385233,0.021920273190038933
3,0,0,0,0,30.628346273208713,0.10271435049473164,4.916575308466576,0.1,5.336036525072663,0.02,50.0,1928958438.6890814,0.001,0.021920273190038933,0.00605697314331163,0.09613721348870764,0.062203081654080894,90.23523319992144,0.004621181908686676,0.9905928473092301,0.004591678608385233,0.021920273190038933
3,0,0,0,0,30.628346273208713,0.10271435049473164,4.916575308466576,0.1,5.336036525072663,0.02,50.0,1928958438.6890814,0.001,0.021920273190038933,0.00605697314331163,0.09613721348870764,0.062203081654080894,90.23523319992144,0.004621181908686676,0.9905928473092301,0.004591678608385233,0.021920273190038933
3,0,0,0,0,30.628346273208713,0.10271435049473164,4.916575308466576,0.1,5.336036525072663,0.02,50.0,1928958438.6890814,0.001,0.021920273190038933,0.00605697314331163,0.09613721348870764,0.062203081654080894,90.23523319992144,0.004621181908686676,0.9905928473092301,0.004591678608385233,0.021920273190038933
3,0,0,0,0,30.628346273208713,0.10271435049473164,4.916575308466576,0.1,5.336036525072663,0.02,50.0,1928958438.6890814,0.001,0.021920273190038933,0.00605697314331163,0.09613721348870764,0.062203081654080894,90.23523319992144,0.004621181908686676,0.9905928473092301,0.004591678608385233,0.021920273190038933
3,0,0,0,0,30.628346273208713,0.10271435049473164,4.916575308466576,0.1,5.336036525072663,0.02,50.0,1928958438.6890814,0.001,0.021920273190038933,0.00605697314331163,0.09613721348870764,0.062203081654080894,90.23523319992144,0.004621181908686676,0.9905928473092301,0.004591678608385233,0.021920273190038933
3,0,0,0,0,30.628346273208713,0.10271435049473164,4.916575308466576,0.1,5.336036525072663,0.02,50.0,1928958438.6890814,0.001,0.021920273190038933,0.00605697314331163,0.09613721348870764,0.062203081654080894,90.23523319992144,0.004621181908686676,0.9905928473092301,0.004591678608385233,0.021920273190038933
3,0,0,0,0,30.628346273208713,0.10271435049473164,4.916575308466576,0.1,5.336036525072663,0.02,50.0,1928958438.6890814,0.001,0.021920273190038933,0.00605697314331163,0.09613721348870764,0.062203081654080894,90.23523319992144,0.004621181908686676,0.9905928473092301,0.004591678608385233,0.021920273190038933
3,0,0,0,0,30.628346273208713,0.10271435049473164,4.916575308466576,0.1,5.336036525072663,0.02,50.0,1928958438.6890814,0.001,0.021920273190038933,0.00605697314331163,0.09613721348870764,0.062203081654080894,90.23523319992144,0.004621181908686676,0.9905928473092301,0.004591678608385233,0.021920273190038933
3,0,0,0,0,30.628346273208713,0.10271435049473164,4.916575308466576,0.1,5.336036525072663,0.02,50.0,1928958438.6890814,0.001,0.021920273190038933,0.00605697314331163,0.09613721348870764,0.062203081654080894,90.23523319992144,0.004621181908686676,0.9905928473092301,0.004591678608385233,0.021920273190038933
3,0,0,0,0,30.628346273208713,0.10271435049473164,4.916575308466576,0.1,5.336036525072663,0.02,50.0,1928958438.6890814,0.001,0.021920273190038933,0.00605697314331163,0.09613721348870764,0.062203081654080894,90.23523319992144,0.004621181908686676,0.9905928473092301,0.004591678608385233,0.021920273190038933
3,0,0,0,0,30.628346273208713,0.10271435049473164,4.916575308466576,0.1,5.336036525072663,0.02,50.0,1928958438.6890814,0.001,0.021920273190038933,0.00605697314331163,0.09613721348870764,0.062203081654080894,90.23523319992144,0.004621181908686676,0.9905928473092301,0.004591678608385233,0.021920273190038933
3,0,0,0,0,30.628346273208713,0.10271435049473164,4.916575308466576,0.1,5.336036525072663,0.02,50.0,1928958438.6890814,0.001,0.021920273190038933,0.00605697314331163,0.09613721348870764,0.062203081654080894,90.23523319992144,0.004621181908686676,0.9905928473092301,0.004591678608385233,0.021920273190038933
3,0,0,0,0,30.628346273208713,0.10271435049473164,4.916575308466576,0.1,5.336036525072663,0.02,50.0,1928958438.6890814,0.001,0.021920273190038933,0.00605697314331163,0.09613721348870764,0.062203081654080894,90.23523319992144,0.004621181908686676,0.9905928473092301,0.004591678608385233,0.021920273190038933
3,0,0,0,0,30.628346273208713,0.10271435049473164,4.916575308466576,0.1,5.336036525072663,0.02,50.0,1928958438.6890814,0.001,0.021920273190038933,0.00605697314331163,0.09613721348870764,0.062203081654080894,90.23523319992144,0.004621181908686676,0.9905928473092301,0.004591678608385233,0.021920273190038933
3,0,0,0,0,30.628346273208713,0.10271435049473164,4.916575308466576,0.1,5.336036525072663,0.02,50.0,1928958438.6890814,0.001,0.021920273190038933,0.00605697314331163,0.09613721348870764,0.062203081654080894,90.23523319992144,0.004621181908686676,0.9905928473092301,0.004591678608385233,0.021920273190038933
3,0,0,0,0,30.628346273208713,0.10271435049473164,4.916575308466576,0.1,5.336036525072663,0.02,50.0,1928958438.6890814,0.001,0.021920273190038933,0.00605697314331163,0.09613721348870764,0.062203081654080894,90.23523319992144,0.004621181908686676,0.9905928473092301,0.004591678608385233,0.021920273190038933
3,0,0,0,0,30.628346273208713,0.10271435049473164,4.916575308466576,0.1,5.336036525072663,0.02,50.0,1928958438.6890814,0.001,0.021920273190038933,0.00605697314331163,0.09613721348870764,0.062203081654080894,90.23523319992144,0.004621181908686676,0.9905928473092301,0.004591678608385233,0.021920273190038933
3,0,0,0,0,30.628346273208713,0.10271435049473164,4.916575308466576,0.1,5.336036525072663,0.02,50.0,1928958438.6890814,0.001,0.021920273190038933,0.00605697314331163,0.09613721348870764,0.062203081654080894,90.23523319992144,0.004621181908686676,0.9905928473092301,0.004591678608385233,0.021920273190038933
3,0,0,0,0,30.628346273208713,0.10271435049473164,4.916575308466576,0.1,5.336036525072663,0.02,50.0,1928958438.6890814,0.001,0.021920273190038933,0.00605697314331163,0.09613721348870764,0.062203081654080894,90.23523319992144,0.004621181908686676,0.9905928473092301,0.004591678608385233,0.021920273190038933
3,0,0,0,0,30.628346273208713,0.10271435049473164,4.916575308466576,0.1,5.336036525072663,0.02,50.0,1928958438.6890814,0.001,0.021920273190038933,0.00605697314331163,0.09613721348870764,0.062203081654080894,90.23523319992144,0.004621181908686676,0.9905928473092301,0.004591678608385233,0.021920273190038933
3,0,0,0,0,30.628346273208713,0.10271435049473164,4.916575308466576,0.1,5.336036525072663,0.02,50.0,1928958438.6890814,0.001,0.021920273190038933,0.00605697314331163,0.09613721348870764,0.062203081654080894,90.23523319992144,0.004621181908686676,0.9905928473092301,0.004591678608385233,0.021920273190038933
3,0,0,0,0,30.628346273208713,0.10271435049473164,4.916575308466576,0.1,5.336036525072663,0.02,50.0,1928958438.6890814,0.001,0.021920273190038933,0.00605697314331163,0.09613721348870764,0.062203081654080894,90.23523319992144,0.004621181908686676,0.9905928473092301,0.004591678608385233,0.021920273190038933
3,0,0,0,0,30.628346273208713,0.10271435049473164,4.916575308466576,0.1,5.336036525072663,0.02,50.0,1928958438.6890814,0.001,0.021920273190038933,0.00605697314331163,0.09613721348870764,0.062203081654080894,90.23523319992144,0.004621181908686676,0.9905928473092301,0.004591678608385233,0.021920273190038933
3,0,0,0,0,30.628346273208713,0.10271435049473164,4.916575308466576,0.1,5.336036525072663,0.02,50.0,1928958438.6890814,0.001,0.021920273190038933,0.00605697314331163,0.09613721348870764,0.062203081654080894,90.23523319992144,0.004621181908686676,0.9905928473092301,0.004591678608385233,0.021920273190038933
3,0,0,0,0,30.628346273208713,0.10271435049473164,4.916575308466576,0.1,5.336036525072663,0.02,50.0,1928958438.6890814,0.001,0.021920273190038933,0.00605697314331163,0.09613721348870764,0.062203081654080894,90.23523319992144,0.004621181908686676,0.9905928473092301,0.004591678608385233,0.021920273190038933
3,0,0,0,0,30.628346273208713,0.10271435049473164,4.916575308466576,0.1,5.336036525072663,0.02,50.0,1928958438.6890814,0.001,0.021920273190038933,0.00605697314331163,0.09613721348870764,0.062203081654080894,90.23523319992144,0.004621181908686676,0.9905928473092301,0.004591678608385233,0.021920273190038933
3,0,0,0,0,30.628346273208713,0.10271435049473164,4.916575308466576,0.1,5.336036525072663,0.02,50.0,1928958438.6890814,0.001,0.021920273190038933,0.00605697314331163,0.09613721348870764,0.062203081654080894,90.23523319992144,0.004621181908686676,0.9905928473092301,0.004591678608385233,0.021920273190038933
3,0,0,0,0,30.628346273208713,0.10271435049473164,4.916575308466576,0.1,5.336036525072663,0.02,50.0,1928958438.6890814,0.001,0.021920273190038933,0.00605697314331163,0.09613721348870764,0.062203081654080894,90.23523319992144,0.004621181908686676,0.9905928473092301,0.004591678608385233,0.021920273190038933
3,0,0,0,0,30.628346273208713,0.10271435049473164,4.916575308466576,0.1,5.336036525072663,0.02,50.0,1928958438.6890814,0.001,0.021920273190038933,0.00605697314331163,0.09613721348870764,0.062203081654080894,90.23523319992144,0.004621181908686676,0.9905928473092301,0.004591678608385233,0.021920273190038933
3,0,0,0,0,30.628346273208713,0.10271435049473164,4.916575308466576,0.1,5.336036525072663,0.02,50.0,1928958438.6890814,0.001,0.021920273190038933,0.00605697314331163,0.09613721348870764,0.062203081654080894,90.23523319992144,0.004621181908686676,0.9905928473092301,0.004591678608385233,0.021920273190038933
3,0,0,0,0,30.628346273208713,0.10271435049473164,4.916575308466576,0.1,5.336036525072663,0.02,50.0,1928958438.6890814,0.001,0.021920273190038933,0.00605697314331163,0.09613721348870764,0.062203081654080894,90.23523319992144,0.004621181908686676,0.9905928473092301,0.004591678608385233,0.021920273190038933
3,0,0,0,0,30.628346273208713,0.10271435049473164,4.916575308466576,0.1,5.336036525072663,0.02,50.0,1928958438.6890814,0.001,0.021920273190038933,0.00605697314331163,0.09613721348870764,0.062203081654080894,90.23523319992144,0.004621181908686676,0.9905928473092301,0.004591678608385233,0.021920273190038933
3,0,0,0,0,30.628346273208713,0.10271435049473164,4.916575308466576,0.1,5.336036525072663,0.02,50.0,1928958438.6890814,0.001,0.021920273190038933,0.00605697314331163,0.09613721348870764,0.062203081654080894,90.23523319992144,0.004621181908686676,0.9905928473092301,0.004591678608385233,0.021920273190038933
3,0,0,0,0,30.628346273208713,0.10271435049473164,4.916575308466576,0.1,5.336036525072663,0.02,50.0,1928958438.6890814,0.001,0.021920273190038933,0.00605697314331163,0.09613721348870764,0.062203081654080894,90.23523319992144,0.004621181908686676,0.9905928473092301,0.004591678608385233,0.021920273190038933
3,0,0,0,0,30.628346273208713,0.10271435049473164,4.916575308466576,0.1,5.336036525072663,0.02,50.0,1928958438.6890814,0.001,0.021920273190038933,0.00605697314331163,0.09613721348870764,0.062203081654080894,90.23523319992144,0.004621181908686676,0.9905928473092301,0.004591678608385233,0.021920273190038933
3,0,0,0,0,30.628346273208713,0.10271435049473164,4.916575308466576,0.1,5.336036525072663,0.02,50.0,1928958438.6890814,0.001,0.021920273190038933,0.00605697314331163,0.09613721348870764,0.062203081654080894,90.23523319992144,0.004621181908686676,0.9905928473092301,0.004591678608385233,0.021920273190038933
3,0,0,0,0,30.628346273208713,0.10271435049473164,4.916575308466576,0.1,5.336036525072663,0.02,50.0,1928958438.6890814,0.001,0.021920273190038933,0.00605697314331163,0.09613721348870764,0.062203081654080894,90.23523319992144,0.004621181908686676,0.9905928473092301,0.004591678608385233,0.021920273190038933
3,0,0,0,0,30.628346273208713,0.10271435049473164,4.916575308466576,0.1,5.336036525072663,0.02,50.0,1928958438.6890814,0.001,0.021920273190038933,0.00605697314331163,0.09613721348870764,0.062203081654080894,90.23523319992144,0.004621181908686676,0.9905928473092301,0.004591678608385233,0.021920273190038933
3,0,0,0,0,30.628346273208713,0.10271435049473164,4.916575308466576,0.1,5.336036525072663,0.02,50.0,1928958438.6890814,0.001,0.021920273190038933,0.00605697314331163,0.09613721348870764,0.062203081654080894,90.23523319992144,0.004621181908686676,0.9905928473092301,0.004591678608385233,0.021920273190038933
3,0,0,0,0,30.628346273208713,0.10271435049473164,4.916575308466576,0.1,5.336036525072663,0.02,50.0,1928958438.6890814,0.001,0.021920273190038933,0.00605697314331163,0.09613721348870764,0.062203081654080894,90.23523319992144,0.004621181908686676,0.9905928473092301,0.004591678608385233,0.021920273190038933
3,0,0,0,0,30.628346273208713,0.10271435049473164,4.916575308466576,0.1,5.336036525072663,0.02,50.0,1928958438.6890814,0.001,0.021920273190038933,0.00605697314331163,0.09613721348870764,0.062203081654080894,90.23523319992144,0.004621181908686676,0.9905928473092301,0.004591678608385233,0.021920273190038933
3,0,0,0,0,30.628346273208713,0.10271435049473164,4.916575308466576,0.1,5.336036525072663,0.02,50.0,1928958438.6890814,0.001,0.021920273190038933,0.00605697314331163,0.09613721348870764,0.062203081654080894,90.23523319992144,0.004621181908686676,0.9905928473092301,0.004591678608385233,0.021920273190038933
3,0,0,0,0,30.628346273208713,0.10271435049473164,4.916575308466576,0.1,5.336036525072663,0.02,50.0,1928958438.6890814,0.001,0.021920273190038933,0.00605697314331163,0.09613721348870764,0.062203081654080894,90.23523319992144,0.004621181908686676,0.9905928473092301,0.004591678608385233,0.021920273190038933
3,0,0,0,0,30.628346273208713,0.10271435049473164,4.916575308466576,0.1,5.336036525072663,0.02,50.0,1928958438.6890814,0.001,0.021920273190038933,0.00605697314331163,0.09613721348870764,0.062203081654080894,90.23523319992144,0.004621181908686676,0.9905928473092301,0.004591678608385233,0.021920273190038933
3,0,0,0,0,30.628346273208713,0.10271435049473164,4.916575308466576,0.1,5.336036525072663,0.02,50.0,1928958438.6890814,0.001,0.021920273190038933,0.00605697314331163,0.09613721348870764,0.062203081654080894,90.23523319992144,0.004621181908686676,0.9905928473092301,0.004591678608385233,0.021920273190038933
3,0,0,0,0,30.628346273208713,0.10271435049473164,4.916575308466576,0.1,5.336036525072663,0.02,50.0,1928958438.6890814,0.001,0.021920273190038933,0.00605697314331163,0.09613721348870764,0.062203081654080894,90.23523319992144,0.004621181908686676,0.9905928473092301,0.004591678608385233,0.021920273190038933
3,0,0,0,0,30.628346273208713,0.10271435049473164,4.916575308466576,0.1,5.336036525072663,0.02,50.0,1928958438.6890814,0.001,0.021920273190038933,0.00605697314331163,0.09613721348870764,0.062203081654080894,90.23523319992144,0.004621181908686676,0.9905928473092301,0.004591678608385233,0.021920273190038933
3,0,0,0,0,30.628346273208713,0.10271435049473164,4.916575308466576,0.1,5.336036525072663,0.02,50.0,1928958438.6890814,0.001,0.021920273190038933,0.00605697314331163,0.09613721348870764,0.062203081654080894,90.23523319992144,0.004621181908686676,0.9905928473092301,0.004591678608385233,0.021920273190038933
3,0,0,0,0,30.628346273208713,0.10271435049473164,4.916575308466576,0.1,5.336036525072663,0.02,50.0,1928958438.6890814,0.001,0.021920273190038933,0.00605697314331163,0.09613721348870764,0.062203081654080894,90.23523319992144,0.004621181908686676,0.9905928473092301,0.004591678608385233,0.021920273190038933
3,0,0,0,0,30.628346273208713,0.10271435049473164,4.916575308466576,0.1,5.336036525072663,0.02,50.0,1928958438.6890814,0.001,0.021920273190038933,0.00605697314331163,0.09613721348870764,0.062203081654080894,90.23523319992144,0.004621181908686676,0.9905928473092301,0.004591678608385233,0.021920273190038933
3,0,0,0,0,30.628346273208713,0.10271435049473164,4.916575308466576,0.1,5.336036525072663,0.02,50.0,1928958438.6890814,0.001,0.021920273190038933,0.00605697314331163,0.09613721348870764,0.062203081654080894,90.23523319992144,0.004621181908686676,0.9905928473092301,0.004591678608385233,0.021920273190038933
3,0,0,0,0,30.628346273208713,0.10271435049473164,4.916575308466576,0.1,5.336036525072663,0.02,50.0,1928958438.6890814,0.001,0.021920273190038933,0.00605697314331163,0.09613721348870764,0.062203081654080894,90.23523319992144,0.004621181908686676,0.9905928473092301,0.004591678608385233,0.021920273190038933
3,0,0,0,0,30.628346273208713,0.10271435049473164,4.916575308466576,0.1,5.336036525072663,0.02,50.0,1928958438.6890814,0.001,0.021920273190038933,0.00605697314331163,0.09613721348870764,0.062203081654080894,90.23523319992144,0.004621181908686676,0.9905928473092301,0.004591678608385233,0.021920273190038933
3,0,0,0,0,30.628346273208713,0.10271435049473164,4.916575308466576,0.1,5.336036525072663,0.02,50.0,1928958438.6890814,0.001,0.021920273190038933,0.00605697314331163,0.09613721348870764,0.062203081654080894,90.23523319992144,0.004621181908686676,0.9905928473092301,0.004591678608385233,0.021920273190038933
3,0,0,0,0,30.628346273208713,0.10271435049473164,4.916575308466576,0.1,5.336036525072663,0.02,50.0,1928958438.6890814,0.001,0.021920273190038933,0.00605697314331163,0.09613721348870764,0.062203081654080894,90.23523319992144,0.004621181908686676,0.9905928473092301,0.004591678608385233,0.021920273190038933
3,0,0,0,0,30.628346273208713,0.10271435049473164,4.916575308466576,0.1,5.336036525072663,0.02,50.0,1928958438.6890814,0.001,0.021920273190038933,0.00605697314331163,0.09613721348870764,0.062203081654080894,90.23523319992144,0.004621181908686676,0.9905928473092301,0.004591678608385233,0.021920273190038933
3,0,0,0,0,30.628346273208713,0.10271435049473164,4.916575308466576,0.1,5.336036525072663,0.02,50.0,1928958438.6890814,0.001,0.021920273190038933,0.00605697314331163,0.09613721348870764,0.062203081654080894,90.23523319992144,0.004621181908686676,0.9905928473092301,0.004591678608385233,0.021920273190038933
3,0,0,0,0,30.628346273208713,0.10271435049473164,4.916575308466576,0.1,5.336036525072663,0.02,50.0,1928958438.6890814,0.001,0.021920273190038933,0.00605697314331163,0.09613721348870764,0.062203081654080894,90.23523319992144,0.004621181908686676,0.9905928473092301,0.004591678608385233,0.021920273190038933
3,0,0,0,0,30.628346273208713,0.10271435049473164,4.916575308466576,0.1,5.336036525072663,0.02,50.0,1928958438.6890814,0.001,0.021920273190038933,0.00605697314331163,0.09613721348870764,0.062203081654080894,90.23523319992144,0.004621181908686676,0.9905928473092301,0.004591678608385233,0.021920273190038933
3,0,0,0,0,30.628346273208713,0.10271435049473164,4.916575308466576,0.1,5.336036525072663,0.02,50.0,1928958438.6890814,0.001,0.021920273190038933,0.00605697314331163,0.09613721348870764,0.062203081654080894,90.23523319992144,0.004621181908686676,0.9905928473092301,0.004591678608385233,0.021920273190038933
3,0,0,0,0,30.628346273208713,0.10271435049473164,4.916575308466576,0.1,5.336036525072663,0.02,50.0,1928958438.6890814,0.001,0.021920273190038933,0.00605697314331163,0.09613721348870764,0.062203081654080894,90.23523319992144,0.004621181908686676,0.9905928473092301,0.004591678608385233,0.021920273190038933
3,0,0,0,0,30.628346273208713,0.10271435049473164,4.916575308466576,0.1,5.336036525072663,0.02,50.0,1928958438.6890814,0.001,0.021920273190038933,0.00605697314331163,0.09613721348870764,0.062203081654080894,90.23523319992144,0.004621181908686676,0.9905928473092301,0.004591678608385233,0.021920273190038933
3,0,0,0,0,30.628346273208713,0.10271435049473164,4.916575308466576,0.1,5.336036525072663,0.02,50.0,1928958438.6890814,0.001,0.021920273190038933,0.00605697314331163,0.09613721348870764,0.062203081654080894,90.23523319992144,0.004621181908686676,0.9905928473092301,0.004591678608385233,0.021920273190038933
3,0,0,0,0,30.628346273208713,0.10271435049473164,4.916575308466576,0.1,5.336036525072663,0.02,50.0,1928958438.6890814,0.001,0.021920273190038933,0.00605697314331163,0.09613721348870764,0.062203081654080894,90.23523319992144,0.004621181908686676,0.9905928473092301,0.004591678608385233,0.021920273190038933
3,0,0,0,0,30.628346273208713,0.10271435049473164,4.916575308466576,0.1,5.336036525072663,0.02,50.0,1928958438.6890814,0.001,0.021920273190038933,0.00605697314331163,0.09613721348870764,0.062203081654080894,90.23523319992144,0.004621181908686676,0.9905928473092301,0.004591678608385233,0.021920273190038933
3,0,0,0,0,30.628346273208713,0.10271435049473164,4.916575308466576,0.1,5.336036525072663,0.02,50.0,1928958438.6890814,0.001,0.021920273190038933,0.00605697314331163,0.09613721348870764,0.062203081654080894,90.23523319992144,0.004621181908686676,0.9905928473092301,0.004591678608385233,0.021920273190038933
3,0,0,0,0,30.628346273208713,0.10271435049473164,4.916575308466576,0.1,5.336036525072663,0.02,50.0,1928958438.6890814,0.001,0.021920273190038933,0.00605697314331163,0.09613721348870764,0.062203081654080894,90.23523319992144,0.004621181908686676,0.9905928473092301,0.004591678608385233,0.021920273190038933
3,0,0,0,0,30.628346273208713,0.10271435049473164,4.916575308466576,0.1,5.336036525072663,0.02,50.0,1928958438.6890814,0.001,0.021920273190038933,0.00605697314331163,0.09613721348870764,0.062203081654080894,90.23523319992144,0.004621181908686676,0.9905928473092301,0.004591678608385233,0.021920273190038933
3,0,0,0,0,30.628346273208713,0.10271435049473164,4.916575308466576,0.1,5.336036525072663,0.02,50.0,1928958438.6890814,0.001,0.021920273190038933,0.00605697314331163,0.09613721348870764,0.062203081654080894,90.23523319992144,0.004621181908686676,0.9905928473092301,0.004591678608385233,0.021920273190038933
3,0,0,0,0,30.628346273208713,0.10271435049473164,4.916575308466576,0.1,5.336036525072663,0.02,50.0,1928958438.6890814,0.001,0.021920273190038933,0.00605697314331163,0.09613721348870764,0.062203081654080894,90.23523319992144,0.004621181908686676,0.9905928473092301,0.004591678608385233,0.021920273190038933
3,0,0,0,0,30.628346273208713,0.10271435049473164,4.916575308466576,0.1,5.336036525072663,0.02,50.0,1928958438.6890814,0.001,0.021920273190038933,0.00605697314331163,0.09613721348870764,0.062203081654080894,90.23523319992144,0.004621181908686676,0.9905928473092301,0.004591678608385233,0.021920273190038933
3,0,0,0,0,30.628346273208713,0.10271435049473164,4.916575308466576,0.1,5.336036525072663,0.02,50.0,1928958438.6890814,0.001,0.021920273190038933,0.00605697314331163,0.09613721348870764,0.062203081654080894,90.23523319992144,0.004621181908686676,0.9905928473092301,0.004591678608385233,0.021920273190038933
3,0,0,0,0,30.628346273208713,0.10271435049473164,4.916575308466576,0.1,5.336036525072663,0.02,50.0,1928958438.6890814,0.001,0.021920273190038933,0.00605697314331163,0.09613721348870764,0.062203081654080894,90.23523319992144,0.004621181908686676,0.9905928473092301,0.004591678608385233,0.021920273190038933
3,0,0,0,0,30.628346273208713,0.10271435049473164,4.916575308466576,0.1,5.336036525072663,0.02,50.0,1928958438.6890814,0.001,0.021920273190038933,0.00605697314331163,0.09613721348870764,0.062203081654080894,90.23523319992144,0.004621181908686676,0.9905928473092301,0.004591678608385233,0.021920273190038933
3,0,0,0,0,30.628346273208713,0.10271435049473164,4.916575308466576,0.1,5.336036525072663,0.02,50.0,1928958438.6890814,0.001,0.021920273190038933,0.00605697314331163,0.09613721348870764,0.062203081654080894,90.23523319992144,0.004621181908686676,0.9905928473092301,0.004591678608385233,0.021920273190038933
3,0,0,0,0,30.628346273208713,0.10271435049473164,4.916575308466576,0.1,5.336036525072663,0.02,50.0,1928958438.6890814,0.001,0.021920273190038933,0.00605697314331163,0.09613721348870764,0.062203081654080894,90.23523319992144,0.004621181908686676,0.9905928473092301,0.004591678608385233,0.021920273190038933
3,0,0,0,0,30.628346273208713,0.10271435049473164,4.916575308466576,0.1,5.336036525072663,0.02,50.0,1928958438.6890814,0.001,0.021920273190038933,0.00605697314331163,0.09613721348870764,0.062203081654080894,90.23523319992144,0.004621181908686676,0.9905928473092301,0.004591678608385233,0.021920273190038933
3,0,0,0,0,30.628346273208713,0.10271435049473164,4.916575308466576,0.1,5.336036525072663,0.02,50.0,1928958438.6890814,0.001,0.021920273190038933,0.00605697314331163,0.09613721348870764,0.062203081654080894,90.23523319992144,0.004621181908686676,0.9905928473092301,0.004591678608385233,0.021920273190038933
3,0,0,0,0,30.628346273208713,0.10271435049473164,4.916575308466576,0.1,5.336036525072663,0.02,50.0,1928958438.6890814,0.001,0.021920273190038933,0.00605697314331163,0.09613721348870764,0.062203081654080894,90.23523319992144,0.004621181908686676,0.9905928473092301,0.004591678608385233,0.021920273190038933
3,0,0,0,0,30.628346273208713,0.10271435049473164,4.916575308466576,0.1,5.336036525072663,0.02,50.0,1928958438.6890814,0.001,0.021920273190038933,0.00605697314331163,0.09613721348870764,0.062203081654080894,90.23523319992144,0.004621181908686676,0.9905928473092301,0.004591678608385233,0.021920273190038933
3,0,0,0,0,30.628346273208713,0.10271435049473164,4.916575308466576,0.1,5.336036525072663,0.02,50.0,1928958438.6890814,0.001,0.021920273190038933,0.00605697314331163,0.09613721348870764,0.062203081654080894,90.23523319992144,0.004621181908686676,0.9905928473092301,0.004591678608385233,0.021920273190038933
3,0,0,0,0,30.628346273208713,0.10271435049473164,4.916575308466576,0.1,5.336036525072663,0.02,50.0,1928958438.6890814,0.001,0.021920273190038933,0.00605697314331163,0.09613721348870764,0.062203081654080894,90.23523319992144,0.004621181908686676,0.9905928473092301,0.004591678608385233,0.021920273190038933
3,0,0,0,0,30.628346273208713,0.10271435049473164,4.916575308466576,0.1,5.336036525072663,0.02,50.0,1928958438.6890814,0.001,0.021920273190038933,0.00605697314331163,0.09613721348870764,0.062203081654080894,90.23523319992144,0.004621181908686676,0.9905928473092301,0.004591678608385233,0.021920273190038933
3,0,0,0,0,30.628346273208713,0.10271435049473164,4.916575308466576,0.1,5.336036525072663,0.02,50.0,1928958438.6890814,0.001,0.021920273190038933,0.00605697314331163,0.09613721348870764,0.062203081654080894,90.23523319992144,0.004621181908686676,0.9905928473092301,0.004591678608385233,0.021920273190038933
3,0,0,0,0,30.628346273208713,0.10271435049473164,4.916575308466576,0.1,5.336036525072663,0.02,50.0,1928958438.6890814,0.001,0.021920273190038933,0.00605697314331163,0.09613721348870764,0.062203081654080894,90.23523319992144,0.004621181908686676,0.9905928473092301,0.004591678608385233,0.021920273190038933
3,0,0,0,0,30.628346273208713,0.10271435049473164,4.916575308466576,0.1,5.336036525072663,0.02,50.0,1928958438.6890814,0.001,0.021920273190038933,0.00605697314331163,0.09613721348870764,0.062203081654080894,90.23523319992144,0.004621181908686676,0.9905928473092301,0.004591678608385233,0.021920273190038933
3,0,0,0,0,30.628346273208713,0.10271435049473164,4.916575308466576,0.1,5.336036525072663,0.02,50.0,1928958438.6890814,0.001,0.021920273190038933,0.00605697314331163,0.09613721348870764,0.062203081654080894,90.23523319992144,0.004621181908686676,0.9905928473092301,0.004591678608385233,0.021920273190038933
3,0,0,0,0,30.628346273208713,0.10271435049473164,4.916575308466576,0.1,5.336036525072663,0.02,50.0,1928958438.6890814,0.001,0.021920273190038933,0.00605697314331163,0.09613721348870764,0.062203081654080894,90.23523319992144,0.004621181908686676,0.9905928473092301,0.004591678608385233,0.021920273190038933
3,0,0,0,0,30.628346273208713,0.10271435049473164,4.916575308466576,0.1,5.336036525072663,0.02,50.0,1928958438.6890814,0.001,0.021920273190038933,0.00605697314331163,0.09613721348870764,0.062203081654080894,90.23523319992144,0.004621181908686676,0.9905928473092301,0.004591678608385233,0.021920273190038933
3,0,0,0,0,30.628346273208713,0.10271435049473164,4.916575308466576,0.1,5.336036525072663,0.02,50.0,1928958438.6890814,0.001,0.021920273190038933,0.00605697314331163,0.09613721348870764,0.062203081654080894,90.23523319992144,0.004621181908686676,0.9905928473092301,0.004591678608385233,0.021920273190038933
3,0,0,0,0,30.628346273208713,0.10271435049473164,4.916575308466576,0.1,5.336036525072663,0.02,50.0,1928958438.6890814,0.001,0.021920273190038933,0.00605697314331163,0.09613721348870764,0.062203081654080894,90.23523319992144,0.004621181908686676,0.9905928473092301,0.004591678608385233,0.021920273190038933
3,0,0,0,0,30.628346273208713,0.10271435049473164,4.916575308466576,0.1,5.336036525072663,0.02,50.0,1928958438.6890814,0.001,0.021920273190038933,0.00605697314331163,0.09613721348870764,0.062203081654080894,90.23523319992144,0.004621181908686676,0.9905928473092301,0.004591678608385233,0.021920273190038933
3,0,0,0,0,30.628346273208713,0.10271435049473164,4.916575308466576,0.1,5.336036525072663,0.02,50.0,1928958438.6890814,0.001,0.021920273190038933,0.00605697314331163,0.09613721348870764,0.062203081654080894,90.23523319992144,0.004621181908686676,0.9905928473092301,0.004591678608385233,0.021920273190038933
3,0,0,0,0,30.628346273208713,0.10271435049473164,4.916575308466576,0.1,5.336036525072663,0.02,50.0,1928958438.6890814,0.001,0.021920273190038933,0.00605697314331163,0.09613721348870764,0.062203081654080894,90.23523319992144,0.004621181908686676,0.9905928473092301,0.004591678608385233,0.021920273190038933
3,0,0,0,0,30.628346273208713,0.10271435049473164,4.916575308466576,0.1,5.336036525072663,0.02,50.0,1928958438.6890814,0.001,0.021920273190038933,0.00605697314331163,0.09613721348870764,0.062203081654080894,90.23523319992144,0.004621181908686676,0.9905928473092301,0.004591678608385233,0.021920273190038933
3,0,0,0,0,30.628346273208713,0.10271435049473164,4.916575308466576,0.1,5.336036525072663,0.02,50.0,1928958438.6890814,0.001,0.021920273190038933,0.00605697314331163,0.09613721348870764,0.062203081654080894,90.23523319992144,0.004621181908686676,0.9905928473092301,0.004591678608385233,0.021920273190038933
3,0,0,0,0,30.628346273208713,0.10271435049473164,4.916575308466576,0.1,5.336036525072663,0.02,50.0,1928958438.6890814,0.001,0.021920273190038933,0.00605697314331163,0.09613721348870764,0.062203081654080894,90.23523319992144,0.004621181908686676,0.9905928473092301,0.004591678608385233,0.021920273190038933
3,0,0,0,0,30.628346273208713,0.10271435049473164,4.916575308466576,0.1,5.336036525072663,0.02,50.0,1928958438.6890814,0.001,0.021920273190038933,0.00605697314331163,0.09613721348870764,0.062203081654080894,90.23523319992144,0.004621181908686676,0.9905928473092301,0.004591678608385233,0.021920273190038933
3,0,0,0,0,30.628346273208713,0.10271435049473164,4.916575308466576,0.1,5.336036525072663,0.02,50.0,1928958438.6890814,0.001,0.021920273190038933,0.00605697314331163,0.09613721348870764,0.062203081654080894,90.23523319992144,0.004621181908686676,0.9905928473092301,0.004591678608385233,0.021920273190038933
3,0,0,0,0,30.628346273208713,0.10271435049473164,4.916575308466576,0.1,5.336036525072663,0.02,50.0,1928958438.6890814,0.001,0.021920273190038933,0.00605697314331163,0.09613721348870764,0.062203081654080894,90.23523319992144,0.004621181908686676,0.9905928473092301,0.004591678608385233,0.021920273190038933
3,0,0,0,0,30.628346273208713,0.10271435049473164,4.916575308466576,0.1,5.336036525072663,0.02,50.0,1928958438.6890814,0.001,0.021920273190038933,0.00605697314331163,0.09613721348870764,0.062203081654080894,90.23523319992144,0.004621181908686676,0.9905928473092301,0.004591678608385233,0.021920273190038933
3,0,0,0,0,30.628346273208713,0.10271435049473164,4.916575308466576,0.1,5.336036525072663,0.02,50.0,1928958438.6890814,0.001,0.021920273190038933,0.00605697314331163,0.09613721348870764,0.062203081654080894,90.23523319992144,0.004621181908686676,0.9905928473092301,0.004591678608385233,0.021920273190038933
3,0,0,0,0,30.628346273208713,0.10271435049473164,4.916575308466576,0.1,5.336036525072663,0.02,50.0,1928958438.6890814,0.001,0.021920273190038933,0.00605697314331163,0.09613721348870764,0.062203081654080894,90.23523319992144,0.004621181908686676,0.9905928473092301,0.004591678608385233,0.021920273190038933
3,0,0,0,0,30.628346273208713,0.10271435049473164,4.916575308466576,0.1,5.336036525072663,0.02,50.0,1928958438.6890814,0.001,0.021920273190038933,0.00605697314331163,0.09613721348870764,0.062203081654080894,90.23523319992144,0.004621181908686676,0.9905928473092301,0.004591678608385233,0.021920273190038933
3,0,0,0,0,30.628346273208713,0.10271435049473164,4.916575308466576,0.1,5.336036525072663,0.02,50.0,1928958438.6890814,0.001,0.021920273190038933,0.00605697314331163,0.09613721348870764,0.062203081654080894,90.23523319992144,0.004621181908686676,0.9905928473092301,0.004591678608385233,0.021920273190038933
3,0,0,0,0,30.628346273208713,0.10271435049473164,4.916575308466576,0.1,5.336036525072663,0.02,50.0,1928958438.6890814,0.001,0.021920273190038933,0.00605697314331163,0.09613721348870764,0.062203081654080894,90.23523319992144,0.004621181908686676,0.9905928473092301,0.004591678608385233,0.021920273190038933
3,0,0,0,0,30.628346273208713,0.10271435049473164,4.916575308466576,0.1,5.336036525072663,0.02,50.0,1928958438.6890814,0.001,0.021920273190038933,0.00605697314331163,0.09613721348870764,0.062203081654080894,90.23523319992144,0.004621181908686676,0.9905928473092301,0.004591678608385233,0.021920273190038933
3,0,0,0,0,30.628346273208713,0.10271435049473164,4.916575308466576,0.1,5.336036525072663,0.02,50.0,1928958438.6890814,0.001,0.021920273190038933,0.00605697314331163,0.09613721348870764,0.062203081654080894,90.23523319992144,0.004621181908686676,0.9905928473092301,0.004591678608385233,0.021920273190038933
3,0,0,0,0,30.588772112161955,0.10275587127926983,4.916575308466576,0.1,4.862914793598462,0.02,50.0,1928160514.5714707,0.001,0.021920664188534632,0.006075399946810075,0.09617615418606784,0.062316141775653935,89.64292603840174,0.004624926317011148,0.9905401615836591,0.004595420297255619,0.021920664188534632
3,0,0,0,0,30.588772112161955,0.10275587127926983,4.916575308466576,0.1,4.862914793598462,0.02,50.0,1928160514.5714707,0.001,0.021920664188534632,0.006075399946810075,0.09617615418606784,0.062316141775653935,89.64292603840174,0.004624926317011148,0.9905401615836591,0.004595420297255619,0.021920664188534632
3,0,0,0,0,30.588772112161955,0.10275587127926983,4.916575308466576,0.1,4.862914793598462,0.02,50.0,1928160514.5714707,0.001,0.021920664188534632,0.006075399946810075,0.09617615418606784,0.062316141775653935,89.64292603840174,0.004624926317011148,0.9905401615836591,0.004595420297255619,0.021920664188534632
3,0,0,0,0,30.588772112161955,0.10275587127926983,4.916575308466576,0.1,4.862914793598462,0.02,50.0,1928160514.5714707,0.001,0.021920664188534632,0.006075399946810075,0.09617615418606784,0.062316141775653935,89.64292603840174,0.004624926317011148,0.9905401615836591,0.004595420297255619,0.021920664188534632
3,0,0,0,0,30.588772112161955,0.10275587127926983,4.916575308466576,0.1,4.862914793598462,0.02,50.0,1928160514.5714707,0.001,0.021920664188534632,0.006075399946810075,0.09617615418606784,0.062316141775653935,89.64292603840174,0.004624926317011148,0.9905401615836591,0.004595420297255619,0.021920664188534632
3,0,0,0,0,30.588772112161955,0.10276743852770891,4.916575308466576,0.1,4.862914793598462,0.02,50.0,1928160514.5714707,0.001,0.0219295685899058,0.006079143870873278,0.09622889796777663,0.062355845504411145,89.66532440427592,0.004630000402046383,0.9905395213685306,0.00460036861705612,0.0219295685899058
3,0,0,0,0,30.588772112161955,0.10276743852770891,4.916575308466576,0.1,4.862914793598462,0.02,50.0,1928160514.5714707,0.001,0.0219295685899058,0.006079143870873278,0.09622889796777663,0.062355845504411145,89.66532440427592,0.004630000402046383,0.9905395213685306,0.00460036861705612,0.0219295685899058
3,0,0,0,0,30.588772112161955,0.10276743852770891,4.916575308466576,0.1,4.862914793598462,0.02,50.0,1928160514.5714707,0.001,0.0219295685899058,0.006079143870873278,0.09622889796777663,0.062355845504411145,89.66532440427592,0.004630000402046383,0.9905395213685306,0.00460036861705612,0.0219295685899058
3,0,0,0,0,30.588772112161955,0.10276743852770891,4.916575308466576,0.1,4.862914793598462,0.02,50.0,1928160514.5714707,0.001,0.0219295685899058,0.006079143870873278,0.09622889796777663,0.062355845504411145,89.66532440427592,0.004630000402046383,0.9905395213685306,0.00460036861705612,0.0219295685899058
3,0,0,0,0,30.588772112161955,0.10275587127926983,4.909216574575224,0.1,6.186088466932819,0.02,50.0,1926035175.4819875,0.001,0.02193700040355049,0.006028491785929668,0.09604275096821328,0.06203023652037501,91.02138932427474,0.004612105006771117,0.990666605729367,0.004582669624856782,0.02193700040355049
3,0,0,0,0,30.588772112161955,0.10275587127926983,4.909216574575224,0.1,6.186088466932819,0.02,50.0,1926035175.4819875,0.001,0.02193700040355049,0.006028491785929668,0.09604275096821328,0.06203023652037501,91.02138932427474,0.004612105006771117,0.990666605729367,0.004582669624856782,0.02193700040355049
3,0,0,0,0,30.588772112161955,0.10275587127926983,4.909216574575224,0.1,6.186088466932819,0.02,50.0,1926035175.4819875,0.001,0.02193700040355049,0.006028491785929668,0.09604275096821328,0.06203023652037501,91.02138932427474,0.004612105006771117,0.990666605729367,0.004582669624856782,0.02193700040355049
3,0,0,0,0,30.588772112161955,0.10275587127926983,4.909216574575224,0.1,6.186088466932819,0.02,50.0,1926035175.4819875,0.001,0.02193700040355049,0.006028491785929668,0.09604275096821328,0.06203023652037501,91.02138932427474,0.004612105006771117,0.990666605729367,0.004582669624856782,0.02193700040355049
3,0,0,0,0,30.588772112161955,0.10275587127926983,4.909216574575224,0.1,6.186088466932819,0.02,50.0,1926035175.4819875,0.001,0.02193700040355049,0.006028491785929668,0.09604275096821328,0.06203023652037501,91.02138932427474,0.004612105006771117,0.990666605729367,0.004582669624856782,0.02193700040355049
3,0,0,0,0,30.588772112161955,0.10275587127926983,4.909216574575224,0.1,6.186088466932819,0.02,50.0,1926035175.4819875,0.001,0.02193700040355049,0.006028491785929668,0.09604275096821328,0.06203023652037501,91.02138932427474,0.004612105006771117,0.990666605729367,0.004582669624856782,0.02193700040355049
3,0,0,0,0,30.588772112161955,0.10275587127926983,4.909216574575224,0.1,6.186088466932819,0.02,50.0,1926035175.4819875,0.001,0.02193700040355049,0.006028491785929668,0.09604275096821328,0.06203023652037501,91.02138932427474,0.004612105006771117,0.990666605729367,0.004582669624856782,0.02193700040355049
3,0,0,0,0,30.588772112161955,0.10275587127926983,4.909216574575224,0.1,6.186088466932819,0.02,50.0,1926035175.4819875,0.001,0.02193700040355049,0.006028491785929668,0.09604275096821328,0.06203023652037501,91.02138932427474,0.004612105006771117,0.990666605729367,0.004582669624856782,0.02193700040355049
3,0,0,0,0,30.588772112161955,0.10275587127926983,4.909216574575224,0.1,6.186088466932819,0.02,50.0,1926035175.4819875,0.001,0.02193700040355049,0.006028491785929668,0.09604275096821328,0.06203023652037501,91.02138932427474,0.004612105006771117,0.990666605729367,0.004582669624856782,0.02193700040355049
3,0,0,0,0,30.588772112161955,0.10275587127926983,4.909216574575224,0.1,6.186088466932819,0.02,50.0,1926035175.4819875,0.001,0.02193700040355049,0.006028491785929668,0.09604275096821328,0.06203023652037501,91.02138932427474,0.004612105006771117,0.990666605729367,0.004582669624856782,0.02193700040355049
3,0,0,0,0,30.588772112161955,0.10275587127926983,4.909216574575224,0.1,6.186088466932819,0.02,50.0,1926035175.4819875,0.001,0.02193700040355049,0.006028491785929668,0.09604275096821328,0.06203023652037501,91.02138932427474,0.004612105006771117,0.990666605729367,0.004582669624856782,0.02193700040355049
3,0,0,0,0,30.588772112161955,0.10275587127926983,4.909216574575224,0.1,6.186088466932819,0.02,50.0,1926035175.4819875,0.001,0.02193700040355049,0.006028491785929668,0.09604275096821328,0.06203023652037501,91.02138932427474,0.004612105006771117,0.990666605729367,0.004582669624856782,0.02193700040355049
3,0,0,0,0,30.588772112161955,0.10275587127926983,4.909216574575224,0.1,6.186088466932819,0.02,50.0,1926035175.4819875,0.001,0.02193700040355049,0.006028491785929668,0.09604275096821328,0.06203023652037501,91.02138932427474,0.004612105006771117,0.990666605729367,0.004582669624856782,0.02193700040355049
3,0,0,0,0,30.588772112161955,0.10275587127926983,4.909216574575224,0.1,6.186088466932819,0.02,50.0,1926035175.4819875,0.001,0.02193700040355049,0.006028491785929668,0.09604275096821328,0.06203023652037501,91.02138932427474,0.004612105006771117,0.990666605729367,0.004582669624856782,0.02193700040355049
3,0,0,0,0,30.588772112161955,0.10273829018338289,4.909216574575224,0.1,6.313640959835816,0.02,50.0,1927517877.7624903,0.001,0.021937776147700934,0.006025083028595259,0.09603387070723812,0.062007464289114675,91.1899432012543,0.004611252161507264,0.9906759782815328,0.004581822279566616,0.021937776147700934
3,0,0,0,0,30.588772112161955,0.10273829018338289,4.909216574575224,0.1,6.313640959835816,0.02,50.0,1927517877.7624903,0.001,0.021937776147700934,0.006025083028595259,0.09603387070723812,0.062007464289114675,91.1899432012543,0.004611252161507264,0.9906759782815328,0.004581822279566616,0.021937776147700934
3,0,0,0,0,30.588772112161955,0.10275587127926983,4.909216574575224,0.1,4.913726096499906,0.02,50.0,1927860405.390303,0.001,0.0219385229051905,0.006069828405995293,0.0961243476437554,0.06228935457200717,89.71798007070105,0.004619945104968772,0.9905471105582762,0.00459051489274115,0.0219385229051905
3,0,0,0,0,30.588772112161955,0.10275587127926983,4.909216574575224,0.1,4.913726096499906,0.02,50.0,1927860405.390303,0.001,0.0219385229051905,0.006069828405995293,0.0961243476437554,0.06228935457200717,89.71798007070105,0.004619945104968772,0.9905471105582762,0.00459051489274115,0.0219385229051905
3,0,0,0,0,30.588772112161955,0.10275587127926983,4.909216574575224,0.1,4.913726096499906,0.02,50.0,1927860405.390303,0.001,0.0219385229051905,0.006069828405995293,0.0961243476437554,0.06228935457200717,89.71798007070105,0.004619945104968772,0.9905471105582762,0.00459051489274115,0.0219385229051905
3,0,0,0,0,30.588772112161955,0.10275587127926983,4.909216574575224,0.1,4.913726096499906,0.02,50.0,1927860405.390303,0.001,0.0219385229051905,0.006069828405995293,0.0961243476437554,0.06228935457200717,89.71798007070105,0.004619945104968772,0.9905471105582762,0.00459051489274115,0.0219385229051905
3,0,0,0,0,30.588772112161955,0.10275587127926983,4.909216574575224,0.1,4.913726096499906,0.02,50.0,1927860405.390303,0.001,0.0219385229051905,0.006069828405995293,0.0961243476437554,0.06228935457200717,89.71798007070105,0.004619945104968772,0.9905471105582762,0.00459051489274115,0.0219385229051905
3,0,0,0,0,30.588772112161955,0.10275587127926983,4.909216574575224,0.1,4.913726096499906,0.02,50.0,1927860405.390303,0.001,0.0219385229051905,0.006069828405995293,0.0961243476437554,0.06228935457200717,89.71798007070105,0.004619945104968772,0.9905471105582762,0.00459051489274115,0.0219385229051905
3,0,0,0,0,30.588772112161955,0.10275587127926983,4.909216574575224,0.1,4.913726096499906,0.02,50.0,1927860405.390303,0.001,0.0219385229051905,0.006069828405995293,0.0961243476437554,0.06228935457200717,89.71798007070105,0.004619945104968772,0.9905471105582762,0.00459051489274115,0.0219385229051905
3,0,0,0,0,30.588772112161955,0.10275587127926983,4.909216574575224,0.1,4.913726096499906,0.02,50.0,1927860405.390303,0.001,0.0219385229051905,0.006069828405995293,0.0961243476437554,0.06228935457200717,89.71798007070105,0.004619945104968772,0.9905471105582762,0.00459051489274115,0.0219385229051905
3,0,0,0,0,30.588772112161955,0.10275587127926983,4.909216574575224,0.1,5.4048973258924295,0.02,50.0,1927860405.390303,0.001,0.021942498782574926,0.006053898787644818,0.0961229571147359,0.06220303156051853,90.30916504433063,0.004619811442240678,0.9905998974064122,0.004590292229690927,0.021942498782574926
3,0,0,0,0,30.588772112161955,0.10275587127926983,4.909216574575224,0.1,5.4048973258924295,0.02,50.0,1927860405.390303,0.001,0.021942498782574926,0.006053898787644818,0.0961229571147359,0.06220303156051853,90.30916504433063,0.004619811442240678,0.9905998974064122,0.004590292229690927,0.021942498782574926
3,0,0,0,0,30.588772112161955,0.10275587127926983,4.909216574575224,0.1,5.4048973258924295,0.02,50.0,1927860405.390303,0.001,0.021942498782574926,0.006053898787644818,0.0961229571147359,0.06220303156051853,90.30916504433063,0.004619811442240678,0.9905998974064122,0.004590292229690927,0.021942498782574926
3,0,0,0,0,30.588772112161955,0.10275587127926983,4.909216574575224,0.1,5.4048973258924295,0.02,50.0,1927860405.390303,0.001,0.021942498782574926,0.006053898787644818,0.0961229571147359,0.06220303156051853,90.30916504433063,0.004619811442240678,0.9905998974064122,0.004590292229690927,0.021942498782574926
3,0,0,0,0,30.588772112161955,0.10275587127926983,4.909216574575224,0.1,5.4048973258924295,0.02,50.0,1927860405.390303,0.001,0.021942498782574926,0.006053898787644818,0.0961229571147359,0.06220303156051853,90.30916504433063,0.004619811442240678,0.9905998974064122,0.004590292229690927,0.021942498782574926
3,0,0,0,0,30.588772112161955,0.10275587127926983,4.909216574575224,0.1,5.4048973258924295,0.02,50.0,1927860405.390303,0.001,0.021942498782574926,0.006053898787644818,0.0961229571147359,0.06220303156051853,90.30916504433063,0.004619811442240678,0.9905998974064122,0.004590292229690927,0.021942498782574926
3,0,0,0,0,30.588772112161955,0.10275587127926983,4.909216574575224,0.1,5.4048973258924295,0.02,50.0,1927860405.390303,0.001,0.021942498782574926,0.006053898787644818,0.0961229571147359,0.06220303156051853,90.30916504433063,0.004619811442240678,0.9905998974064122,0.004590292229690927,0.021942498782574926
3,0,0,0,0,30.588772112161955,0.10275587127926983,4.909216574575224,0.1,5.4048973258924295,0.02,50.0,1927860405.390303,0.001,0.021942498782574926,0.006053898787644818,0.0961229571147359,0.06220303156051853,90.30916504433063,0.004619811442240678,0.9905998974064122,0.004590292229690927,0.021942498782574926
3,0,0,0,0,30.588772112161955,0.10275587127926983,4.909216574575224,0.1,5.4048973258924295,0.02,50.0,1927860405.390303,0.001,0.021942498782574926,0.006053898787644818,0.0961229571147359,0.06220303156051853,90.30916504433063,0.004619811442240678,0.9905998974064122,0.004590292229690927,0.021942498782574926
3,0,0,0,0,30.588772112161955,0.10275587127926983,4.909216574575224,0.1,5.4048973258924295,0.02,50.0,1927860405.390303,0.001,0.021942498782574926,0.006053898787644818,0.0961229571147359,0.06220303156051853,90.30916504433063,0.004619811442240678,0.9905998974064122,0.004590292229690927,0.021942498782574926
3,0,0,0,0,30.588772112161955,0.10275587127926983,4.909216574575224,0.1,5.4048973258924295,0.02,50.0,1927860405.390303,0.001,0.021942498782574926,0.006053898787644818,0.0961229571147359,0.06220303156051853,90.30916504433063,0.004619811442240678,0.9905998974064122,0.004590292229690927,0.021942498782574926
3,0,0,0,0,30.588772112161955,0.10275587127926983,4.909216574575224,0.1,5.4048973258924295,0.02,50.0,1927860405.390303,0.001,0.021942498782574926,0.006053898787644818,0.0961229571147359,0.06220303156051853,90.30916504433063,0.004619811442240678,0.9905998974064122,0.004590292229690927,0.021942498782574926
3,0,0,0,0,30.588772112161955,0.10275587127926983,4.909216574575224,0.1,5.4048973258924295,0.02,50.0,1927860405.390303,0.001,0.021942498782574926,0.006053898787644818,0.0961229571147359,0.06220303156051853,90.30916504433063,0.004619811442240678,0.9905998974064122,0.004590292229690927,0.021942498782574926
3,0,0,0,0,30.588772112161955,0.10275587127926983,4.909216574575224,0.1,5.4048973258924295,0.02,50.0,1927860405.390303,0.001,0.021942498782574926,0.006053898787644818,0.0961229571147359,0.06220303156051853,90.30916504433063,0.004619811442240678,0.9905998974064122,0.004590292229690927,0.021942498782574926
3,0,0,0,0,30.588772112161955,0.10275587127926983,4.909216574575224,0.1,5.4048973258924295,0.02,50.0,1927860405.390303,0.001,0.021942498782574926,0.006053898787644818,0.0961229571147359,0.06220303156051853,90.30916504433063,0.004619811442240678,0.9905998974064122,0.004590292229690927,0.021942498782574926
3,0,0,0,0,30.588772112161955,0.10275587127926983,4.909216574575224,0.1,5.4048973258924295,0.02,50.0,1927860405.390303,0.001,0.021942498782574926,0.006053898787644818,0.0961229571147359,0.06220303156051853,90.30916504433063,0.004619811442240678,0.9905998974064122,0.004590292229690927,0.021942498782574926
3,0,0,0,0,30.588772112161955,0.10275587127926983,4.909216574575224,0.1,5.4048973258924295,0.02,50.0,1927860405.390303,0.001,0.021942498782574926,0.006053898787644818,0.0961229571147359,0.06220303156051853,90.30916504433063,0.004619811442240678,0.9905998974064122,0.004590292229690927,0.021942498782574926
3,0,0,0,0,30.588772112161955,0.10275587127926983,4.909216574575224,0.1,5.4048973258924295,0.02,50.0,1927860405.390303,0.001,0.021942498782574926,0.006053898787644818,0.0961229571147359,0.06220303156051853,90.30916504433063,0.004619811442240678,0.9905998974064122,0.004590292229690927,0.021942498782574926
3,0,0,0,0,30.588772112161955,0.10275587127926983,4.909216574575224,0.1,5.4048973258924295,0.02,50.0,1927860405.390303,0.001,0.021942498782574926,0.006053898787644818,0.0961229571147359,0.06220303156051853,90.30916504433063,0.004619811442240678,0.9905998974064122,0.004590292229690927,0.021942498782574926
3,0,0,0,0,30.588772112161955,0.10275587127926983,4.909216574575224,0.1,5.4048973258924295,0.02,50.0,1927860405.390303,0.001,0.021942498782574926,0.006053898787644818,0.0961229571147359,0.06220303156051853,90.30916504433063,0.004619811442240678,0.9905998974064122,0.004590292229690927,0.021942498782574926
3,0,0,0,0,30.588772112161955,0.10275587127926983,4.935652707284339,0.1,4.913726096499906,0.02,50.0,1928160514.5714707,0.001,0.02194323120175331,0.006075295580448187,0.09619745742297287,0.06231078687940249,89.38568349784343,0.004626975407322338,0.9905452906822582,0.004597437469276692,0.02194323120175331
3,0,0,0,0,30.588772112161955,0.10275587127926983,4.935652707284339,0.1,4.913726096499906,0.02,50.0,1928160514.5714707,0.001,0.02194323120175331,0.006075295580448187,0.09619745742297287,0.06231078687940249,89.38568349784343,0.004626975407322338,0.9905452906822582,0.004597437469276692,0.02194323120175331
3,0,0,0,0,30.588772112161955,0.10275587127926983,4.935652707284339,0.1,4.913726096499906,0.02,50.0,1928160514.5714707,0.001,0.02194323120175331,0.006075295580448187,0.09619745742297287,0.06231078687940249,89.38568349784343,0.004626975407322338,0.9905452906822582,0.004597437469276692,0.02194323120175331
3,0,0,0,0,30.588772112161955,0.10275587127926983,4.935652707284339,0.1,4.913726096499906,0.02,50.0,1928160514.5714707,0.001,0.02194323120175331,0.006075295580448187,0.09619745742297287,0.06231078687940249,89.38568349784343,0.004626975407322338,0.9905452906822582,0.004597437469276692,0.02194323120175331
3,0,0,0,0,30.588772112161955,0.10275587127926983,4.935652707284339,0.1,4.913726096499906,0.02,50.0,1928160514.5714707,0.001,0.02194323120175331,0.006075295580448187,0.09619745742297287,0.06231078687940249,89.38568349784343,0.004626975407322338,0.9905452906822582,0.004597437469276692,0.02194323120175331
3,0,0,0,0,30.588772112161955,0.10275587127926983,4.935652707284339,0.1,4.913726096499906,0.02,50.0,1928160514.5714707,0.001,0.02194323120175331,0.006075295580448187,0.09619745742297287,0.06231078687940249,89.38568349784343,0.004626975407322338,0.9905452906822582,0.004597437469276692,0.02194323120175331
3,0,0,0,0,30.588772112161955,0.10275587127926983,4.935652707284339,0.1,4.913726096499906,0.02,50.0,1928160514.5714707,0.001,0.02194323120175331,0.006075295580448187,0.09619745742297287,0.06231078687940249,89.38568349784343,0.004626975407322338,0.9905452906822582,0.004597437469276692,0.02194323120175331
3,0,0,0,0,30.588772112161955,0.10275587127926983,4.935652707284339,0.1,4.913726096499906,0.02,50.0,1928160514.5714707,0.001,0.02194323120175331,0.006075295580448187,0.09619745742297287,0.06231078687940249,89.38568349784343,0.004626975407322338,0.9905452906822582,0.004597437469276692,0.02194323120175331
3,0,0,0,0,30.588772112161955,0.10275587127926983,4.935652707284339,0.1,4.913726096499906,0.02,50.0,1928160514.5714707,0.001,0.02194323120175331,0.006075295580448187,0.09619745742297287,0.06231078687940249,89.38568349784343,0.004626975407322338,0.9905452906822582,0.004597437469276692,0.02194323120175331
3,0,0,0,0,30.588772112161955,0.10275587127926983,4.935652707284339,0.1,4.913726096499906,0.02,50.0,1928160514.5714707,0.001,0.02194323120175331,0.006075295580448187,0.09619745742297287,0.06231078687940249,89.38568349784343,0.004626975407322338,0.9905452906822582,0.004597437469276692,0.02194323120175331
3,0,0,0,0,30.588772112161955,0.10275587127926983,4.935652707284339,0.1,4.913726096499906,0.02,50.0,1928160514.5714707,0.001,0.02194323120175331,0.006075295580448187,0.09619745742297287,0.06231078687940249,89.38568349784343,0.004626975407322338,0.9905452906822582,0.004597437469276692,0.02194323120175331
3,0,0,0,0,30.588772112161955,0.10275587127926983,4.935652707284339,0.1,4.913726096499906,0.02,50.0,1928160514.5714707,0.001,0.02194323120175331,0.006075295580448187,0.09619745742297287,0.06231078687940249,89.38568349784343,0.004626975407322338,0.9905452906822582,0.004597437469276692,0.02194323120175331
3,0,0,0,0,30.588772112161955,0.10275587127926983,4.935652707284339,0.1,4.913726096499906,0.02,50.0,1928160514.5714707,0.001,0.02194323120175331,0.006075295580448187,0.09619745742297287,0.06231078687940249,89.38568349784343,0.004626975407322338,0.9905452906822582,0.004597437469276692,0.02194323120175331
3,0,0,0,0,30.588772112161955,0.10275587127926983,4.935652707284339,0.1,4.913726096499906,0.02,50.0,1928160514.5714707,0.001,0.02194323120175331,0.006075295580448187,0.09619745742297287,0.06231078687940249,89.38568349784343,0.004626975407322338,0.9905452906822582,0.004597437469276692,0.02194323120175331
3,0,0,0,0,30.588772112161955,0.10275587127926983,4.935652707284339,0.1,4.913726096499906,0.02,50.0,1928160514.5714707,0.001,0.02194323120175331,0.006075295580448187,0.09619745742297287,0.06231078687940249,89.38568349784343,0.004626975407322338,0.9905452906822582,0.004597437469276692,0.02194323120175331
3,0,0,0,0,30.588772112161955,0.10275587127926983,4.935652707284339,0.1,4.913726096499906,0.02,50.0,1928160514.5714707,0.001,0.02194323120175331,0.006075295580448187,0.09619745742297287,0.06231078687940249,89.38568349784343,0.004626975407322338,0.9905452906822582,0.004597437469276692,0.02194323120175331
3,0,0,0,0,30.588772112161955,0.10275587127926983,4.935652707284339,0.1,4.913726096499906,0.02,50.0,1928160514.5714707,0.001,0.02194323120175331,0.006075295580448187,0.09619745742297287,0.06231078687940249,89.38568349784343,0.004626975407322338,0.9905452906822582,0.004597437469276692,0.02194323120175331
3,0,0,0,0,30.588772112161955,0.10275587127926983,4.935652707284339,0.1,4.913726096499906,0.02,50.0,1928160514.5714707,0.001,0.02194323120175331,0.006075295580448187,0.09619745742297287,0.06231078687940249,89.38568349784343,0.004626975407322338,0.9905452906822582,0.004597437469276692,0.02194323120175331
3,0,0,0,0,30.588772112161955,0.10275587127926983,4.935652707284339,0.1,4.913726096499906,0.02,50.0,1928160514.5714707,0.001,0.02194323120175331,0.006075295580448187,0.09619745742297287,0.06231078687940249,89.38568349784343,0.004626975407322338,0.9905452906822582,0.004597437469276692,0.02194323120175331
3,0,0,0,0,30.588772112161955,0.10275587127926983,4.935652707284339,0.1,4.913726096499906,0.02,50.0,1928160514.5714707,0.001,0.02194323120175331,0.006075295580448187,0.09619745742297287,0.06231078687940249,89.38568349784343,0.004626975407322338,0.9905452906822582,0.004597437469276692,0.02194323120175331
3,0,0,0,0,30.588772112161955,0.10275587127926983,4.935652707284339,0.1,4.913726096499906,0.02,50.0,1928160514.5714707,0.001,0.02194323120175331,0.006075295580448187,0.09619745742297287,0.06231078687940249,89.38568349784343,0.004626975407322338,0.9905452906822582,0.004597437469276692,0.02194323120175331
3,0,0,0,0,30.628346273208713,0.10271435049473164,4.916575308466576,0.1,5.336036525072663,0.02,50.0,1928793535.7839134,0.001,0.021945656495235867,0.0060547551813138895,0.09610633535898462,0.06219344472877648,90.12605738319075,0.004618213848066809,0.9905933150411096,0.004588764694002354,0.021945656495235867
3,0,0,0,0,30.628346273208713,0.10271435049473164,4.916575308466576,0.1,5.336036525072663,0.02,50.0,1928793535.7839134,0.001,0.021945656495235867,0.0060547551813138895,0.09610633535898462,0.06219344472877648,90.12605738319075,0.004618213848066809,0.9905933150411096,0.004588764694002354,0.021945656495235867
3,0,0,0,0,30.628346273208713,0.10271435049473164,4.916575308466576,0.1,5.336036525072663,0.02,50.0,1928793535.7839134,0.001,0.021945656495235867,0.0060547551813138895,0.09610633535898462,0.06219344472877648,90.12605738319075,0.004618213848066809,0.9905933150411096,0.004588764694002354,0.021945656495235867
3,0,0,0,0,30.628346273208713,0.10271435049473164,4.916575308466576,0.1,5.336036525072663,0.02,50.0,1928793535.7839134,0.001,0.021945656495235867,0.0060547551813138895,0.09610633535898462,0.06219344472877648,90.12605738319075,0.004618213848066809,0.9905933150411096,0.004588764694002354,0.021945656495235867
3,0,0,0,0,30.628346273208713,0.10271435049473164,4.916575308466576,0.1,5.336036525072663,0.02,50.0,1928793535.7839134,0.001,0.021945656495235867,0.0060547551813138895,0.09610633535898462,0.06219344472877648,90.12605738319075,0.004618213848066809,0.9905933150411096,0.004588764694002354,0.021945656495235867
3,0,0,0,0,30.628346273208713,0.10271435049473164,4.916575308466576,0.1,5.336036525072663,0.02,50.0,1928793535.7839134,0.001,0.021945656495235867,0.0060547551813138895,0.09610633535898462,0.06219344472877648,90.12605738319075,0.004618213848066809,0.9905933150411096,0.004588764694002354,0.021945656495235867
3,0,0,0,0,30.628346273208713,0.10271435049473164,4.916575308466576,0.1,5.336036525072663,0.02,50.0,1928793535.7839134,0.001,0.021945656495235867,0.0060547551813138895,0.09610633535898462,0.06219344472877648,90.12605738319075,0.004618213848066809,0.9905933150411096,0.004588764694002354,0.021945656495235867
3,0,0,0,0,30.628346273208713,0.10271435049473164,4.916575308466576,0.1,5.336036525072663,0.02,50.0,1928793535.7839134,0.001,0.021945656495235867,0.0060547551813138895,0.09610633535898462,0.06219344472877648,90.12605738319075,0.004618213848066809,0.9905933150411096,0.004588764694002354,0.021945656495235867
3,0,0,0,0,30.628346273208713,0.10271435049473164,4.916575308466576,0.1,5.336036525072663,0.02,50.0,1928793535.7839134,0.001,0.021945656495235867,0.0060547551813138895,0.09610633535898462,0.06219344472877648,90.12605738319075,0.004618213848066809,0.9905933150411096,0.004588764694002354,0.021945656495235867
3,0,0,0,0,30.628346273208713,0.10271435049473164,4.916575308466576,0.1,5.336036525072663,0.02,50.0,1928793535.7839134,0.001,0.021945656495235867,0.0060547551813138895,0.09610633535898462,0.06219344472877648,90.12605738319075,0.004618213848066809,0.9905933150411096,0.004588764694002354,0.021945656495235867
3,0,0,0,0,30.628346273208713,0.10271435049473164,4.916575308466576,0.1,5.336036525072663,0.02,50.0,1928793535.7839134,0.001,0.021945656495235867,0.0060547551813138895,0.09610633535898462,0.06219344472877648,90.12605738319075,0.004618213848066809,0.9905933150411096,0.004588764694002354,0.021945656495235867
3,0,0,0,0,30.628346273208713,0.10271435049473164,4.916575308466576,0.1,5.336036525072663,0.02,50.0,1928793535.7839134,0.001,0.021945656495235867,0.0060547551813138895,0.09610633535898462,0.06219344472877648,90.12605738319075,0.004618213848066809,0.9905933150411096,0.004588764694002354,0.021945656495235867
3,0,0,0,0,30.628346273208713,0.10271435049473164,4.916575308466576,0.1,5.336036525072663,0.02,50.0,1928793535.7839134,0.001,0.021945656495235867,0.0060547551813138895,0.09610633535898462,0.06219344472877648,90.12605738319075,0.004618213848066809,0.9905933150411096,0.004588764694002354,0.021945656495235867
3,0,0,0,0,30.628346273208713,0.10271435049473164,4.916575308466576,0.1,5.336036525072663,0.02,50.0,1928793535.7839134,0.001,0.021945656495235867,0.0060547551813138895,0.09610633535898462,0.06219344472877648,90.12605738319075,0.004618213848066809,0.9905933150411096,0.004588764694002354,0.021945656495235867
3,0,0,0,0,30.628346273208713,0.10271435049473164,4.916575308466576,0.1,5.336036525072663,0.02,50.0,1928793535.7839134,0.001,0.021945656495235867,0.0060547551813138895,0.09610633535898462,0.06219344472877648,90.12605738319075,0.004618213848066809,0.9905933150411096,0.004588764694002354,0.021945656495235867
3,0,0,0,0,30.628346273208713,0.10271435049473164,4.916575308466576,0.1,5.336036525072663,0.02,50.0,1928793535.7839134,0.001,0.021945656495235867,0.0060547551813138895,0.09610633535898462,0.06219344472877648,90.12605738319075,0.004618213848066809,0.9905933150411096,0.004588764694002354,0.021945656495235867
3,0,0,0,0,30.628346273208713,0.10271435049473164,4.916575308466576,0.1,5.336036525072663,0.02,50.0,1928793535.7839134,0.001,0.021945656495235867,0.0060547551813138895,0.09610633535898462,0.06219344472877648,90.12605738319075,0.004618213848066809,0.9905933150411096,0.004588764694002354,0.021945656495235867
3,0,0,0,0,30.628346273208713,0.10271435049473164,4.916575308466576,0.1,5.336036525072663,0.02,50.0,1928793535.7839134,0.001,0.021945656495235867,0.0060547551813138895,0.09610633535898462,0.06219344472877648,90.12605738319075,0.004618213848066809,0.9905933150411096,0.004588764694002354,0.021945656495235867
3,0,0,0,0,30.628346273208713,0.10271435049473164,4.916575308466576,0.1,5.336036525072663,0.02,50.0,1928793535.7839134,0.001,0.021945656495235867,0.0060547551813138895,0.09610633535898462,0.06219344472877648,90.12605738319075,0.004618213848066809,0.9905933150411096,0.004588764694002354,0.021945656495235867
3,0,0,0,0,30.628346273208713,0.10271435049473164,4.916575308466576,0.1,5.336036525072663,0.02,50.0,1928793535.7839134,0.001,0.021945656495235867,0.0060547551813138895,0.09610633535898462,0.06219344472877648,90.12605738319075,0.004618213848066809,0.9905933150411096,0.004588764694002354,0.021945656495235867
3,0,0,0,0,30.628346273208713,0.10271435049473164,4.916575308466576,0.1,5.336036525072663,0.02,50.0,1928793535.7839134,0.001,0.021945656495235867,0.0060547551813138895,0.09610633535898462,0.06219344472877648,90.12605738319075,0.004618213848066809,0.9905933150411096,0.004588764694002354,0.021945656495235867
3,0,0,0,0,30.628346273208713,0.10271435049473164,4.916575308466576,0.1,5.336036525072663,0.02,50.0,1928793535.7839134,0.001,0.021945656495235867,0.0060547551813138895,0.09610633535898462,0.06219344472877648,90.12605738319075,0.004618213848066809,0.9905933150411096,0.004588764694002354,0.021945656495235867
3,0,0,0,0,30.628346273208713,0.10271435049473164,4.916575308466576,0.1,5.336036525072663,0.02,50.0,1928793535.7839134,0.001,0.021945656495235867,0.0060547551813138895,0.09610633535898462,0.06219344472877648,90.12605738319075,0.004618213848066809,0.9905933150411096,0.004588764694002354,0.021945656495235867
3,0,0,0,0,30.628346273208713,0.10271435049473164,4.916575308466576,0.1,5.336036525072663,0.02,50.0,1928793535.7839134,0.001,0.021945656495235867,0.0060547551813138895,0.09610633535898462,0.06219344472877648,90.12605738319075,0.004618213848066809,0.9905933150411096,0.004588764694002354,0.021945656495235867
3,0,0,0,0,30.628346273208713,0.10271435049473164,4.916575308466576,0.1,5.336036525072663,0.02,50.0,1928793535.7839134,0.001,0.021945656495235867,0.0060547551813138895,0.09610633535898462,0.06219344472877648,90.12605738319075,0.004618213848066809,0.9905933150411096,0.004588764694002354,0.021945656495235867
3,0,0,0,0,30.628346273208713,0.10271435049473164,4.916575308466576,0.1,5.336036525072663,0.02,50.0,1928793535.7839134,0.001,0.021945656495235867,0.0060547551813138895,0.09610633535898462,0.06219344472877648,90.12605738319075,0.004618213848066809,0.9905933150411096,0.004588764694002354,0.021945656495235867
3,0,0,0,0,30.628346273208713,0.10271435049473164,4.916575308466576,0.1,5.336036525072663,0.02,50.0,1928793535.7839134,0.001,0.021945656495235867,0.0060547551813138895,0.09610633535898462,0.06219344472877648,90.12605738319075,0.004618213848066809,0.9905933150411096,0.004588764694002354,0.021945656495235867
3,0,0,0,0,30.628346273208713,0.10271435049473164,4.916575308466576,0.1,5.336036525072663,0.02,50.0,1928793535.7839134,0.001,0.021945656495235867,0.0060547551813138895,0.09610633535898462,0.06219344472877648,90.12605738319075,0.004618213848066809,0.9905933150411096,0.004588764694002354,0.021945656495235867
3,0,0,0,0,30.628346273208713,0.10271435049473164,4.916575308466576,0.1,5.336036525072663,0.02,50.0,1928793535.7839134,0.001,0.021945656495235867,0.0060547551813138895,0.09610633535898462,0.06219344472877648,90.12605738319075,0.004618213848066809,0.9905933150411096,0.004588764694002354,0.021945656495235867
3,0,0,0,0,30.628346273208713,0.10271435049473164,4.916575308466576,0.1,5.336036525072663,0.02,50.0,1928793535.7839134,0.001,0.021945656495235867,0.0060547551813138895,0.09610633535898462,0.06219344472877648,90.12605738319075,0.004618213848066809,0.9905933150411096,0.004588764694002354,0.021945656495235867
3,0,0,0,0,30.628346273208713,0.10271435049473164,4.916575308466576,0.1,5.336036525072663,0.02,50.0,1928793535.7839134,0.001,0.021945656495235867,0.0060547551813138895,0.09610633535898462,0.06219344472877648,90.12605738319075,0.004618213848066809,0.9905933150411096,0.004588764694002354,0.021945656495235867
3,0,0,0,0,30.628346273208713,0.10271435049473164,4.916575308466576,0.1,5.336036525072663,0.02,50.0,1928793535.7839134,0.001,0.021945656495235867,0.0060547551813138895,0.09610633535898462,0.06219344472877648,90.12605738319075,0.004618213848066809,0.9905933150411096,0.004588764694002354,0.021945656495235867
3,0,0,0,0,30.628346273208713,0.10271435049473164,4.916575308466576,0.1,5.336036525072663,0.02,50.0,1928793535.7839134,0.001,0.021945656495235867,0.0060547551813138895,0.09610633535898462,0.06219344472877648,90.12605738319075,0.004618213848066809,0.9905933150411096,0.004588764694002354,0.021945656495235867
3,0,0,0,0,30.628346273208713,0.10271435049473164,4.916575308466576,0.1,5.336036525072663,0.02,50.0,1928793535.7839134,0.001,0.021945656495235867,0.0060547551813138895,0.09610633535898462,0.06219344472877648,90.12605738319075,0.004618213848066809,0.9905933150411096,0.004588764694002354,0.021945656495235867
3,0,0,0,0,30.628346273208713,0.10271435049473164,4.916575308466576,0.1,5.336036525072663,0.02,50.0,1928793535.7839134,0.001,0.021945656495235867,0.0060547551813138895,0.09610633535898462,0.06219344472877648,90.12605738319075,0.004618213848066809,0.9905933150411096,0.004588764694002354,0.021945656495235867
3,0,0,0,0,30.628346273208713,0.10271435049473164,4.916575308466576,0.1,5.336036525072663,0.02,50.0,1928793535.7839134,0.001,0.021945656495235867,0.0060547551813138895,0.09610633535898462,0.06219344472877648,90.12605738319075,0.004618213848066809,0.9905933150411096,0.004588764694002354,0.021945656495235867
3,0,0,0,0,30.628346273208713,0.10271435049473164,4.916575308466576,0.1,5.336036525072663,0.02,50.0,1928793535.7839134,0.001,0.021945656495235867,0.0060547551813138895,0.09610633535898462,0.06219344472877648,90.12605738319075,0.004618213848066809,0.9905933150411096,0.004588764694002354,0.021945656495235867
3,0,0,0,0,30.628346273208713,0.10271435049473164,4.916575308466576,0.1,5.336036525072663,0.02,50.0,1928793535.7839134,0.001,0.021945656495235867,0.0060547551813138895,0.09610633535898462,0.06219344472877648,90.12605738319075,0.004618213848066809,0.9905933150411096,0.004588764694002354,0.021945656495235867
3,0,0,0,0,30.628346273208713,0.10271435049473164,4.916575308466576,0.1,5.336036525072663,0.02,50.0,1928793535.7839134,0.001,0.021945656495235867,0.0060547551813138895,0.09610633535898462,0.06219344472877648,90.12605738319075,0.004618213848066809,0.9905933150411096,0.004588764694002354,0.021945656495235867
3,0,0,0,0,30.628346273208713,0.10271435049473164,4.916575308466576,0.1,5.336036525072663,0.02,50.0,1928793535.7839134,0.001,0.021945656495235867,0.0060547551813138895,0.09610633535898462,0.06219344472877648,90.12605738319075,0.004618213848066809,0.9905933150411096,0.004588764694002354,0.021945656495235867
3,0,0,0,0,30.628346273208713,0.10271435049473164,4.916575308466576,0.1,5.336036525072663,0.02,50.0,1928793535.7839134,0.001,0.021945656495235867,0.0060547551813138895,0.09610633535898462,0.06219344472877648,90.12605738319075,0.004618213848066809,0.9905933150411096,0.004588764694002354,0.021945656495235867
3,0,0,0,0,30.628346273208713,0.10271435049473164,4.916575308466576,0.1,5.336036525072663,0.02,50.0,1928793535.7839134,0.001,0.021945656495235867,0.0060547551813138895,0.09610633535898462,0.06219344472877648,90.12605738319075,0.004618213848066809,0.9905933150411096,0.004588764694002354,0.021945656495235867
3,0,0,0,0,30.628346273208713,0.10271435049473164,4.916575308466576,0.1,5.336036525072663,0.02,50.0,1928793535.7839134,0.001,0.021945656495235867,0.0060547551813138895,0.09610633535898462,0.06219344472877648,90.12605738319075,0.004618213848066809,0.9905933150411096,0.004588764694002354,0.021945656495235867
3,0,0,0,0,30.628346273208713,0.10271435049473164,4.916575308466576,0.1,5.336036525072663,0.02,50.0,1928793535.7839134,0.001,0.021945656495235867,0.0060547551813138895,0.09610633535898462,0.06219344472877648,90.12605738319075,0.004618213848066809,0.9905933150411096,0.004588764694002354,0.021945656495235867
3,0,0,0,0,30.628346273208713,0.10271435049473164,4.916575308466576,0.1,5.336036525072663,0.02,50.0,1928793535.7839134,0.001,0.021945656495235867,0.0060547551813138895,0.09610633535898462,0.06219344472877648,90.12605738319075,0.004618213848066809,0.9905933150411096,0.004588764694002354,0.021945656495235867
3,0,0,0,0,30.628346273208713,0.10271435049473164,4.916575308466576,0.1,5.336036525072663,0.02,50.0,1928793535.7839134,0.001,0.021945656495235867,0.0060547551813138895,0.09610633535898462,0.06219344472877648,90.12605738319075,0.004618213848066809,0.9905933150411096,0.004588764694002354,0.021945656495235867
3,0,0,0,0,30.628346273208713,0.10271435049473164,4.916575308466576,0.1,5.336036525072663,0.02,50.0,1928793535.7839134,0.001,0.021945656495235867,0.0060547551813138895,0.09610633535898462,0.06219344472877648,90.12605738319075,0.004618213848066809,0.9905933150411096,0.004588764694002354,0.021945656495235867
3,0,0,0,0,30.628346273208713,0.10271435049473164,4.916575308466576,0.1,5.336036525072663,0.02,50.0,1928793535.7839134,0.001,0.021945656495235867,0.0060547551813138895,0.09610633535898462,0.06219344472877648,90.12605738319075,0.004618213848066809,0.9905933150411096,0.004588764694002354,0.021945656495235867
3,0,0,0,0,30.628346273208713,0.10271435049473164,4.916575308466576,0.1,5.336036525072663,0.02,50.0,1928793535.7839134,0.001,0.021945656495235867,0.0060547551813138895,0.09610633535898462,0.06219344472877648,90.12605738319075,0.004618213848066809,0.9905933150411096,0.004588764694002354,0.021945656495235867
3,0,0,0,0,30.628346273208713,0.10271435049473164,4.916575308466576,0.1,5.336036525072663,0.02,50.0,1928793535.7839134,0.001,0.021945656495235867,0.0060547551813138895,0.09610633535898462,0.06219344472877648,90.12605738319075,0.004618213848066809,0.9905933150411096,0.004588764694002354,0.021945656495235867
3,0,0,0,0,30.628346273208713,0.10271435049473164,4.916575308466576,0.1,5.336036525072663,0.02,50.0,1928793535.7839134,0.001,0.021945656495235867,0.0060547551813138895,0.09610633535898462,0.06219344472877648,90.12605738319075,0.004618213848066809,0.9905933150411096,0.004588764694002354,0.021945656495235867
3,0,0,0,0,30.628346273208713,0.10271435049473164,4.916575308466576,0.1,5.336036525072663,0.02,50.0,1928793535.7839134,0.001,0.021945656495235867,0.0060547551813138895,0.09610633535898462,0.06219344472877648,90.12605738319075,0.004618213848066809,0.9905933150411096,0.004588764694002354,0.021945656495235867
3,0,0,0,0,30.628346273208713,0.10271435049473164,4.916575308466576,0.1,5.336036525072663,0.02,50.0,1928793535.7839134,0.001,0.021945656495235867,0.0060547551813138895,0.09610633535898462,0.06219344472877648,90.12605738319075,0.004618213848066809,0.9905933150411096,0.004588764694002354,0.021945656495235867
3,0,0,0,0,30.628346273208713,0.10271435049473164,4.916575308466576,0.1,5.336036525072663,0.02,50.0,1928793535.7839134,0.001,0.021945656495235867,0.0060547551813138895,0.09610633535898462,0.06219344472877648,90.12605738319075,0.004618213848066809,0.9905933150411096,0.004588764694002354,0.021945656495235867
3,0,0,0,0,30.628346273208713,0.10271435049473164,4.916575308466576,0.1,5.336036525072663,0.02,50.0,1928793535.7839134,0.001,0.021945656495235867,0.0060547551813138895,0.09610633535898462,0.06219344472877648,90.12605738319075,0.004618213848066809,0.9905933150411096,0.004588764694002354,0.021945656495235867
3,0,0,0,0,30.628346273208713,0.10271435049473164,4.916575308466576,0.1,5.336036525072663,0.02,50.0,1928793535.7839134,0.001,0.021945656495235867,0.0060547551813138895,0.09610633535898462,0.06219344472877648,90.12605738319075,0.004618213848066809,0.9905933150411096,0.004588764694002354,0.021945656495235867
3,0,0,0,0,30.628346273208713,0.10271435049473164,4.916575308466576,0.1,5.336036525072663,0.02,50.0,1928793535.7839134,0.001,0.021945656495235867,0.0060547551813138895,0.09610633535898462,0.06219344472877648,90.12605738319075,0.004618213848066809,0.9905933150411096,0.004588764694002354,0.021945656495235867
3,0,0,0,0,30.628346273208713,0.10271435049473164,4.916575308466576,0.1,5.336036525072663,0.02,50.0,1928793535.7839134,0.001,0.021945656495235867,0.0060547551813138895,0.09610633535898462,0.06219344472877648,90.12605738319075,0.004618213848066809,0.9905933150411096,0.004588764694002354,0.021945656495235867
3,0,0,0,0,30.628346273208713,0.10271435049473164,4.916575308466576,0.1,5.336036525072663,0.02,50.0,1928793535.7839134,0.001,0.021945656495235867,0.0060547551813138895,0.09610633535898462,0.06219344472877648,90.12605738319075,0.004618213848066809,0.9905933150411096,0.004588764694002354,0.021945656495235867
3,0,0,0,0,30.628346273208713,0.10271435049473164,4.916575308466576,0.1,5.336036525072663,0.02,50.0,1928793535.7839134,0.001,0.021945656495235867,0.0060547551813138895,0.09610633535898462,0.06219344472877648,90.12605738319075,0.004618213848066809,0.9905933150411096,0.004588764694002354,0.021945656495235867
3,0,0,0,0,30.628346273208713,0.10271435049473164,4.916575308466576,0.1,5.336036525072663,0.02,50.0,1928793535.7839134,0.001,0.021945656495235867,0.0060547551813138895,0.09610633535898462,0.06219344472877648,90.12605738319075,0.004618213848066809,0.9905933150411096,0.004588764694002354,0.021945656495235867
3,0,0,0,0,30.628346273208713,0.10271435049473164,4.916575308466576,0.1,5.336036525072663,0.02,50.0,1928793535.7839134,0.001,0.021945656495235867,0.0060547551813138895,0.09610633535898462,0.06219344472877648,90.12605738319075,0.004618213848066809,0.9905933150411096,0.004588764694002354,0.021945656495235867
3,0,0,0,0,30.628346273208713,0.10271435049473164,4.916575308466576,0.1,5.336036525072663,0.02,50.0,1928793535.7839134,0.001,0.021945656495235867,0.0060547551813138895,0.09610633535898462,0.06219344472877648,90.12605738319075,0.004618213848066809,0.9905933150411096,0.004588764694002354,0.021945656495235867
3,0,0,0,0,30.628346273208713,0.10271435049473164,4.916575308466576,0.1,5.336036525072663,0.02,50.0,1928793535.7839134,0.001,0.021945656495235867,0.0060547551813138895,0.09610633535898462,0.06219344472877648,90.12605738319075,0.004618213848066809,0.9905933150411096,0.004588764694002354,0.021945656495235867
3,0,0,0,0,30.628346273208713,0.10271435049473164,4.916575308466576,0.1,5.336036525072663,0.02,50.0,1928793535.7839134,0.001,0.021945656495235867,0.0060547551813138895,0.09610633535898462,0.06219344472877648,90.12605738319075,0.004618213848066809,0.9905933150411096,0.004588764694002354,0.021945656495235867
3,0,0,0,0,30.628346273208713,0.10271435049473164,4.916575308466576,0.1,5.336036525072663,0.02,50.0,1928793535.7839134,0.001,0.021945656495235867,0.0060547551813138895,0.09610633535898462,0.06219344472877648,90.12605738319075,0.004618213848066809,0.9905933150411096,0.004588764694002354,0.021945656495235867
3,0,0,0,0,30.628346273208713,0.10271435049473164,4.916575308466576,0.1,5.336036525072663,0.02,50.0,1928793535.7839134,0.001,0.021945656495235867,0.0060547551813138895,0.09610633535898462,0.06219344472877648,90.12605738319075,0.004618213848066809,0.9905933150411096,0.004588764694002354,0.021945656495235867
3,0,0,0,0,30.628346273208713,0.10271435049473164,4.916575308466576,0.1,5.336036525072663,0.02,50.0,1928793535.7839134,0.001,0.021945656495235867,0.0060547551813138895,0.09610633535898462,0.06219344472877648,90.12605738319075,0.004618213848066809,0.9905933150411096,0.004588764694002354,0.021945656495235867
3,0,0,0,0,30.628346273208713,0.10271435049473164,4.916575308466576,0.1,5.336036525072663,0.02,50.0,1928793535.7839134,0.001,0.021945656495235867,0.0060547551813138895,0.09610633535898462,0.06219344472877648,90.12605738319075,0.004618213848066809,0.9905933150411096,0.004588764694002354,0.021945656495235867
3,0,0,0,0,30.628346273208713,0.10271435049473164,4.916575308466576,0.1,5.336036525072663,0.02,50.0,1928793535.7839134,0.001,0.021945656495235867,0.0060547551813138895,0.09610633535898462,0.06219344472877648,90.12605738319075,0.004618213848066809,0.9905933150411096,0.004588764694002354,0.021945656495235867
3,0,0,0,0,30.588772112161955,0.10275587127926983,4.916575308466576,0.1,4.707099646930144,0.02,50.0,1928160514.5714707,0.001,0.021946092931892085,0.006081326823633752,0.09617609842183189,0.062347210795740654,89.4360347907079,0.004624920953822948,0.9905203928134744,0.004595447327796642,0.021946092931892085
3,0,0,0,0,30.588772112161955,0.10275587127926983,4.916575308466576,0.1,4.707099646930144,0.02,50.0,1928160514.5714707,0.001,0.021946092931892085,0.006081326823633752,0.09617609842183189,0.062347210795740654,89.4360347907079,0.004624920953822948,0.9905203928134744,0.004595447327796642,0.021946092931892085
3,0,0,0,0,30.588772112161955,0.10275587127926983,4.916575308466576,0.1,4.707099646930144,0.02,50.0,1928160514.5714707,0.001,0.021946092931892085,0.006081326823633752,0.09617609842183189,0.062347210795740654,89.4360347907079,0.004624920953822948,0.9905203928134744,0.004595447327796642,0.021946092931892085
3,0,0,0,0,30.588772112161955,0.10275587127926983,4.916575308466576,0.1,4.707099646930144,0.02,50.0,1928160514.5714707,0.001,0.021946092931892085,0.006081326823633752,0.09617609842183189,0.062347210795740654,89.4360347907079,0.004624920953822948,0.9905203928134744,0.004595447327796642,0.021946092931892085
3,0,0,0,0,30.588772112161955,0.10275587127926983,4.916575308466576,0.1,4.707099646930144,0.02,50.0,1928160514.5714707,0.001,0.021946092931892085,0.006081326823633752,0.09617609842183189,0.062347210795740654,89.4360347907079,0.004624920953822948,0.9905203928134744,0.004595447327796642,0.021946092931892085
3,0,0,0,0,30.588772112161955,0.10275587127926983,4.916575308466576,0.1,4.707099646930144,0.02,50.0,1928160514.5714707,0.001,0.021946092931892085,0.006081326823633752,0.09617609842183189,0.062347210795740654,89.4360347907079,0.004624920953822948,0.9905203928134744,0.004595447327796642,0.021946092931892085
3,0,0,0,0,30.588772112161955,0.10275587127926983,4.916575308466576,0.1,4.707099646930144,0.02,50.0,1928160514.5714707,0.001,0.021946092931892085,0.006081326823633752,0.09617609842183189,0.062347210795740654,89.4360347907079,0.004624920953822948,0.9905203928134744,0.004595447327796642,0.021946092931892085
3,0,0,0,0,30.588772112161955,0.10275587127926983,4.909216574575224,0.1,6.070786135282364,0.02,50.0,1926035175.4819875,0.001,0.0219501533282514,0.0060309817929692896,0.09604179411226303,0.062044459784072165,90.90953611299872,0.0046120131081511615,0.9906580912757884,0.004582594561182884,0.0219501533282514
3,0,0,0,0,30.588772112161955,0.10269515999484402,4.909216574575224,0.1,6.014953087772103,0.02,50.0,1932336174.47563,0.001,0.021950558377996865,0.006033462924047236,0.09606069942457099,0.062066276021227045,91.086907930932,0.004613828986968886,0.9906540578894366,0.004584366966134508,0.021950558377996865
3,0,0,0,0,30.588772112161955,0.10269515999484402,4.909216574575224,0.1,6.014953087772103,0.02,50.0,1932336174.47563,0.001,0.021950558377996865,0.006033462924047236,0.09606069942457099,0.062066276021227045,91.086907930932,0.004613828986968886,0.9906540578894366,0.004584366966134508,0.021950558377996865
3,0,0,0,0,30.588772112161955,0.10269515999484402,4.909216574575224,0.1,6.014953087772103,0.02,50.0,1932336174.47563,0.001,0.021950558377996865,0.006033462924047236,0.09606069942457099,0.062066276021227045,91.086907930932,0.004613828986968886,0.9906540578894366,0.004584366966134508,0.021950558377996865
3,0,0,0,0,30.588772112161955,0.10269515999484402,4.909216574575224,0.1,6.014953087772103,0.02,50.0,1932336174.47563,0.001,0.021950558377996865,0.006033462924047236,0.09606069942457099,0.062066276021227045,91.086907930932,0.004613828986968886,0.9906540578894366,0.004584366966134508,0.021950558377996865
3,0,0,0,0,30.588772112161955,0.10269515999484402,4.909216574575224,0.1,6.014953087772103,0.02,50.0,1932336174.47563,0.001,0.021950558377996865,0.006033462924047236,0.09606069942457099,0.062066276021227045,91.086907930932,0.004613828986968886,0.9906540578894366,0.004584366966134508,0.021950558377996865
3,0,0,0,0,30.588772112161955,0.10269515999484402,4.909216574575224,0.1,6.014953087772103,0.02,50.0,1932336174.47563,0.001,0.021950558377996865,0.006033462924047236,0.09606069942457099,0.062066276021227045,91.086907930932,0.004613828986968886,0.9906540578894366,0.004584366966134508,0.021950558377996865
3,0,0,0,0,30.588772112161955,0.10269515999484402,4.909216574575224,0.1,6.014953087772103,0.02,50.0,1932336174.47563,0.001,0.021950558377996865,0.006033462924047236,0.09606069942457099,0.062066276021227045,91.086907930932,0.004613828986968886,0.9906540578894366,0.004584366966134508,0.021950558377996865
3,0,0,0,0,30.588772112161955,0.10269515999484402,4.909216574575224,0.1,6.014953087772103,0.02,50.0,1932336174.47563,0.001,0.021950558377996865,0.006033462924047236,0.09606069942457099,0.062066276021227045,91.086907930932,0.004613828986968886,0.9906540578894366,0.004584366966134508,0.021950558377996865
3,0,0,0,0,30.588772112161955,0.10269515999484402,4.909216574575224,0.1,6.014953087772103,0.02,50.0,1932336174.47563,0.001,0.021950558377996865,0.006033462924047236,0.09606069942457099,0.062066276021227045,91.086907930932,0.004613828986968886,0.9906540578894366,0.004584366966134508,0.021950558377996865
3,0,0,0,0,30.588772112161955,0.10269515999484402,4.909216574575224,0.1,6.014953087772103,0.02,50.0,1932336174.47563,0.001,0.021950558377996865,0.006033462924047236,0.09606069942457099,0.062066276021227045,91.086907930932,0.004613828986968886,0.9906540578894366,0.004584366966134508,0.021950558377996865
3,0,0,0,0,30.588772112161955,0.10269515999484402,4.909216574575224,0.1,6.014953087772103,0.02,50.0,1932336174.47563,0.001,0.021950558377996865,0.006033462924047236,0.09606069942457099,0.062066276021227045,91.086907930932,0.004613828986968886,0.9906540578894366,0.004584366966134508,0.021950558377996865
3,0,0,0,0,30.588772112161955,0.10269515999484402,4.909216574575224,0.1,6.014953087772103,0.02,50.0,1932336174.47563,0.001,0.021950558377996865,0.006033462924047236,0.09606069942457099,0.062066276021227045,91.086907930932,0.004613828986968886,0.9906540578894366,0.004584366966134508,0.021950558377996865
3,0,0,0,0,30.588772112161955,0.10269515999484402,4.909216574575224,0.1,6.014953087772103,0.02,50.0,1932336174.47563,0.001,0.021950558377996865,0.006033462924047236,0.09606069942457099,0.062066276021227045,91.086907930932,0.004613828986968886,0.9906540578894366,0.004584366966134508,0.021950558377996865
3,0,0,0,0,30.588772112161955,0.10269515999484402,4.909216574575224,0.1,6.014953087772103,0.02,50.0,1932336174.47563,0.001,0.021950558377996865,0.006033462924047236,0.09606069942457099,0.062066276021227045,91.086907930932,0.004613828986968886,0.9906540578894366,0.004584366966134508,0.021950558377996865
3,0,0,0,0,30.588772112161955,0.10269515999484402,4.909216574575224,0.1,6.014953087772103,0.02,50.0,1932336174.47563,0.001,0.021950558377996865,0.006033462924047236,0.09606069942457099,0.062066276021227045,91.086907930932,0.004613828986968886,0.9906540578894366,0.004584366966134508,0.021950558377996865
3,0,0,0,0,30.588772112161955,0.10269515999484402,4.909216574575224,0.1,6.014953087772103,0.02,50.0,1932336174.47563,0.001,0.021950558377996865,0.006033462924047236,0.09606069942457099,0.062066276021227045,91.086907930932,0.004613828986968886,0.9906540578894366,0.004584366966134508,0.021950558377996865
3,0,0,0,0,30.588772112161955,0.10269515999484402,4.909216574575224,0.1,6.014953087772103,0.02,50.0,1932336174.47563,0.001,0.021950558377996865,0.006033462924047236,0.09606069942457099,0.062066276021227045,91.086907930932,0.004613828986968886,0.9906540578894366,0.004584366966134508,0.021950558377996865
3,0,0,0,0,30.588772112161955,0.10269515999484402,4.909216574575224,0.1,6.014953087772103,0.02,50.0,1932336174.47563,0.001,0.021950558377996865,0.006033462924047236,0.09606069942457099,0.062066276021227045,91.086907930932,0.004613828986968886,0.9906540578894366,0.004584366966134508,0.021950558377996865
3,0,0,0,0,30.588772112161955,0.10269515999484402,4.909216574575224,0.1,6.014953087772103,0.02,50.0,1932336174.47563,0.001,0.021950558377996865,0.006033462924047236,0.09606069942457099,0.062066276021227045,91.086907930932,0.004613828986968886,0.9906540578894366,0.004584366966134508,0.021950558377996865
3,0,0,0,0,30.588772112161955,0.10269515999484402,4.909216574575224,0.1,6.014953087772103,0.02,50.0,1932336174.47563,0.001,0.021950558377996865,0.006033462924047236,0.09606069942457099,0.062066276021227045,91.086907930932,0.004613828986968886,0.9906540578894366,0.004584366966134508,0.021950558377996865
3,0,0,0,0,30.588772112161955,0.10269515999484402,4.909216574575224,0.1,6.014953087772103,0.02,50.0,1932336174.47563,0.001,0.021950558377996865,0.006033462924047236,0.09606069942457099,0.062066276021227045,91.086907930932,0.004613828986968886,0.9906540578894366,0.004584366966134508,0.021950558377996865
3,0,0,0,0,30.588772112161955,0.10275587127926983,4.935652707284339,0.1,4.913726096499906,0.02,50.0,1928186315.587454,0.001,0.021951020431088125,0.006073670138339494,0.09617499606430222,0.06230777690847448,89.29009321062946,0.004624814933984273,0.990545667718165,0.004595310301659859,0.021951020431088125
3,0,0,0,0,30.588772112161955,0.10275587127926983,4.935652707284339,0.1,4.913726096499906,0.02,50.0,1928186315.587454,0.001,0.021951020431088125,0.006073670138339494,0.09617499606430222,0.06230777690847448,89.29009321062946,0.004624814933984273,0.990545667718165,0.004595310301659859,0.021951020431088125
3,0,0,0,0,30.588772112161955,0.10275587127926983,4.935652707284339,0.1,4.913726096499906,0.02,50.0,1928186315.587454,0.001,0.021951020431088125,0.006073670138339494,0.09617499606430222,0.06230777690847448,89.29009321062946,0.004624814933984273,0.990545667718165,0.004595310301659859,0.021951020431088125
3,0,0,0,0,30.588772112161955,0.10275587127926983,4.935652707284339,0.1,4.913726096499906,0.02,50.0,1928186315.587454,0.001,0.021951020431088125,0.006073670138339494,0.09617499606430222,0.06230777690847448,89.29009321062946,0.004624814933984273,0.990545667718165,0.004595310301659859,0.021951020431088125
3,0,0,0,0,30.588772112161955,0.10275587127926983,4.935652707284339,0.1,4.913726096499906,0.02,50.0,1928186315.587454,0.001,0.021951020431088125,0.006073670138339494,0.09617499606430222,0.06230777690847448,89.29009321062946,0.004624814933984273,0.990545667718165,0.004595310301659859,0.021951020431088125
3,0,0,0,0,30.588772112161955,0.10273829018338289,4.909216574575224,0.1,6.186088466932819,0.02,50.0,1927517877.7624903,0.001,0.021951911168311355,0.006027715986604788,0.09603273686578392,0.06202257957991613,91.06932609986464,0.004611143274966448,0.9906669476862391,0.004581731494062595,0.021951911168311355
3,0,0,0,0,30.588772112161955,0.10273829018338289,4.909216574575224,0.1,6.186088466932819,0.02,50.0,1927517877.7624903,0.001,0.021951911168311355,0.006027715986604788,0.09603273686578392,0.06202257957991613,91.06932609986464,0.004611143274966448,0.9906669476862391,0.004581731494062595,0.021951911168311355
3,0,0,0,0,30.588772112161955,0.10275587127926983,4.909216574575224,0.1,6.035651803795126,0.02,50.0,1926035175.4819875,0.001,0.021954235058176827,0.0060317634275614505,0.09604152105832618,0.06204890207219161,90.87489132372578,0.004611986883598456,0.9906554246365249,0.004582573537813149,0.021954235058176827
3,0,0,0,0,30.588772112161955,0.10275587127926983,4.909216574575224,0.1,6.035651803795126,0.02,50.0,1926035175.4819875,0.001,0.021954235058176827,0.0060317634275614505,0.09604152105832618,0.06204890207219161,90.87489132372578,0.004611986883598456,0.9906554246365249,0.004582573537813149,0.021954235058176827
3,0,0,0,0,30.588772112161955,0.10275587127926983,4.909216574575224,0.1,6.035651803795126,0.02,50.0,1926035175.4819875,0.001,0.021954235058176827,0.0060317634275614505,0.09604152105832618,0.06204890207219161,90.87489132372578,0.004611986883598456,0.9906554246365249,0.004582573537813149,0.021954235058176827
3,0,0,0,0,30.588772112161955,0.10275587127926983,4.909216574575224,0.1,6.035651803795126,0.02,50.0,1926035175.4819875,0.001,0.021954235058176827,0.0060317634275614505,0.09604152105832618,0.06204890207219161,90.87489132372578,0.004611986883598456,0.9906554246365249,0.004582573537813149,0.021954235058176827
3,0,0,0,0,34.56011701124517,0.10272416047669798,4.916575308466576,0.1,4.9585387755488615,0.02,50.0,1926600669.2939355,0.001,0.02195576435687399,0.006087841017846818,0.09636570142383713,0.06240447435844567,89.13714348015162,0.004643174205454063,0.9905412697532368,0.004613377304675956,0.02195576435687399
3,0,0,0,0,30.588772112161955,0.10275587127926983,4.909216574575224,0.1,6.014953087772103,0.02,50.0,1926035175.4819875,0.001,0.021956656191061977,0.00603222908587255,0.09604136453825043,0.06205154349677357,90.85435632854536,0.0046119718511845546,0.9906538373665221,0.004582561585218784,0.021956656191061977
3,0,0,0,0,30.588772112161955,0.10275587127926983,4.909216574575224,0.1,6.014953087772103,0.02,50.0,1926035175.4819875,0.001,0.021956656191061977,0.00603222908587255,0.09604136453825043,0.06205154349677357,90.85435632854536,0.0046119718511845546,0.9906538373665221,0.004582561585218784,0.021956656191061977
3,0,0,0,0,30.588772112161955,0.10275587127926983,4.909216574575224,0.1,6.014953087772103,0.02,50.0,1926035175.4819875,0.001,0.021956656191061977,0.00603222908587255,0.09604136453825043,0.06205154349677357,90.85435632854536,0.0046119718511845546,0.9906538373665221,0.004582561585218784,0.021956656191061977
3,0,0,0,0,30.588772112161955,0.10275587127926983,4.909216574575224,0.1,6.014953087772103,0.02,50.0,1926035175.4819875,0.001,0.021956656191061977,0.00603222908587255,0.09604136453825043,0.06205154349677357,90.85435632854536,0.0046119718511845546,0.9906538373665221,0.004582561585218784,0.021956656191061977
3,0,0,0,0,30.588772112161955,0.10275587127926983,4.909216574575224,0.1,6.014953087772103,0.02,50.0,1926035175.4819875,0.001,0.021956656191061977,0.00603222908587255,0.09604136453825043,0.06205154349677357,90.85435632854536,0.0046119718511845546,0.9906538373665221,0.004582561585218784,0.021956656191061977
3,0,0,0,0,30.588772112161955,0.10275587127926983,4.909216574575224,0.1,6.014953087772103,0.02,50.0,1926035175.4819875,0.001,0.021956656191061977,0.00603222908587255,0.09604136453825043,0.06205154349677357,90.85435632854536,0.0046119718511845546,0.9906538373665221,0.004582561585218784,0.021956656191061977
3,0,0,0,0,30.588772112161955,0.10275587127926983,4.909216574575224,0.1,6.014953087772103,0.02,50.0,1926035175.4819875,0.001,0.021956656191061977,0.00603222908587255,0.09604136453825043,0.06205154349677357,90.85435632854536,0.0046119718511845546,0.9906538373665221,0.004582561585218784,0.021956656191061977
3,0,0,0,0,30.628346273208713,0.10271435049473164,4.916575308466576,0.1,5.490158195372607,0.02,50.0,1929400793.115688,0.001,0.02196523281732876,0.006052313784934867,0.09613456966277076,0.062190264233640845,90.33751567857942,0.004620927742123061,0.9906077854485043,0.0045913835549766056,0.02196523281732876
3,0,0,0,0,30.628346273208713,0.10271435049473164,4.916575308466576,0.1,5.490158195372607,0.02,50.0,1929400793.115688,0.001,0.02196523281732876,0.006052313784934867,0.09613456966277076,0.062190264233640845,90.33751567857942,0.004620927742123061,0.9906077854485043,0.0045913835549766056,0.02196523281732876
3,0,0,0,0,30.628346273208713,0.10271435049473164,4.916575308466576,0.1,5.490158195372607,0.02,50.0,1929400793.115688,0.001,0.02196523281732876,0.006052313784934867,0.09613456966277076,0.062190264233640845,90.33751567857942,0.004620927742123061,0.9906077854485043,0.0045913835549766056,0.02196523281732876
3,0,0,0,0,30.628346273208713,0.10271435049473164,4.916575308466576,0.1,5.490158195372607,0.02,50.0,1929400793.115688,0.001,0.02196523281732876,0.006052313784934867,0.09613456966277076,0.062190264233640845,90.33751567857942,0.004620927742123061,0.9906077854485043,0.0045913835549766056,0.02196523281732876
3,0,0,0,0,30.628346273208713,0.10271435049473164,4.916575308466576,0.1,5.490158195372607,0.02,50.0,1929400793.115688,0.001,0.02196523281732876,0.006052313784934867,0.09613456966277076,0.062190264233640845,90.33751567857942,0.004620927742123061,0.9906077854485043,0.0045913835549766056,0.02196523281732876
3,0,0,0,0,30.628346273208713,0.10271435049473164,4.916575308466576,0.1,5.490158195372607,0.02,50.0,1929400793.115688,0.001,0.02196523281732876,0.006052313784934867,0.09613456966277076,0.062190264233640845,90.33751567857942,0.004620927742123061,0.9906077854485043,0.0045913835549766056,0.02196523281732876
3,0,0,0,0,30.628346273208713,0.10271435049473164,4.916575308466576,0.1,5.490158195372607,0.02,50.0,1929400793.115688,0.001,0.02196523281732876,0.006052313784934867,0.09613456966277076,0.062190264233640845,90.33751567857942,0.004620927742123061,0.9906077854485043,0.0045913835549766056,0.02196523281732876
3,0,0,0,0,30.628346273208713,0.10271435049473164,4.916575308466576,0.1,5.490158195372607,0.02,50.0,1929400793.115688,0.001,0.02196523281732876,0.006052313784934867,0.09613456966277076,0.062190264233640845,90.33751567857942,0.004620927742123061,0.9906077854485043,0.0045913835549766056,0.02196523281732876
3,0,0,0,0,30.588772112161955,0.10275587127926983,4.951676623559425,0.1,4.913726096499906,0.02,50.0,1928160514.5714707,0.001,0.021968911198865952,0.006076332541444166,0.09620854627101953,0.06231401337824566,89.11406385882408,0.004628042187791453,0.9905443233000328,0.00459849521200403,0.021968911198865952
3,0,0,0,0,30.588772112161955,0.10275587127926983,4.951676623559425,0.1,4.913726096499906,0.02,50.0,1928160514.5714707,0.001,0.021968911198865952,0.006076332541444166,0.09620854627101953,0.06231401337824566,89.11406385882408,0.004628042187791453,0.9905443233000328,0.00459849521200403,0.021968911198865952
3,0,0,0,0,30.588772112161955,0.10276743852770891,4.916575308466576,0.1,4.862914793598462,0.02,50.0,1926600669.2939355,0.001,0.021974522201844766,0.006072294437455952,0.09613188482145667,0.06229650201402312,89.48155533451026,0.004620669639662905,0.9905405810343603,0.004591249779871728,0.021974522201844766
3,0,0,0,0,30.588772112161955,0.10276743852770891,4.916575308466576,0.1,4.862914793598462,0.02,50.0,1926600669.2939355,0.001,0.021974522201844766,0.006072294437455952,0.09613188482145667,0.06229650201402312,89.48155533451026,0.004620669639662905,0.9905405810343603,0.004591249779871728,0.021974522201844766
3,0,0,0,0,30.588772112161955,0.10276743852770891,4.916575308466576,0.1,4.862914793598462,0.02,50.0,1926600669.2939355,0.001,0.021974522201844766,0.006072294437455952,0.09613188482145667,0.06229650201402312,89.48155533451026,0.004620669639662905,0.9905405810343603,0.004591249779871728,0.021974522201844766
3,0,0,0,0,30.588772112161955,0.10276743852770891,4.916575308466576,0.1,4.862914793598462,0.02,50.0,1926600669.2939355,0.001,0.021974522201844766,0.006072294437455952,0.09613188482145667,0.06229650201402312,89.48155533451026,0.004620669639662905,0.9905405810343603,0.004591249779871728,0.021974522201844766
3,0,0,0,0,30.588772112161955,0.10276743852770891,4.916575308466576,0.1,4.862914793598462,0.02,50.0,1926600669.2939355,0.001,0.021974522201844766,0.006072294437455952,0.09613188482145667,0.06229650201402312,89.48155533451026,0.004620669639662905,0.9905405810343603,0.004591249779871728,0.021974522201844766
3,0,0,0,0,30.588772112161955,0.10276743852770891,4.916575308466576,0.1,4.862914793598462,0.02,50.0,1926600669.2939355,0.001,0.021974522201844766,0.006072294437455952,0.09613188482145667,0.06229650201402312,89.48155533451026,0.004620669639662905,0.9905405810343603,0.004591249779871728,0.021974522201844766
3,0,0,0,0,30.588772112161955,0.10276743852770891,4.916575308466576,0.1,4.862914793598462,0.02,50.0,1926600669.2939355,0.001,0.021974522201844766,0.006072294437455952,0.09613188482145667,0.06229650201402312,89.48155533451026,0.004620669639662905,0.9905405810343603,0.004591249779871728,0.021974522201844766
3,0,0,0,0,30.588772112161955,0.10276743852770891,4.916575308466576,0.1,4.862914793598462,0.02,50.0,1926600669.2939355,0.001,0.021974522201844766,0.006072294437455952,0.09613188482145667,0.06229650201402312,89.48155533451026,0.004620669639662905,0.9905405810343603,0.004591249779871728,0.021974522201844766
3,0,0,0,0,30.588772112161955,0.10276743852770891,4.916575308466576,0.1,4.862914793598462,0.02,50.0,1926600669.2939355,0.001,0.021974522201844766,0.006072294437455952,0.09613188482145667,0.06229650201402312,89.48155533451026,0.004620669639662905,0.9905405810343603,0.004591249779871728,0.021974522201844766
3,0,0,0,0,30.588772112161955,0.10276743852770891,4.916575308466576,0.1,4.862914793598462,0.02,50.0,1926600669.2939355,0.001,0.021974522201844766,0.006072294437455952,0.09613188482145667,0.06229650201402312,89.48155533451026,0.004620669639662905,0.9905405810343603,0.004591249779871728,0.021974522201844766
3,0,0,0,0,30.588772112161955,0.10276743852770891,4.916575308466576,0.1,4.862914793598462,0.02,50.0,1926600669.2939355,0.001,0.021974522201844766,0.006072294437455952,0.09613188482145667,0.06229650201402312,89.48155533451026,0.004620669639662905,0.9905405810343603,0.004591249779871728,0.021974522201844766
3,0,0,0,0,30.588772112161955,0.10275587127926983,4.909216574575224,0.1,5.860448964066765,0.02,50.0,1926035175.4819875,0.001,0.021975123498253445,0.006035831278671525,0.09604030728861042,0.06207185051103495,90.69809760225328,0.004611870312045357,0.9906415931325341,0.004582483402310597,0.021975123498253445
3,0,0,0,0,30.588772112161955,0.10275587127926983,4.909216574575224,0.1,5.860448964066765,0.02,50.0,1926035175.4819875,0.001,0.021975123498253445,0.006035831278671525,0.09604030728861042,0.06207185051103495,90.69809760225328,0.004611870312045357,0.9906415931325341,0.004582483402310597,0.021975123498253445
3,0,0,0,0,30.588772112161955,0.10275587127926983,4.909216574575224,0.1,5.860448964066765,0.02,50.0,1926035175.4819875,0.001,0.021975123498253445,0.006035831278671525,0.09604030728861042,0.06207185051103495,90.69809760225328,0.004611870312045357,0.9906415931325341,0.004582483402310597,0.021975123498253445
3,0,0,0,0,30.588772112161955,0.10275587127926983,4.909216574575224,0.1,5.860448964066765,0.02,50.0,1926035175.4819875,0.001,0.021975123498253445,0.006035831278671525,0.09604030728861042,0.06207185051103495,90.69809760225328,0.004611870312045357,0.9906415931325341,0.004582483402310597,0.021975123498253445
3,0,0,0,0,30.588772112161955,0.10275587127926983,4.909216574575224,0.1,5.860448964066765,0.02,50.0,1926035175.4819875,0.001,0.021975123498253445,0.006035831278671525,0.09604030728861042,0.06207185051103495,90.69809760225328,0.004611870312045357,0.9906415931325341,0.004582483402310597,0.021975123498253445
3,0,0,0,0,30.588772112161955,0.10275587127926983,4.909216574575224,0.1,5.834777035669938,0.02,50.0,1926056389.910099,0.001,0.021976318717004534,0.006036521698043355,0.09604112317353247,0.06207607716730439,90.6728304113115,0.004611948670216818,0.9906394745703614,0.004582563319029948,0.021976318717004534
3,0,0,0,0,30.588772112161955,0.10275587127926983,4.909216574575224,0.1,5.834777035669938,0.02,50.0,1926056389.910099,0.001,0.021976318717004534,0.006036521698043355,0.09604112317353247,0.06207607716730439,90.6728304113115,0.004611948670216818,0.9906394745703614,0.004582563319029948,0.021976318717004534
3,0,0,0,0,30.588772112161955,0.10275587127926983,4.909216574575224,0.1,5.834777035669938,0.02,50.0,1926056389.910099,0.001,0.021976318717004534,0.006036521698043355,0.09604112317353247,0.06207607716730439,90.6728304113115,0.004611948670216818,0.9906394745703614,0.004582563319029948,0.021976318717004534
3,0,0,0,0,30.588772112161955,0.10275587127926983,4.909216574575224,0.1,5.834777035669938,0.02,50.0,1926056389.910099,0.001,0.021976318717004534,0.006036521698043355,0.09604112317353247,0.06207607716730439,90.6728304113115,0.004611948670216818,0.9906394745703614,0.004582563319029948,0.021976318717004534
3,0,0,0,0,30.588772112161955,0.10275587127926983,4.909216574575224,0.1,5.834777035669938,0.02,50.0,1926056389.910099,0.001,0.021976318717004534,0.006036521698043355,0.09604112317353247,0.06207607716730439,90.6728304113115,0.004611948670216818,0.9906394745703614,0.004582563319029948,0.021976318717004534
3,0,0,0,0,30.588772112161955,0.10275587127926983,4.909216574575224,0.1,5.834777035669938,0.02,50.0,1926056389.910099,0.001,0.021976318717004534,0.006036521698043355,0.09604112317353247,0.06207607716730439,90.6728304113115,0.004611948670216818,0.9906394745703614,0.004582563319029948,0.021976318717004534
3,0,0,0,0,30.588772112161955,0.10275587127926983,4.909216574575224,0.1,5.834777035669938,0.02,50.0,1926056389.910099,0.001,0.021976318717004534,0.006036521698043355,0.09604112317353247,0.06207607716730439,90.6728304113115,0.004611948670216818,0.9906394745703614,0.004582563319029948,0.021976318717004534
3,0,0,0,0,30.588772112161955,0.10275587127926983,4.935652707284339,0.1,4.707099646930144,0.02,50.0,1928160514.5714707,0.001,0.02197743691265399,0.00608332886559794,0.09620119630786379,0.06235278745233913,89.10628538188517,0.004627335085532073,0.9905193523142484,0.0045978350089818714,0.02197743691265399
3,0,0,0,0,30.588772112161955,0.10275587127926983,4.935652707284339,0.1,4.707099646930144,0.02,50.0,1928160514.5714707,0.001,0.02197743691265399,0.00608332886559794,0.09620119630786379,0.06235278745233913,89.10628538188517,0.004627335085532073,0.9905193523142484,0.0045978350089818714,0.02197743691265399
3,0,0,0,0,30.588772112161955,0.10275587127926983,4.935652707284339,0.1,4.707099646930144,0.02,50.0,1928160514.5714707,0.001,0.02197743691265399,0.00608332886559794,0.09620119630786379,0.06235278745233913,89.10628538188517,0.004627335085532073,0.9905193523142484,0.0045978350089818714,0.02197743691265399
3,0,0,0,0,30.588772112161955,0.10275587127926983,4.935652707284339,0.1,4.707099646930144,0.02,50.0,1928160514.5714707,0.001,0.02197743691265399,0.00608332886559794,0.09620119630786379,0.06235278745233913,89.10628538188517,0.004627335085532073,0.9905193523142484,0.0045978350089818714,0.02197743691265399
3,0,0,0,0,30.588772112161955,0.10275587127926983,4.935652707284339,0.1,4.707099646930144,0.02,50.0,1928160514.5714707,0.001,0.02197743691265399,0.00608332886559794,0.09620119630786379,0.06235278745233913,89.10628538188517,0.004627335085532073,0.9905193523142484,0.0045978350089818714,0.02197743691265399
3,0,0,0,0,30.588772112161955,0.10275587127926983,4.909216574575224,0.1,5.834777035669938,0.02,50.0,1926035175.4819875,0.001,0.021978261019064506,0.006036452270894576,0.09604015222403882,0.06207532896262117,90.67161622951852,0.004611855419608274,0.9906394884094374,0.004582472453441459,0.021978261019064506
3,0,0,0,0,30.588772112161955,0.10275587127926983,4.909216574575224,0.1,5.834777035669938,0.02,50.0,1926035175.4819875,0.001,0.021978261019064506,0.006036452270894576,0.09604015222403882,0.06207532896262117,90.67161622951852,0.004611855419608274,0.9906394884094374,0.004582472453441459,0.021978261019064506
3,0,0,0,0,30.588772112161955,0.10275587127926983,4.909216574575224,0.1,5.834777035669938,0.02,50.0,1926035175.4819875,0.001,0.021978261019064506,0.006036452270894576,0.09604015222403882,0.06207532896262117,90.67161622951852,0.004611855419608274,0.9906394884094374,0.004582472453441459,0.021978261019064506
3,0,0,0,0,30.588772112161955,0.10275587127926983,4.909216574575224,0.1,5.834777035669938,0.02,50.0,1926035175.4819875,0.001,0.021978261019064506,0.006036452270894576,0.09604015222403882,0.06207532896262117,90.67161622951852,0.004611855419608274,0.9906394884094374,0.004582472453441459,0.021978261019064506
3,0,0,0,0,30.588772112161955,0.10275587127926983,4.909216574575224,0.1,5.834777035669938,0.02,50.0,1926035175.4819875,0.001,0.021978261019064506,0.006036452270894576,0.09604015222403882,0.06207532896262117,90.67161622951852,0.004611855419608274,0.9906394884094374,0.004582472453441459,0.021978261019064506
3,0,0,0,0,30.588772112161955,0.10275587127926983,4.909216574575224,0.1,5.834777035669938,0.02,50.0,1926035175.4819875,0.001,0.021978261019064506,0.006036452270894576,0.09604015222403882,0.06207532896262117,90.67161622951852,0.004611855419608274,0.9906394884094374,0.004582472453441459,0.021978261019064506
3,0,0,0,0,30.588772112161955,0.10275587127926983,4.909216574575224,0.1,5.834777035669938,0.02,50.0,1926035175.4819875,0.001,0.021978261019064506,0.006036452270894576,0.09604015222403882,0.06207532896262117,90.67161622951852,0.004611855419608274,0.9906394884094374,0.004582472453441459,0.021978261019064506
3,0,0,0,0,30.588772112161955,0.10275587127926983,4.909216574575224,0.1,5.834777035669938,0.02,50.0,1926035175.4819875,0.001,0.021978261019064506,0.006036452270894576,0.09604015222403882,0.06207532896262117,90.67161622951852,0.004611855419608274,0.9906394884094374,0.004582472453441459,0.021978261019064506
3,0,0,0,0,30.588772112161955,0.10275587127926983,4.909216574575224,0.1,5.834777035669938,0.02,50.0,1926035175.4819875,0.001,0.021978261019064506,0.006036452270894576,0.09604015222403882,0.06207532896262117,90.67161622951852,0.004611855419608274,0.9906394884094374,0.004582472453441459,0.021978261019064506
3,0,0,0,0,30.588772112161955,0.10275587127926983,4.909216574575224,0.1,5.834777035669938,0.02,50.0,1926035175.4819875,0.001,0.021978261019064506,0.006036452270894576,0.09604015222403882,0.06207532896262117,90.67161622951852,0.004611855419608274,0.9906394884094374,0.004582472453441459,0.021978261019064506
3,0,0,0,0,30.588772112161955,0.10275587127926983,4.909216574575224,0.1,5.834777035669938,0.02,50.0,1926035175.4819875,0.001,0.021978261019064506,0.006036452270894576,0.09604015222403882,0.06207532896262117,90.67161622951852,0.004611855419608274,0.9906394884094374,0.004582472453441459,0.021978261019064506
3,0,0,0,0,30.588772112161955,0.10275587127926983,4.909216574575224,0.1,5.834777035669938,0.02,50.0,1926035175.4819875,0.001,0.021978261019064506,0.006036452270894576,0.09604015222403882,0.06207532896262117,90.67161622951852,0.004611855419608274,0.9906394884094374,0.004582472453441459,0.021978261019064506
3,0,0,0,0,30.588772112161955,0.10275587127926983,4.909216574575224,0.1,5.834777035669938,0.02,50.0,1926035175.4819875,0.001,0.021978261019064506,0.006036452270894576,0.09604015222403882,0.06207532896262117,90.67161622951852,0.004611855419608274,0.9906394884094374,0.004582472453441459,0.021978261019064506
3,0,0,0,0,30.588772112161955,0.10275587127926983,4.909216574575224,0.1,5.834777035669938,0.02,50.0,1926035175.4819875,0.001,0.021978261019064506,0.006036452270894576,0.09604015222403882,0.06207532896262117,90.67161622951852,0.004611855419608274,0.9906394884094374,0.004582472453441459,0.021978261019064506
3,0,0,0,0,30.588772112161955,0.10275587127926983,4.909216574575224,0.1,5.834777035669938,0.02,50.0,1926035175.4819875,0.001,0.021978261019064506,0.006036452270894576,0.09604015222403882,0.06207532896262117,90.67161622951852,0.004611855419608274,0.9906394884094374,0.004582472453441459,0.021978261019064506
3,0,0,0,0,30.588772112161955,0.10275587127926983,4.909216574575224,0.1,5.834777035669938,0.02,50.0,1926035175.4819875,0.001,0.021978261019064506,0.006036452270894576,0.09604015222403882,0.06207532896262117,90.67161622951852,0.004611855419608274,0.9906394884094374,0.004582472453441459,0.021978261019064506
3,0,0,0,0,30.588772112161955,0.10275587127926983,4.909216574575224,0.1,5.834777035669938,0.02,50.0,1926035175.4819875,0.001,0.021978261019064506,0.006036452270894576,0.09604015222403882,0.06207532896262117,90.67161622951852,0.004611855419608274,0.9906394884094374,0.004582472453441459,0.021978261019064506
3,0,0,0,0,30.588772112161955,0.10275587127926983,4.909216574575224,0.1,5.834777035669938,0.02,50.0,1926035175.4819875,0.001,0.021978261019064506,0.006036452270894576,0.09604015222403882,0.06207532896262117,90.67161622951852,0.004611855419608274,0.9906394884094374,0.004582472453441459,0.021978261019064506
3,0,0,0,0,30.588772112161955,0.10275587127926983,4.909216574575224,0.1,5.834777035669938,0.02,50.0,1926035175.4819875,0.001,0.021978261019064506,0.006036452270894576,0.09604015222403882,0.06207532896262117,90.67161622951852,0.004611855419608274,0.9906394884094374,0.004582472453441459,0.021978261019064506
3,0,0,0,0,30.588772112161955,0.10275587127926983,4.909216574575224,0.1,5.834777035669938,0.02,50.0,1926035175.4819875,0.001,0.021978261019064506,0.006036452270894576,0.09604015222403882,0.06207532896262117,90.67161622951852,0.004611855419608274,0.9906394884094374,0.004582472453441459,0.021978261019064506
3,0,0,0,0,30.588772112161955,0.10275587127926983,4.909216574575224,0.1,5.834777035669938,0.02,50.0,1926035175.4819875,0.001,0.021978261019064506,0.006036452270894576,0.09604015222403882,0.06207532896262117,90.67161622951852,0.004611855419608274,0.9906394884094374,0.004582472453441459,0.021978261019064506
3,0,0,0,0,30.588772112161955,0.10275587127926983,4.909216574575224,0.1,5.834777035669938,0.02,50.0,1926035175.4819875,0.001,0.021978261019064506,0.006036452270894576,0.09604015222403882,0.06207532896262117,90.67161622951852,0.004611855419608274,0.9906394884094374,0.004582472453441459,0.021978261019064506
3,0,0,0,0,30.588772112161955,0.10275587127926983,4.909216574575224,0.1,5.834777035669938,0.02,50.0,1926035175.4819875,0.001,0.021978261019064506,0.006036452270894576,0.09604015222403882,0.06207532896262117,90.67161622951852,0.004611855419608274,0.9906394884094374,0.004582472453441459,0.021978261019064506
3,0,0,0,0,30.588772112161955,0.10275587127926983,4.909216574575224,0.1,5.834777035669938,0.02,50.0,1926035175.4819875,0.001,0.021978261019064506,0.006036452270894576,0.09604015222403882,0.06207532896262117,90.67161622951852,0.004611855419608274,0.9906394884094374,0.004582472453441459,0.021978261019064506
3,0,0,0,0,30.588772112161955,0.10275587127926983,4.909216574575224,0.1,5.834777035669938,0.02,50.0,1926035175.4819875,0.001,0.021978261019064506,0.006036452270894576,0.09604015222403882,0.06207532896262117,90.67161622951852,0.004611855419608274,0.9906394884094374,0.004582472453441459,0.021978261019064506
3,0,0,0,0,30.588772112161955,0.10275587127926983,4.909216574575224,0.1,5.834777035669938,0.02,50.0,1926035175.4819875,0.001,0.021978261019064506,0.006036452270894576,0.09604015222403882,0.06207532896262117,90.67161622951852,0.004611855419608274,0.9906394884094374,0.004582472453441459,0.021978261019064506
3,0,0,0,0,30.588772112161955,0.10275587127926983,4.909216574575224,0.1,5.834777035669938,0.02,50.0,1926035175.4819875,0.001,0.021978261019064506,0.006036452270894576,0.09604015222403882,0.06207532896262117,90.67161622951852,0.004611855419608274,0.9906394884094374,0.004582472453441459,0.021978261019064506
3,0,0,0,0,30.588772112161955,0.10275587127926983,4.909216574575224,0.1,5.834777035669938,0.02,50.0,1926035175.4819875,0.001,0.021978261019064506,0.006036452270894576,0.09604015222403882,0.06207532896262117,90.67161622951852,0.004611855419608274,0.9906394884094374,0.004582472453441459,0.021978261019064506
3,0,0,0,0,30.588772112161955,0.10275587127926983,4.909216574575224,0.1,5.834777035669938,0.02,50.0,1926035175.4819875,0.001,0.021978261019064506,0.006036452270894576,0.09604015222403882,0.06207532896262117,90.67161622951852,0.004611855419608274,0.9906394884094374,0.004582472453441459,0.021978261019064506
3,0,0,0,0,30.588772112161955,0.10275587127926983,4.909216574575224,0.1,5.834777035669938,0.02,50.0,1926035175.4819875,0.001,0.021978261019064506,0.006036452270894576,0.09604015222403882,0.06207532896262117,90.67161622951852,0.004611855419608274,0.9906394884094374,0.004582472453441459,0.021978261019064506
3,0,0,0,0,30.588772112161955,0.10275587127926983,4.935652707284339,0.1,4.913726096499906,0.02,50.0,1927860405.390303,0.001,0.021980908281205552,0.0060726156361961305,0.09615986541869939,0.06229619467221388,89.27165908213895,0.004623359858671189,0.990545787549579,0.0045938915984453,0.021980908281205552
3,0,0,0,0,30.588772112161955,0.10269515999484402,4.909216574575224,0.1,6.096678493335499,0.02,50.0,1932336174.47563,0.001,0.021981395805097947,0.006031653086082223,0.09606134157531658,0.06205592906728823,91.16767258144394,0.004613890672624823,0.9906602346158505,0.0045844164349537475,0.021981395805097947
3,0,0,0,0,30.588772112161955,0.10275587127926983,4.909216574575224,0.1,5.164034449512428,0.02,50.0,1926977295.570268,0.001,0.02198169555234515,0.006058367287312123,0.09608207305518168,0.06221201728460789,89.97709763121534,0.004615882381290635,0.9905758345986377,0.004586504885133501,0.02198169555234515
3,0,0,0,0,30.588772112161955,0.102719208285074,4.909216574575224,0.1,5.834777035669938,0.02,50.0,1929302995.3445444,0.001,0.021983049684546528,0.006037072220483386,0.09605008309086878,0.062069122610157304,90.88456818145943,0.004612809230881398,0.9906396474704453,0.004583420451394557,0.021983049684546528
3,0,0,0,0,30.588772112161955,0.102719208285074,4.909216574575224,0.1,5.834777035669938,0.02,50.0,1929302995.3445444,0.001,0.021983049684546528,0.006037072220483386,0.09605008309086878,0.062069122610157304,90.88456818145943,0.004612809230881398,0.9906396474704453,0.004583420451394557,0.021983049684546528
3,0,0,0,0,30.588772112161955,0.102719208285074,4.909216574575224,0.1,5.834777035669938,0.02,50.0,1929302995.3445444,0.001,0.021983049684546528,0.006037072220483386,0.09605008309086878,0.062069122610157304,90.88456818145943,0.004612809230881398,0.9906396474704453,0.004583420451394557,0.021983049684546528
3,0,0,0,0,30.588772112161955,0.102719208285074,4.909216574575224,0.1,5.834777035669938,0.02,50.0,1929302995.3445444,0.001,0.021983049684546528,0.006037072220483386,0.09605008309086878,0.062069122610157304,90.88456818145943,0.004612809230881398,0.9906396474704453,0.004583420451394557,0.021983049684546528
3,0,0,0,0,30.588772112161955,0.10275587127926983,4.909216574575224,0.1,5.770271219813452,0.02,50.0,1926035175.4819875,0.001,0.021986233965073806,0.006038042303750589,0.09603979118187257,0.06208420593303311,90.60441085008544,0.004611820745128844,0.9906341073927987,0.004582447766790506,0.021986233965073806
3,0,0,0,0,30.588772112161955,0.10275587127926983,4.909216574575224,0.1,5.770271219813452,0.02,50.0,1926035175.4819875,0.001,0.021986233965073806,0.006038042303750589,0.09603979118187257,0.06208420593303311,90.60441085008544,0.004611820745128844,0.9906341073927987,0.004582447766790506,0.021986233965073806
3,0,0,0,0,30.588772112161955,0.10275587127926983,4.909216574575224,0.1,5.770271219813452,0.02,50.0,1926035175.4819875,0.001,0.021986233965073806,0.006038042303750589,0.09603979118187257,0.06208420593303311,90.60441085008544,0.004611820745128844,0.9906341073927987,0.004582447766790506,0.021986233965073806
3,0,0,0,0,30.588772112161955,0.10275587127926983,4.909216574575224,0.1,5.770271219813452,0.02,50.0,1926035175.4819875,0.001,0.021986233965073806,0.006038042303750589,0.09603979118187257,0.06208420593303311,90.60441085008544,0.004611820745128844,0.9906341073927987,0.004582447766790506,0.021986233965073806
3,0,0,0,0,30.588772112161955,0.10275587127926983,4.909216574575224,0.1,5.770271219813452,0.02,50.0,1926035175.4819875,0.001,0.021986233965073806,0.006038042303750589,0.09603979118187257,0.06208420593303311,90.60441085008544,0.004611820745128844,0.9906341073927987,0.004582447766790506,0.021986233965073806
3,0,0,0,0,30.588772112161955,0.10275587127926983,4.909216574575224,0.1,5.770271219813452,0.02,50.0,1926035175.4819875,0.001,0.021986233965073806,0.006038042303750589,0.09603979118187257,0.06208420593303311,90.60441085008544,0.004611820745128844,0.9906341073927987,0.004582447766790506,0.021986233965073806
3,0,0,0,0,30.588772112161955,0.10275587127926983,4.909216574575224,0.1,5.770271219813452,0.02,50.0,1926035175.4819875,0.001,0.021986233965073806,0.006038042303750589,0.09603979118187257,0.06208420593303311,90.60441085008544,0.004611820745128844,0.9906341073927987,0.004582447766790506,0.021986233965073806
3,0,0,0,0,30.588772112161955,0.10275587127926983,4.909216574575224,0.1,5.770271219813452,0.02,50.0,1926035175.4819875,0.001,0.021986233965073806,0.006038042303750589,0.09603979118187257,0.06208420593303311,90.60441085008544,0.004611820745128844,0.9906341073927987,0.004582447766790506,0.021986233965073806
3,0,0,0,0,30.588772112161955,0.10275587127926983,4.909216574575224,0.1,5.770271219813452,0.02,50.0,1926035175.4819875,0.001,0.021986233965073806,0.006038042303750589,0.09603979118187257,0.06208420593303311,90.60441085008544,0.004611820745128844,0.9906341073927987,0.004582447766790506,0.021986233965073806
3,0,0,0,0,30.588772112161955,0.10275587127926983,4.909216574575224,0.1,5.770271219813452,0.02,50.0,1926035175.4819875,0.001,0.021986233965073806,0.006038042303750589,0.09603979118187257,0.06208420593303311,90.60441085008544,0.004611820745128844,0.9906341073927987,0.004582447766790506,0.021986233965073806
3,0,0,0,0,30.588772112161955,0.10275587127926983,4.909216574575224,0.1,5.770271219813452,0.02,50.0,1926035175.4819875,0.001,0.021986233965073806,0.006038042303750589,0.09603979118187257,0.06208420593303311,90.60441085008544,0.004611820745128844,0.9906341073927987,0.004582447766790506,0.021986233965073806
3,0,0,0,0,30.588772112161955,0.10275587127926983,4.909216574575224,0.1,5.770271219813452,0.02,50.0,1926035175.4819875,0.001,0.021986233965073806,0.006038042303750589,0.09603979118187257,0.06208420593303311,90.60441085008544,0.004611820745128844,0.9906341073927987,0.004582447766790506,0.021986233965073806
3,0,0,0,0,30.588772112161955,0.10275587127926983,4.909216574575224,0.1,5.770271219813452,0.02,50.0,1926035175.4819875,0.001,0.021986233965073806,0.006038042303750589,0.09603979118187257,0.06208420593303311,90.60441085008544,0.004611820745128844,0.9906341073927987,0.004582447766790506,0.021986233965073806
3,0,0,0,0,30.588772112161955,0.10275587127926983,4.909216574575224,0.1,5.770271219813452,0.02,50.0,1926035175.4819875,0.001,0.021986233965073806,0.006038042303750589,0.09603979118187257,0.06208420593303311,90.60441085008544,0.004611820745128844,0.9906341073927987,0.004582447766790506,0.021986233965073806
3,0,0,0,0,30.588772112161955,0.10275587127926983,4.909216574575224,0.1,5.770271219813452,0.02,50.0,1926035175.4819875,0.001,0.021986233965073806,0.006038042303750589,0.09603979118187257,0.06208420593303311,90.60441085008544,0.004611820745128844,0.9906341073927987,0.004582447766790506,0.021986233965073806
3,0,0,0,0,30.588772112161955,0.10275587127926983,4.909216574575224,0.1,5.770271219813452,0.02,50.0,1926035175.4819875,0.001,0.021986233965073806,0.006038042303750589,0.09603979118187257,0.06208420593303311,90.60441085008544,0.004611820745128844,0.9906341073927987,0.004582447766790506,0.021986233965073806
3,0,0,0,0,30.588772112161955,0.10275587127926983,4.909216574575224,0.1,5.770271219813452,0.02,50.0,1926035175.4819875,0.001,0.021986233965073806,0.006038042303750589,0.09603979118187257,0.06208420593303311,90.60441085008544,0.004611820745128844,0.9906341073927987,0.004582447766790506,0.021986233965073806
3,0,0,0,0,30.588772112161955,0.10275587127926983,4.909216574575224,0.1,5.770271219813452,0.02,50.0,1926035175.4819875,0.001,0.021986233965073806,0.006038042303750589,0.09603979118187257,0.06208420593303311,90.60441085008544,0.004611820745128844,0.9906341073927987,0.004582447766790506,0.021986233965073806
3,0,0,0,0,30.588772112161955,0.10275587127926983,4.909216574575224,0.1,5.770271219813452,0.02,50.0,1926035175.4819875,0.001,0.021986233965073806,0.006038042303750589,0.09603979118187257,0.06208420593303311,90.60441085008544,0.004611820745128844,0.9906341073927987,0.004582447766790506,0.021986233965073806
3,0,0,0,0,30.588772112161955,0.10275587127926983,4.909216574575224,0.1,5.770271219813452,0.02,50.0,1926035175.4819875,0.001,0.021986233965073806,0.006038042303750589,0.09603979118187257,0.06208420593303311,90.60441085008544,0.004611820745128844,0.9906341073927987,0.004582447766790506,0.021986233965073806
3,0,0,0,0,30.588772112161955,0.10275587127926983,4.909216574575224,0.1,5.770271219813452,0.02,50.0,1926035175.4819875,0.001,0.021986233965073806,0.006038042303750589,0.09603979118187257,0.06208420593303311,90.60441085008544,0.004611820745128844,0.9906341073927987,0.004582447766790506,0.021986233965073806
3,0,0,0,0,30.588772112161955,0.10275587127926983,4.909216574575224,0.1,5.770271219813452,0.02,50.0,1926035175.4819875,0.001,0.021986233965073806,0.006038042303750589,0.09603979118187257,0.06208420593303311,90.60441085008544,0.004611820745128844,0.9906341073927987,0.004582447766790506,0.021986233965073806
3,0,0,0,0,30.588772112161955,0.10275587127926983,4.909216574575224,0.1,5.770271219813452,0.02,50.0,1926035175.4819875,0.001,0.021986233965073806,0.006038042303750589,0.09603979118187257,0.06208420593303311,90.60441085008544,0.004611820745128844,0.9906341073927987,0.004582447766790506,0.021986233965073806
3,0,0,0,0,30.588772112161955,0.10275587127926983,4.909216574575224,0.1,5.770271219813452,0.02,50.0,1926035175.4819875,0.001,0.021986233965073806,0.006038042303750589,0.09603979118187257,0.06208420593303311,90.60441085008544,0.004611820745128844,0.9906341073927987,0.004582447766790506,0.021986233965073806
3,0,0,0,0,30.588772112161955,0.10269515999484402,4.909216574575224,0.1,6.119548629445858,0.02,50.0,1932336174.47563,0.001,0.021989882764154756,0.0060311570682025925,0.09606152981451471,0.06205308315024671,91.19001764501128,0.00461390875515245,0.9906619302013471,0.004584431131666431,0.021989882764154756
3,0,0,0,0,30.588772112161955,0.10275587127926983,4.909216574575224,0.1,4.913726096499906,0.02,50.0,1929459823.8826401,0.001,0.02199173540028826,0.006075140709537058,0.0961996867890561,0.062345984193577196,89.80878009268659,0.004627189869156247,0.9905463073295744,0.00459757885856492,0.02199173540028826
3,0,0,0,0,30.588772112161955,0.10275587127926983,4.909216574575224,0.1,4.913726096499906,0.02,50.0,1929459823.8826401,0.001,0.02199173540028826,0.006075140709537058,0.0961996867890561,0.062345984193577196,89.80878009268659,0.004627189869156247,0.9905463073295744,0.00459757885856492,0.02199173540028826
3,0,0,0,0,30.588772112161955,0.10275587127926983,4.909216574575224,0.1,4.913726096499906,0.02,50.0,1929459823.8826401,0.001,0.02199173540028826,0.006075140709537058,0.0961996867890561,0.062345984193577196,89.80878009268659,0.004627189869156247,0.9905463073295744,0.00459757885856492,0.02199173540028826
3,0,0,0,0,30.588772112161955,0.10275587127926983,4.935652707284339,0.1,5.429186004127088,0.02,50.0,1928160514.5714707,0.001,0.021992569985124222,0.006058492376575008,0.0961933231667859,0.062219890856755375,90.02699817073115,0.004626577710934854,0.990600373403598,0.00459694923100849,0.021992569985124222
3,0,0,0,0,30.588772112161955,0.10275587127926983,4.935652707284339,0.1,5.429186004127088,0.02,50.0,1928160514.5714707,0.001,0.021992569985124222,0.006058492376575008,0.0961933231667859,0.062219890856755375,90.02699817073115,0.004626577710934854,0.990600373403598,0.00459694923100849,0.021992569985124222
3,0,0,0,0,30.588772112161955,0.10275587127926983,4.935652707284339,0.1,5.429186004127088,0.02,50.0,1928160514.5714707,0.001,0.021992569985124222,0.006058492376575008,0.0961933231667859,0.062219890856755375,90.02699817073115,0.004626577710934854,0.990600373403598,0.00459694923100849,0.021992569985124222
3,0,0,0,0,30.588772112161955,0.10275587127926983,4.935652707284339,0.1,5.429186004127088,0.02,50.0,1928160514.5714707,0.001,0.021992569985124222,0.006058492376575008,0.0961933231667859,0.062219890856755375,90.02699817073115,0.004626577710934854,0.990600373403598,0.00459694923100849,0.021992569985124222
3,0,0,0,0,30.588772112161955,0.10275587127926983,4.935652707284339,0.1,5.429186004127088,0.02,50.0,1928160514.5714707,0.001,0.021992569985124222,0.006058492376575008,0.0961933231667859,0.062219890856755375,90.02699817073115,0.004626577710934854,0.990600373403598,0.00459694923100849,0.021992569985124222
3,0,0,0,0,30.56436684282887,0.10275587127926983,4.935652707284339,0.1,5.44788756881862,0.02,50.0,1928160514.5714707,0.001,0.021994740430882495,0.006052849603746926,0.09612278978490818,0.06216383452341973,90.02125100794467,0.004619795358016824,0.9906033571562162,0.004590333263572364,0.021994740430882495
3,0,0,0,0,30.56436684282887,0.10275587127926983,4.935652707284339,0.1,5.44788756881862,0.02,50.0,1928160514.5714707,0.001,0.021994740430882495,0.006052849603746926,0.09612278978490818,0.06216383452341973,90.02125100794467,0.004619795358016824,0.9906033571562162,0.004590333263572364,0.021994740430882495
3,0,0,0,0,30.56436684282887,0.10275587127926983,4.935652707284339,0.1,5.44788756881862,0.02,50.0,1928160514.5714707,0.001,0.021994740430882495,0.006052849603746926,0.09612278978490818,0.06216383452341973,90.02125100794467,0.004619795358016824,0.9906033571562162,0.004590333263572364,0.021994740430882495
3,0,0,0,0,30.56436684282887,0.10275587127926983,4.935652707284339,0.1,5.44788756881862,0.02,50.0,1928160514.5714707,0.001,0.021994740430882495,0.006052849603746926,0.09612278978490818,0.06216383452341973,90.02125100794467,0.004619795358016824,0.9906033571562162,0.004590333263572364,0.021994740430882495
3,0,0,0,0,30.588772112161955,0.10275587127926983,4.935652707284339,0.1,4.913726096499906,0.02,50.0,1927687879.3901188,0.001,0.02199672443879719,0.006072062275414938,0.09615188951481231,0.06229005516661989,89.26189582236884,0.004622592928634336,0.990545842582097,0.00459314383506432,0.02199672443879719
3,0,0,0,0,30.588772112161955,0.10275587127926983,4.935652707284339,0.1,4.913726096499906,0.02,50.0,1927687879.3901188,0.001,0.02199672443879719,0.006072062275414938,0.09615188951481231,0.06229005516661989,89.26189582236884,0.004622592928634336,0.990545842582097,0.00459314383506432,0.02199672443879719
3,0,0,0,0,30.588772112161955,0.10275587127926983,4.935652707284339,0.1,4.913726096499906,0.02,50.0,1927687879.3901188,0.001,0.02199672443879719,0.006072062275414938,0.09615188951481231,0.06229005516661989,89.26189582236884,0.004622592928634336,0.990545842582097,0.00459314383506432,0.02199672443879719
3,0,0,0,0,30.588772112161955,0.10275587127926983,4.935652707284339,0.1,4.913726096499906,0.02,50.0,1927687879.3901188,0.001,0.02199672443879719,0.006072062275414938,0.09615188951481231,0.06229005516661989,89.26189582236884,0.004622592928634336,0.990545842582097,0.00459314383506432,0.02199672443879719
3,0,0,0,0,30.588772112161955,0.10275587127926983,4.935652707284339,0.1,4.913726096499906,0.02,50.0,1927687879.3901188,0.001,0.02199672443879719,0.006072062275414938,0.09615188951481231,0.06229005516661989,89.26189582236884,0.004622592928634336,0.990545842582097,0.00459314383506432,0.02199672443879719
3,0,0,0,0,30.588772112161955,0.10275587127926983,4.935652707284339,0.1,4.913726096499906,0.02,50.0,1927687879.3901188,0.001,0.02199672443879719,0.006072062275414938,0.09615188951481231,0.06229005516661989,89.26189582236884,0.004622592928634336,0.990545842582097,0.00459314383506432,0.02199672443879719
3,0,0,0,0,30.588772112161955,0.10275587127926983,4.935652707284339,0.1,4.913726096499906,0.02,50.0,1927687879.3901188,0.001,0.02199672443879719,0.006072062275414938,0.09615188951481231,0.06229005516661989,89.26189582236884,0.004622592928634336,0.990545842582097,0.00459314383506432,0.02199672443879719
3,0,0,0,0,30.588772112161955,0.10275587127926983,4.935652707284339,0.1,4.913726096499906,0.02,50.0,1927687879.3901188,0.001,0.02199672443879719,0.006072062275414938,0.09615188951481231,0.06229005516661989,89.26189582236884,0.004622592928634336,0.990545842582097,0.00459314383506432,0.02199672443879719
3,0,0,0,0,30.588772112161955,0.10275587127926983,4.935652707284339,0.1,4.913726096499906,0.02,50.0,1927687879.3901188,0.001,0.02199672443879719,0.006072062275414938,0.09615188951481231,0.06229005516661989,89.26189582236884,0.004622592928634336,0.990545842582097,0.00459314383506432,0.02199672443879719
3,0,0,0,0,30.588772112161955,0.10275587127926983,4.935652707284339,0.1,4.913726096499906,0.02,50.0,1927687879.3901188,0.001,0.02199672443879719,0.006072062275414938,0.09615188951481231,0.06229005516661989,89.26189582236884,0.004622592928634336,0.990545842582097,0.00459314383506432,0.02199672443879719
3,0,0,0,0,30.588772112161955,0.10275587127926983,4.935652707284339,0.1,4.913726096499906,0.02,50.0,1927687879.3901188,0.001,0.02199672443879719,0.006072062275414938,0.09615188951481231,0.06229005516661989,89.26189582236884,0.004622592928634336,0.990545842582097,0.00459314383506432,0.02199672443879719
3,0,0,0,0,30.588772112161955,0.10275587127926983,4.909216574575224,0.1,5.678001731441819,0.02,50.0,1926035175.4819875,0.001,0.02199786531309332,0.006040393278369108,0.09603935128364913,0.06209725426467745,90.50659754935103,0.004611778497492079,0.9906261722329178,0.004582420001209999,0.02199786531309332
3,0,0,0,0,30.588772112161955,0.10275587127926983,4.909216574575224,0.1,5.611251708926973,0.02,50.0,1926035175.4819875,0.001,0.02200645049255321,0.0060421528801895595,0.09603909446286796,0.062106961182135476,90.43457810432338,0.004611753832623838,0.9906202493421571,0.004582405955515621,0.02200645049255321
3,0,0,0,0,30.588772112161955,0.10275587127926983,4.909216574575224,0.1,5.611251708926973,0.02,50.0,1926035175.4819875,0.001,0.02200645049255321,0.0060421528801895595,0.09603909446286796,0.062106961182135476,90.43457810432338,0.004611753832623838,0.9906202493421571,0.004582405955515621,0.02200645049255321
3,0,0,0,0,30.588772112161955,0.10275587127926983,4.909216574575224,0.1,5.611251708926973,0.02,50.0,1926035175.4819875,0.001,0.02200645049255321,0.0060421528801895595,0.09603909446286796,0.062106961182135476,90.43457810432338,0.004611753832623838,0.9906202493421571,0.004582405955515621,0.02200645049255321
3,0,0,0,0,30.588772112161955,0.10275587127926983,4.909216574575224,0.1,5.611251708926973,0.02,50.0,1926035175.4819875,0.001,0.02200645049255321,0.0060421528801895595,0.09603909446286796,0.062106961182135476,90.43457810432338,0.004611753832623838,0.9906202493421571,0.004582405955515621,0.02200645049255321
3,0,0,0,0,30.588772112161955,0.10275587127926983,4.909216574575224,0.1,5.611251708926973,0.02,50.0,1926035175.4819875,0.001,0.02200645049255321,0.0060421528801895595,0.09603909446286796,0.062106961182135476,90.43457810432338,0.004611753832623838,0.9906202493421571,0.004582405955515621,0.02200645049255321
3,0,0,0,0,30.588772112161955,0.10275587127926983,4.909216574575224,0.1,5.611251708926973,0.02,50.0,1926035175.4819875,0.001,0.02200645049255321,0.0060421528801895595,0.09603909446286796,0.062106961182135476,90.43457810432338,0.004611753832623838,0.9906202493421571,0.004582405955515621,0.02200645049255321
3,0,0,0,0,30.588772112161955,0.10275587127926983,4.909216574575224,0.1,5.606984740849668,0.02,50.0,1926035175.4819875,0.001,0.02200700426485857,0.006042267100000746,0.09603907991559224,0.06210758954712364,90.42993783885149,0.0046117524355167566,0.9906198653495366,0.0045824052412776674,0.02200700426485857
3,0,0,0,0,30.588772112161955,0.10275587127926983,4.909216574575224,0.1,5.606984740849668,0.02,50.0,1926035175.4819875,0.001,0.02200700426485857,0.006042267100000746,0.09603907991559224,0.06210758954712364,90.42993783885149,0.0046117524355167566,0.9906198653495366,0.0045824052412776674,0.02200700426485857
3,0,0,0,0,30.588772112161955,0.10275587127926983,4.909216574575224,0.1,5.606984740849668,0.02,50.0,1926035175.4819875,0.001,0.02200700426485857,0.006042267100000746,0.09603907991559224,0.06210758954712364,90.42993783885149,0.0046117524355167566,0.9906198653495366,0.0045824052412776674,0.02200700426485857
3,0,0,0,0,30.588772112161955,0.10275587127926983,4.909216574575224,0.1,5.606984740849668,0.02,50.0,1926035175.4819875,0.001,0.02200700426485857,0.006042267100000746,0.09603907991559224,0.06210758954712364,90.42993783885149,0.0046117524355167566,0.9906198653495366,0.0045824052412776674,0.02200700426485857
3,0,0,0,0,30.588772112161955,0.10275587127926983,4.935652707284339,0.1,4.843765376785686,0.02,50.0,1927687879.3901188,0.001,0.022008070301707996,0.006074692836827879,0.09615295384404487,0.06230382861651999,89.16890115383677,0.004622695266467513,0.9905373128323313,0.004593258799204172,0.022008070301707996
3,0,0,0,0,30.588772112161955,0.10275587127926983,4.935652707284339,0.1,4.843765376785686,0.02,50.0,1927687879.3901188,0.001,0.022008070301707996,0.006074692836827879,0.09615295384404487,0.06230382861651999,89.16890115383677,0.004622695266467513,0.9905373128323313,0.004593258799204172,0.022008070301707996
3,0,0,0,0,30.588772112161955,0.10275587127926983,4.935652707284339,0.1,4.843765376785686,0.02,50.0,1927687879.3901188,0.001,0.022008070301707996,0.006074692836827879,0.09615295384404487,0.06230382861651999,89.16890115383677,0.004622695266467513,0.9905373128323313,0.004593258799204172,0.022008070301707996
3,0,0,0,0,30.588772112161955,0.10275587127926983,4.909216574575224,0.1,6.461240474905211,0.02,50.0,1926035175.4819875,0.001,0.022014851962184667,0.006022979391873782,0.0960453490665146,0.06199835185119449,91.27735580624606,0.004612354538654318,0.9906855626172808,0.004582880417186073,0.022014851962184667
3,0,0,0,0,30.588772112161955,0.10275587127926983,4.909216574575224,0.1,6.461240474905211,0.02,50.0,1926035175.4819875,0.001,0.022014851962184667,0.006022979391873782,0.0960453490665146,0.06199835185119449,91.27735580624606,0.004612354538654318,0.9906855626172808,0.004582880417186073,0.022014851962184667
3,0,0,0,0,30.588772112161955,0.10275587127926983,4.909216574575224,0.1,6.461240474905211,0.02,50.0,1926035175.4819875,0.001,0.022014851962184667,0.006022979391873782,0.0960453490665146,0.06199835185119449,91.27735580624606,0.004612354538654318,0.9906855626172808,0.004582880417186073,0.022014851962184667
3,0,0,0,0,30.588772112161955,0.10275587127926983,4.909216574575224,0.1,6.461240474905211,0.02,50.0,1926035175.4819875,0.001,0.022014851962184667,0.006022979391873782,0.0960453490665146,0.06199835185119449,91.27735580624606,0.004612354538654318,0.9906855626172808,0.004582880417186073,0.022014851962184667
3,0,0,0,0,30.588772112161955,0.10275587127926983,4.909216574575224,0.1,6.461240474905211,0.02,50.0,1926035175.4819875,0.001,0.022014851962184667,0.006022979391873782,0.0960453490665146,0.06199835185119449,91.27735580624606,0.004612354538654318,0.9906855626172808,0.004582880417186073,0.022014851962184667
3,0,0,0,0,30.588772112161955,0.10275587127926983,4.909216574575224,0.1,6.492991679428103,0.02,50.0,1926035175.4819875,0.001,0.02202536519698539,0.006022379309274914,0.09604567246234072,0.06199484713072927,91.30594088840657,0.004612385599371617,0.9906876353676174,0.004582907135936513,0.02202536519698539
3,0,0,0,0,30.588772112161955,0.10275587127926983,4.909216574575224,0.1,5.4048973258924295,0.02,50.0,1926035175.4819875,0.001,0.022033937269024848,0.006047930210271722,0.09603867807419474,0.06213848419376647,90.20503555620283,0.004611713843119406,0.9906008982663729,0.004582399537785862,0.022033937269024848
3,0,0,0,0,30.588772112161955,0.10275587127926983,4.909216574575224,0.1,5.4048973258924295,0.02,50.0,1926035175.4819875,0.001,0.022033937269024848,0.006047930210271722,0.09603867807419474,0.06213848419376647,90.20503555620283,0.004611713843119406,0.9906008982663729,0.004582399537785862,0.022033937269024848
3,0,0,0,0,30.588772112161955,0.10275587127926983,4.909216574575224,0.1,5.4048973258924295,0.02,50.0,1926035175.4819875,0.001,0.022033937269024848,0.006047930210271722,0.09603867807419474,0.06213848419376647,90.20503555620283,0.004611713843119406,0.9906008982663729,0.004582399537785862,0.022033937269024848
3,0,0,0,0,30.588772112161955,0.10275587127926983,4.909216574575224,0.1,5.4048973258924295,0.02,50.0,1926035175.4819875,0.001,0.022033937269024848,0.006047930210271722,0.09603867807419474,0.06213848419376647,90.20503555620283,0.004611713843119406,0.9906008982663729,0.004582399537785862,0.022033937269024848
3,0,0,0,0,30.588772112161955,0.10275587127926983,4.909216574575224,0.1,5.4048973258924295,0.02,50.0,1926035175.4819875,0.001,0.022033937269024848,0.006047930210271722,0.09603867807419474,0.06213848419376647,90.20503555620283,0.004611713843119406,0.9906008982663729,0.004582399537785862,0.022033937269024848
3,0,0,0,0,30.588772112161955,0.10275587127926983,4.909216574575224,0.1,5.4048973258924295,0.02,50.0,1926035175.4819875,0.001,0.022033937269024848,0.006047930210271722,0.09603867807419474,0.06213848419376647,90.20503555620283,0.004611713843119406,0.9906008982663729,0.004582399537785862,0.022033937269024848
3,0,0,0,0,30.588772112161955,0.10275587127926983,4.909216574575224,0.1,5.4048973258924295,0.02,50.0,1926035175.4819875,0.001,0.022033937269024848,0.006047930210271722,0.09603867807419474,0.06213848419376647,90.20503555620283,0.004611713843119406,0.9906008982663729,0.004582399537785862,0.022033937269024848
3,0,0,0,0,30.628346273208713,0.10271435049473164,4.916575308466576,0.1,5.656406980247076,0.02,50.0,1929400793.115688,0.001,0.0220390208457919,0.006047844359420978,0.09613498473774648,0.06216522572104884,90.52159731233705,0.004620967645263374,0.9906227766408779,0.004591395664685491,0.0220390208457919
3,0,0,0,0,30.628346273208713,0.10271435049473164,4.916575308466576,0.1,5.656406980247076,0.02,50.0,1929400793.115688,0.001,0.0220390208457919,0.006047844359420978,0.09613498473774648,0.06216522572104884,90.52159731233705,0.004620967645263374,0.9906227766408779,0.004591395664685491,0.0220390208457919
3,0,0,0,0,30.628346273208713,0.10271435049473164,4.916575308466576,0.1,5.656406980247076,0.02,50.0,1929400793.115688,0.001,0.0220390208457919,0.006047844359420978,0.09613498473774648,0.06216522572104884,90.52159731233705,0.004620967645263374,0.9906227766408779,0.004591395664685491,0.0220390208457919
3,0,0,0,0,30.628346273208713,0.10271435049473164,4.916575308466576,0.1,5.656406980247076,0.02,50.0,1929400793.115688,0.001,0.0220390208457919,0.006047844359420978,0.09613498473774648,0.06216522572104884,90.52159731233705,0.004620967645263374,0.9906227766408779,0.004591395664685491,0.0220390208457919
3,0,0,0,0,30.628346273208713,0.10271435049473164,4.916575308466576,0.1,5.656406980247076,0.02,50.0,1929400793.115688,0.001,0.0220390208457919,0.006047844359420978,0.09613498473774648,0.06216522572104884,90.52159731233705,0.004620967645263374,0.9906227766408779,0.004591395664685491,0.0220390208457919
3,0,0,0,0,30.628346273208713,0.10271435049473164,4.916575308466576,0.1,5.656406980247076,0.02,50.0,1929400793.115688,0.001,0.0220390208457919,0.006047844359420978,0.09613498473774648,0.06216522572104884,90.52159731233705,0.004620967645263374,0.9906227766408779,0.004591395664685491,0.0220390208457919
3,0,0,0,0,30.628346273208713,0.10271435049473164,4.916575308466576,0.1,5.656406980247076,0.02,50.0,1929400793.115688,0.001,0.0220390208457919,0.006047844359420978,0.09613498473774648,0.06216522572104884,90.52159731233705,0.004620967645263374,0.9906227766408779,0.004591395664685491,0.0220390208457919
3,0,0,0,0,30.628346273208713,0.10271435049473164,4.916575308466576,0.1,5.656406980247076,0.02,50.0,1929400793.115688,0.001,0.0220390208457919,0.006047844359420978,0.09613498473774648,0.06216522572104884,90.52159731233705,0.004620967645263374,0.9906227766408779,0.004591395664685491,0.0220390208457919
3,0,0,0,0,30.628346273208713,0.10271435049473164,4.916575308466576,0.1,5.656406980247076,0.02,50.0,1929400793.115688,0.001,0.0220390208457919,0.006047844359420978,0.09613498473774648,0.06216522572104884,90.52159731233705,0.004620967645263374,0.9906227766408779,0.004591395664685491,0.0220390208457919
3,0,0,0,0,30.628346273208713,0.10271435049473164,4.916575308466576,0.1,5.656406980247076,0.02,50.0,1929400793.115688,0.001,0.0220390208457919,0.006047844359420978,0.09613498473774648,0.06216522572104884,90.52159731233705,0.004620967645263374,0.9906227766408779,0.004591395664685491,0.0220390208457919
3,0,0,0,0,30.628346273208713,0.10271435049473164,4.916575308466576,0.1,5.656406980247076,0.02,50.0,1929400793.115688,0.001,0.0220390208457919,0.006047844359420978,0.09613498473774648,0.06216522572104884,90.52159731233705,0.004620967645263374,0.9906227766408779,0.004591395664685491,0.0220390208457919
3,0,0,0,0,30.628346273208713,0.10271435049473164,4.916575308466576,0.1,5.656406980247076,0.02,50.0,1929400793.115688,0.001,0.0220390208457919,0.006047844359420978,0.09613498473774648,0.06216522572104884,90.52159731233705,0.004620967645263374,0.9906227766408779,0.004591395664685491,0.0220390208457919
3,0,0,0,0,30.628346273208713,0.10271435049473164,4.916575308466576,0.1,5.656406980247076,0.02,50.0,1929400793.115688,0.001,0.0220390208457919,0.006047844359420978,0.09613498473774648,0.06216522572104884,90.52159731233705,0.004620967645263374,0.9906227766408779,0.004591395664685491,0.0220390208457919
3,0,0,0,0,30.628346273208713,0.10271435049473164,4.916575308466576,0.1,5.656406980247076,0.02,50.0,1929400793.115688,0.001,0.0220390208457919,0.006047844359420978,0.09613498473774648,0.06216522572104884,90.52159731233705,0.004620967645263374,0.9906227766408779,0.004591395664685491,0.0220390208457919
3,0,0,0,0,30.628346273208713,0.10271435049473164,4.916575308466576,0.1,5.656406980247076,0.02,50.0,1929400793.115688,0.001,0.0220390208457919,0.006047844359420978,0.09613498473774648,0.06216522572104884,90.52159731233705,0.004620967645263374,0.9906227766408779,0.004591395664685491,0.0220390208457919
3,0,0,0,0,30.628346273208713,0.10271435049473164,4.916575308466576,0.1,5.656406980247076,0.02,50.0,1929400793.115688,0.001,0.0220390208457919,0.006047844359420978,0.09613498473774648,0.06216522572104884,90.52159731233705,0.004620967645263374,0.9906227766408779,0.004591395664685491,0.0220390208457919
3,0,0,0,0,30.628346273208713,0.10271435049473164,4.916575308466576,0.1,5.656406980247076,0.02,50.0,1929400793.115688,0.001,0.0220390208457919,0.006047844359420978,0.09613498473774648,0.06216522572104884,90.52159731233705,0.004620967645263374,0.9906227766408779,0.004591395664685491,0.0220390208457919
3,0,0,0,0,30.628346273208713,0.10271435049473164,4.916575308466576,0.1,5.656406980247076,0.02,50.0,1929400793.115688,0.001,0.0220390208457919,0.006047844359420978,0.09613498473774648,0.06216522572104884,90.52159731233705,0.004620967645263374,0.9906227766408779,0.004591395664685491,0.0220390208457919
3,0,0,0,0,30.628346273208713,0.10271435049473164,4.916575308466576,0.1,5.656406980247076,0.02,50.0,1929400793.115688,0.001,0.0220390208457919,0.006047844359420978,0.09613498473774648,0.06216522572104884,90.52159731233705,0.004620967645263374,0.9906227766408779,0.004591395664685491,0.0220390208457919
3,0,0,0,0,30.628346273208713,0.10271435049473164,4.916575308466576,0.1,5.656406980247076,0.02,50.0,1929400793.115688,0.001,0.0220390208457919,0.006047844359420978,0.09613498473774648,0.06216522572104884,90.52159731233705,0.004620967645263374,0.9906227766408779,0.004591395664685491,0.0220390208457919
3,0,0,0,0,30.628346273208713,0.10271435049473164,4.916575308466576,0.1,5.656406980247076,0.02,50.0,1929400793.115688,0.001,0.0220390208457919,0.006047844359420978,0.09613498473774648,0.06216522572104884,90.52159731233705,0.004620967645263374,0.9906227766408779,0.004591395664685491,0.0220390208457919
3,0,0,0,0,30.628346273208713,0.10271435049473164,4.916575308466576,0.1,5.656406980247076,0.02,50.0,1929400793.115688,0.001,0.0220390208457919,0.006047844359420978,0.09613498473774648,0.06216522572104884,90.52159731233705,0.004620967645263374,0.9906227766408779,0.004591395664685491,0.0220390208457919
3,0,0,0,0,30.628346273208713,0.10271435049473164,4.916575308466576,0.1,5.656406980247076,0.02,50.0,1929400793.115688,0.001,0.0220390208457919,0.006047844359420978,0.09613498473774648,0.06216522572104884,90.52159731233705,0.004620967645263374,0.9906227766408779,0.004591395664685491,0.0220390208457919
3,0,0,0,0,30.628346273208713,0.10271435049473164,4.916575308466576,0.1,5.656406980247076,0.02,50.0,1929400793.115688,0.001,0.0220390208457919,0.006047844359420978,0.09613498473774648,0.06216522572104884,90.52159731233705,0.004620967645263374,0.9906227766408779,0.004591395664685491,0.0220390208457919
3,0,0,0,0,30.628346273208713,0.10271435049473164,4.916575308466576,0.1,5.656406980247076,0.02,50.0,1929400793.115688,0.001,0.0220390208457919,0.006047844359420978,0.09613498473774648,0.06216522572104884,90.52159731233705,0.004620967645263374,0.9906227766408779,0.004591395664685491,0.0220390208457919
3,0,0,0,0,30.628346273208713,0.10271435049473164,4.916575308466576,0.1,5.656406980247076,0.02,50.0,1929400793.115688,0.001,0.0220390208457919,0.006047844359420978,0.09613498473774648,0.06216522572104884,90.52159731233705,0.004620967645263374,0.9906227766408779,0.004591395664685491,0.0220390208457919
3,0,0,0,0,30.628346273208713,0.10271435049473164,4.916575308466576,0.1,5.656406980247076,0.02,50.0,1929400793.115688,0.001,0.0220390208457919,0.006047844359420978,0.09613498473774648,0.06216522572104884,90.52159731233705,0.004620967645263374,0.9906227766408779,0.004591395664685491,0.0220390208457919
3,0,0,0,0,30.628346273208713,0.10271435049473164,4.916575308466576,0.1,5.656406980247076,0.02,50.0,1929400793.115688,0.001,0.0220390208457919,0.006047844359420978,0.09613498473774648,0.06216522572104884,90.52159731233705,0.004620967645263374,0.9906227766408779,0.004591395664685491,0.0220390208457919
3,0,0,0,0,30.628346273208713,0.10271435049473164,4.916575308466576,0.1,5.656406980247076,0.02,50.0,1929400793.115688,0.001,0.0220390208457919,0.006047844359420978,0.09613498473774648,0.06216522572104884,90.52159731233705,0.004620967645263374,0.9906227766408779,0.004591395664685491,0.0220390208457919
3,0,0,0,0,30.628346273208713,0.10271435049473164,4.916575308466576,0.1,5.656406980247076,0.02,50.0,1929400793.115688,0.001,0.0220390208457919,0.006047844359420978,0.09613498473774648,0.06216522572104884,90.52159731233705,0.004620967645263374,0.9906227766408779,0.004591395664685491,0.0220390208457919
3,0,0,0,0,30.628346273208713,0.10271435049473164,4.916575308466576,0.1,5.656406980247076,0.02,50.0,1929400793.115688,0.001,0.0220390208457919,0.006047844359420978,0.09613498473774648,0.06216522572104884,90.52159731233705,0.004620967645263374,0.9906227766408779,0.004591395664685491,0.0220390208457919
3,0,0,0,0,30.628346273208713,0.10271435049473164,4.916575308466576,0.1,5.656406980247076,0.02,50.0,1929400793.115688,0.001,0.0220390208457919,0.006047844359420978,0.09613498473774648,0.06216522572104884,90.52159731233705,0.004620967645263374,0.9906227766408779,0.004591395664685491,0.0220390208457919
3,0,0,0,0,30.628346273208713,0.10271435049473164,4.916575308466576,0.1,5.656406980247076,0.02,50.0,1929400793.115688,0.001,0.0220390208457919,0.006047844359420978,0.09613498473774648,0.06216522572104884,90.52159731233705,0.004620967645263374,0.9906227766408779,0.004591395664685491,0.0220390208457919
3,0,0,0,0,30.628346273208713,0.10271435049473164,4.916575308466576,0.1,5.656406980247076,0.02,50.0,1929400793.115688,0.001,0.0220390208457919,0.006047844359420978,0.09613498473774648,0.06216522572104884,90.52159731233705,0.004620967645263374,0.9906227766408779,0.004591395664685491,0.0220390208457919
3,0,0,0,0,30.628346273208713,0.10271435049473164,4.916575308466576,0.1,5.656406980247076,0.02,50.0,1929400793.115688,0.001,0.0220390208457919,0.006047844359420978,0.09613498473774648,0.06216522572104884,90.52159731233705,0.004620967645263374,0.9906227766408779,0.004591395664685491,0.0220390208457919
3,0,0,0,0,30.628346273208713,0.10271435049473164,4.916575308466576,0.1,5.656406980247076,0.02,50.0,1929400793.115688,0.001,0.0220390208457919,0.006047844359420978,0.09613498473774648,0.06216522572104884,90.52159731233705,0.004620967645263374,0.9906227766408779,0.004591395664685491,0.0220390208457919
3,0,0,0,0,30.628346273208713,0.10271435049473164,4.916575308466576,0.1,5.656406980247076,0.02,50.0,1929400793.115688,0.001,0.0220390208457919,0.006047844359420978,0.09613498473774648,0.06216522572104884,90.52159731233705,0.004620967645263374,0.9906227766408779,0.004591395664685491,0.0220390208457919
3,0,0,0,0,30.628346273208713,0.10271435049473164,4.916575308466576,0.1,5.656406980247076,0.02,50.0,1929400793.115688,0.001,0.0220390208457919,0.006047844359420978,0.09613498473774648,0.06216522572104884,90.52159731233705,0.004620967645263374,0.9906227766408779,0.004591395664685491,0.0220390208457919
3,0,0,0,0,30.628346273208713,0.10271435049473164,4.916575308466576,0.1,5.656406980247076,0.02,50.0,1929400793.115688,0.001,0.0220390208457919,0.006047844359420978,0.09613498473774648,0.06216522572104884,90.52159731233705,0.004620967645263374,0.9906227766408779,0.004591395664685491,0.0220390208457919
3,0,0,0,0,30.628346273208713,0.10271435049473164,4.916575308466576,0.1,5.656406980247076,0.02,50.0,1929400793.115688,0.001,0.0220390208457919,0.006047844359420978,0.09613498473774648,0.06216522572104884,90.52159731233705,0.004620967645263374,0.9906227766408779,0.004591395664685491,0.0220390208457919
3,0,0,0,0,30.628346273208713,0.10271435049473164,4.916575308466576,0.1,5.656406980247076,0.02,50.0,1929400793.115688,0.001,0.0220390208457919,0.006047844359420978,0.09613498473774648,0.06216522572104884,90.52159731233705,0.004620967645263374,0.9906227766408779,0.004591395664685491,0.0220390208457919
3,0,0,0,0,30.628346273208713,0.10271435049473164,4.916575308466576,0.1,5.656406980247076,0.02,50.0,1929400793.115688,0.001,0.0220390208457919,0.006047844359420978,0.09613498473774648,0.06216522572104884,90.52159731233705,0.004620967645263374,0.9906227766408779,0.004591395664685491,0.0220390208457919
3,0,0,0,0,30.628346273208713,0.10271435049473164,4.916575308466576,0.1,5.656406980247076,0.02,50.0,1929400793.115688,0.001,0.0220390208457919,0.006047844359420978,0.09613498473774648,0.06216522572104884,90.52159731233705,0.004620967645263374,0.9906227766408779,0.004591395664685491,0.0220390208457919
3,0,0,0,0,30.628346273208713,0.10271435049473164,4.916575308466576,0.1,5.656406980247076,0.02,50.0,1929400793.115688,0.001,0.0220390208457919,0.006047844359420978,0.09613498473774648,0.06216522572104884,90.52159731233705,0.004620967645263374,0.9906227766408779,0.004591395664685491,0.0220390208457919
3,0,0,0,0,30.628346273208713,0.10271435049473164,4.916575308466576,0.1,5.656406980247076,0.02,50.0,1929400793.115688,0.001,0.0220390208457919,0.006047844359420978,0.09613498473774648,0.06216522572104884,90.52159731233705,0.004620967645263374,0.9906227766408779,0.004591395664685491,0.0220390208457919
3,0,0,0,0,30.628346273208713,0.10271435049473164,4.916575308466576,0.1,5.656406980247076,0.02,50.0,1929400793.115688,0.001,0.0220390208457919,0.006047844359420978,0.09613498473774648,0.06216522572104884,90.52159731233705,0.004620967645263374,0.9906227766408779,0.004591395664685491,0.0220390208457919
3,0,0,0,0,30.628346273208713,0.10271435049473164,4.916575308466576,0.1,5.656406980247076,0.02,50.0,1929400793.115688,0.001,0.0220390208457919,0.006047844359420978,0.09613498473774648,0.06216522572104884,90.52159731233705,0.004620967645263374,0.9906227766408779,0.004591395664685491,0.0220390208457919
3,0,0,0,0,30.628346273208713,0.10271435049473164,4.916575308466576,0.1,5.656406980247076,0.02,50.0,1929400793.115688,0.001,0.0220390208457919,0.006047844359420978,0.09613498473774648,0.06216522572104884,90.52159731233705,0.004620967645263374,0.9906227766408779,0.004591395664685491,0.0220390208457919
3,0,0,0,0,30.628346273208713,0.10271435049473164,4.916575308466576,0.1,5.656406980247076,0.02,50.0,1929400793.115688,0.001,0.0220390208457919,0.006047844359420978,0.09613498473774648,0.06216522572104884,90.52159731233705,0.004620967645263374,0.9906227766408779,0.004591395664685491,0.0220390208457919
3,0,0,0,0,30.628346273208713,0.10271435049473164,4.916575308466576,0.1,5.656406980247076,0.02,50.0,1929400793.115688,0.001,0.0220390208457919,0.006047844359420978,0.09613498473774648,0.06216522572104884,90.52159731233705,0.004620967645263374,0.9906227766408779,0.004591395664685491,0.0220390208457919
3,0,0,0,0,30.628346273208713,0.10271435049473164,4.916575308466576,0.1,5.656406980247076,0.02,50.0,1929400793.115688,0.001,0.0220390208457919,0.006047844359420978,0.09613498473774648,0.06216522572104884,90.52159731233705,0.004620967645263374,0.9906227766408779,0.004591395664685491,0.0220390208457919
3,0,0,0,0,30.628346273208713,0.10271435049473164,4.916575308466576,0.1,5.656406980247076,0.02,50.0,1929400793.115688,0.001,0.0220390208457919,0.006047844359420978,0.09613498473774648,0.06216522572104884,90.52159731233705,0.004620967645263374,0.9906227766408779,0.004591395664685491,0.0220390208457919
3,0,0,0,0,30.588772112161955,0.10277046940354101,4.909216574575224,0.1,5.834777035669938,0.02,50.0,1926035175.4819875,0.001,0.022048350798312744,0.006041222475070971,0.09610552988431342,0.06212494405240834,90.702363012718,0.00461813643717233,0.9906382434364989,0.004588593732286209,0.022048350798312744
3,0,0,0,0,30.588772112161955,0.10275587127926983,4.913967469734835,0.1,5.245775603928477,0.02,50.0,1926190042.5429194,0.001,0.0220493525127443,0.006053901431361723,0.09605465492340745,0.062171402199169626,89.95229728471676,0.004613248366227441,0.9905845747499916,0.004583933607196619,0.0220493525127443
3,0,0,0,0,30.588772112161955,0.10275587127926983,4.909216574575224,0.1,6.581460507465296,0.02,50.0,1926035175.4819875,0.001,0.0220541391710542,0.0060207438301552955,0.09604659516968485,0.06198526093644673,91.38457991075263,0.004612474221844664,0.9906932937504532,0.0045829837977457745,0.0220541391710542
3,0,0,0,0,30.588772112161955,0.10275587127926983,4.909216574575224,0.1,6.581460507465296,0.02,50.0,1926035175.4819875,0.001,0.0220541391710542,0.0060207438301552955,0.09604659516968485,0.06198526093644673,91.38457991075263,0.004612474221844664,0.9906932937504532,0.0045829837977457745,0.0220541391710542
3,0,0,0,0,34.56011701124517,0.10272416047669798,4.916575308466576,0.1,5.228031419052454,0.02,50.0,1926600669.2939355,0.001,0.02205446942426581,0.006078822269456588,0.09636297068438925,0.06235509986297018,89.46693577606699,0.0046429110595602304,0.9905707182407852,0.004613065353133973,0.02205446942426581
3,0,0,0,0,34.56011701124517,0.10272416047669798,4.916575308466576,0.1,5.228031419052454,0.02,50.0,1926600669.2939355,0.001,0.02205446942426581,0.006078822269456588,0.09636297068438925,0.06235509986297018,89.46693577606699,0.0046429110595602304,0.9905707182407852,0.004613065353133973,0.02205446942426581
3,0,0,0,0,34.56011701124517,0.10272416047669798,4.916575308466576,0.1,5.228031419052454,0.02,50.0,1926600669.2939355,0.001,0.02205446942426581,0.006078822269456588,0.09636297068438925,0.06235509986297018,89.46693577606699,0.0046429110595602304,0.9905707182407852,0.004613065353133973,0.02205446942426581
3,0,0,0,0,34.56011701124517,0.10272416047669798,4.916575308466576,0.1,5.228031419052454,0.02,50.0,1926600669.2939355,0.001,0.02205446942426581,0.006078822269456588,0.09636297068438925,0.06235509986297018,89.46693577606699,0.0046429110595602304,0.9905707182407852,0.004613065353133973,0.02205446942426581
3,0,0,0,0,34.56011701124517,0.10272416047669798,4.916575308466576,0.1,5.228031419052454,0.02,50.0,1926600669.2939355,0.001,0.02205446942426581,0.006078822269456588,0.09636297068438925,0.06235509986297018,89.46693577606699,0.0046429110595602304,0.9905707182407852,0.004613065353133973,0.02205446942426581
3,0,0,0,0,30.588772112161955,0.10275587127926983,4.909216574575224,0.1,6.070786135282364,0.02,50.0,1926898716.7985902,0.001,0.022060742136807254,0.006036652867129304,0.09612008096080689,0.06208074547831443,91.1021715151794,0.004619534981956035,0.9906567387341331,0.004589959194191851,0.022060742136807254
3,0,0,0,0,30.588772112161955,0.10273829018338289,4.909216574575224,0.1,6.291475777846356,0.02,50.0,1926154733.720773,0.001,0.022064792405161626,0.006021082586604847,0.09597191899949747,0.061962104110346375,91.09096032246278,0.004605304618223052,0.990675435487171,0.0045760309572774795,0.022064792405161626
3,0,0,0,0,30.588772112161955,0.10275587127926983,4.932510832170338,0.1,5.4048973258924295,0.02,50.0,1926035175.4819875,0.001,0.022069507758861948,0.0060503328474568446,0.09606952834554106,0.0621442274220585,89.83072551901347,0.004614677138267359,0.990599803831101,0.0045853297638777935,0.022069507758861948
3,0,0,0,0,30.588772112161955,0.10273752146359773,4.916575308466576,0.1,4.862914793598462,0.02,50.0,1928160514.5714707,0.001,0.022078116748310818,0.006069751159068109,0.09609453040498045,0.0622527142409181,89.60711907546404,0.004617079386876857,0.9905406813724856,0.004587767553908825,0.022078116748310818
3,0,0,0,0,30.588772112161955,0.10273752146359773,4.916575308466576,0.1,4.862914793598462,0.02,50.0,1928160514.5714707,0.001,0.022078116748310818,0.006069751159068109,0.09609453040498045,0.0622527142409181,89.60711907546404,0.004617079386876857,0.9905406813724856,0.004587767553908825,0.022078116748310818
3,0,0,0,0,30.588772112161955,0.10273752146359773,4.916575308466576,0.1,4.862914793598462,0.02,50.0,1928160514.5714707,0.001,0.022078116748310818,0.006069751159068109,0.09609453040498045,0.0622527142409181,89.60711907546404,0.004617079386876857,0.9905406813724856,0.004587767553908825,0.022078116748310818
3,0,0,0,0,30.588772112161955,0.10273752146359773,4.916575308466576,0.1,4.862914793598462,0.02,50.0,1928160514.5714707,0.001,0.022078116748310818,0.006069751159068109,0.09609453040498045,0.0622527142409181,89.60711907546404,0.004617079386876857,0.9905406813724856,0.004587767553908825,0.022078116748310818
3,0,0,0,0,30.588772112161955,0.10273752146359773,4.916575308466576,0.1,4.862914793598462,0.02,50.0,1928160514.5714707,0.001,0.022078116748310818,0.006069751159068109,0.09609453040498045,0.0622527142409181,89.60711907546404,0.004617079386876857,0.9905406813724856,0.004587767553908825,0.022078116748310818
3,0,0,0,0,30.588772112161955,0.10273752146359773,4.916575308466576,0.1,4.862914793598462,0.02,50.0,1928160514.5714707,0.001,0.022078116748310818,0.006069751159068109,0.09609453040498045,0.0622527142409181,89.60711907546404,0.004617079386876857,0.9905406813724856,0.004587767553908825,0.022078116748310818
3,0,0,0,0,30.588772112161955,0.10273752146359773,4.916575308466576,0.1,4.862914793598462,0.02,50.0,1928160514.5714707,0.001,0.022078116748310818,0.006069751159068109,0.09609453040498045,0.0622527142409181,89.60711907546404,0.004617079386876857,0.9905406813724856,0.004587767553908825,0.022078116748310818
3,0,0,0,0,30.588772112161955,0.10273829018338289,4.909216574575224,0.1,6.186088466932819,0.02,50.0,1926035175.4819875,0.001,0.02208740576111473,0.006022917506510371,0.09596572827219776,0.061970335831678366,90.98422101844628,0.0046047105014066485,0.9906679328149143,0.004575464497154283,0.02208740576111473
3,0,0,0,0,30.588772112161955,0.10275587127926983,4.909216574575224,0.1,5.471597081247268,0.02,50.0,1925225149.6315265,0.001,0.02209898317869139,0.006043462094950439,0.09600213819891655,0.06209921864462331,90.23404635091494,0.004608205269381936,0.9906076053120564,0.00457896903484605,0.02209898317869139
3,0,0,0,0,30.588772112161955,0.10275587127926983,4.909216574575224,0.1,5.471597081247268,0.02,50.0,1925225149.6315265,0.001,0.02209898317869139,0.006043462094950439,0.09600213819891655,0.06209921864462331,90.23404635091494,0.004608205269381936,0.9906076053120564,0.00457896903484605,0.02209898317869139
3,0,0,0,0,30.588772112161955,0.10275587127926983,4.909216574575224,0.1,5.471597081247268,0.02,50.0,1925225149.6315265,0.001,0.02209898317869139,0.006043462094950439,0.09600213819891655,0.06209921864462331,90.23404635091494,0.004608205269381936,0.9906076053120564,0.00457896903484605,0.02209898317869139
3,0,0,0,0,30.588772112161955,0.10275587127926983,4.909216574575224,0.1,6.186088466932819,0.02,50.0,1924207482.8905895,0.001,0.022104175939108205,0.006022565058044332,0.09596003500224817,0.06196579460639998,90.91646616548167,0.004604164158816347,0.990667832843757,0.0045749334315655504,0.022104175939108205
3,0,0,0,0,30.628346273208713,0.10271435049473164,4.916575308466576,0.1,5.336036525072663,0.02,50.0,1927031140.155696,0.001,0.022106856984925066,0.00604916059380293,0.09602608411750692,0.06213086384212097,90.0255635908265,0.004610504415471258,0.9905939749900898,0.004581250041007936,0.022106856984925066
3,0,0,0,0,30.588772112161955,0.10275587127926983,4.935652707284339,0.1,4.913726096499906,0.02,50.0,1926136244.7067702,0.001,0.022138798642283776,0.006067236857828067,0.09608120954025412,0.062234581686534424,89.17393791710839,0.004615799413359109,0.9905460757717444,0.004586519974210943,0.022138798642283776
3,0,0,0,0,30.588772112161955,0.10275587127926983,4.935652707284339,0.1,4.913726096499906,0.02,50.0,1926136244.7067702,0.001,0.022138798642283776,0.006067236857828067,0.09608120954025412,0.062234581686534424,89.17393791710839,0.004615799413359109,0.9905460757717444,0.004586519974210943,0.022138798642283776
3,0,0,0,0,30.588772112161955,0.10275587127926983,4.935652707284339,0.1,4.913726096499906,0.02,50.0,1926136244.7067702,0.001,0.022138798642283776,0.006067236857828067,0.09608120954025412,0.062234581686534424,89.17393791710839,0.004615799413359109,0.9905460757717444,0.004586519974210943,0.022138798642283776
3,0,0,0,0,30.588772112161955,0.10275587127926983,5.025482828566677,0.1,5.877649663374976,0.02,50.0,1926035175.4819875,0.001,0.022142828259652803,0.0060420857692829845,0.09611107231212047,0.062090258347488415,88.91922685574332,0.0046186691104928256,0.99063660869354,0.004589224168781469,0.022142828259652803
3,0,0,0,0,30.628346273208713,0.10271435049473164,4.916575308466576,0.1,5.925339690055349,0.02,50.0,1929400793.115688,0.001,0.022149922642913156,0.00604125657401092,0.09613634348059828,0.06212769784176417,90.80528270245969,0.004621098268909786,0.9906450407140864,0.0045914830183589,0.022149922642913156
3,0,0,0,0,30.588772112161955,0.10269515999484402,4.909216574575224,0.1,6.608522076418805,0.02,50.0,1932336174.47563,0.001,0.02215770684657059,0.006021531269546597,0.09606625277880483,0.06199696325675308,91.64242622852622,0.004614362461480614,0.9906950748449661,0.004584815837151527,0.02215770684657059
3,0,0,0,0,30.628346273208713,0.10271435049473164,4.916575308466576,0.1,5.336036525072663,0.02,50.0,1930849491.958696,0.001,0.02216642905603622,0.006061723317807971,0.09620301885905953,0.06226569018244141,90.24284263259472,0.004627510418798282,0.9905917799178361,0.004597826103275483,0.02216642905603622
3,0,0,0,0,30.628346273208713,0.10271435049473164,4.916575308466576,0.1,5.336036525072663,0.02,50.0,1930849491.958696,0.001,0.02216642905603622,0.006061723317807971,0.09620301885905953,0.06226569018244141,90.24284263259472,0.004627510418798282,0.9905917799178361,0.004597826103275483,0.02216642905603622
3,0,0,0,0,30.628346273208713,0.10271435049473164,4.916575308466576,0.1,5.336036525072663,0.02,50.0,1930849491.958696,0.001,0.02216642905603622,0.006061723317807971,0.09620301885905953,0.06226569018244141,90.24284263259472,0.004627510418798282,0.9905917799178361,0.004597826103275483,0.02216642905603622
3,0,0,0,0,30.628346273208713,0.10271435049473164,4.916575308466576,0.1,5.336036525072663,0.02,50.0,1930849491.958696,0.001,0.02216642905603622,0.006061723317807971,0.09620301885905953,0.06226569018244141,90.24284263259472,0.004627510418798282,0.9905917799178361,0.004597826103275483,0.02216642905603622
3,0,0,0,0,30.628346273208713,0.10271435049473164,4.916575308466576,0.1,5.336036525072663,0.02,50.0,1930849491.958696,0.001,0.02216642905603622,0.006061723317807971,0.09620301885905953,0.06226569018244141,90.24284263259472,0.004627510418798282,0.9905917799178361,0.004597826103275483,0.02216642905603622
3,0,0,0,0,30.628346273208713,0.10271435049473164,4.916575308466576,0.1,5.336036525072663,0.02,50.0,1930849491.958696,0.001,0.02216642905603622,0.006061723317807971,0.09620301885905953,0.06226569018244141,90.24284263259472,0.004627510418798282,0.9905917799178361,0.004597826103275483,0.02216642905603622
3,0,0,0,0,30.628346273208713,0.10271435049473164,4.916575308466576,0.1,5.336036525072663,0.02,50.0,1930849491.958696,0.001,0.02216642905603622,0.006061723317807971,0.09620301885905953,0.06226569018244141,90.24284263259472,0.004627510418798282,0.9905917799178361,0.004597826103275483,0.02216642905603622
3,0,0,0,0,30.628346273208713,0.10271435049473164,4.916575308466576,0.1,5.336036525072663,0.02,50.0,1930849491.958696,0.001,0.02216642905603622,0.006061723317807971,0.09620301885905953,0.06226569018244141,90.24284263259472,0.004627510418798282,0.9905917799178361,0.004597826103275483,0.02216642905603622
3,0,0,0,0,30.628346273208713,0.10271435049473164,4.916575308466576,0.1,5.336036525072663,0.02,50.0,1930849491.958696,0.001,0.02216642905603622,0.006061723317807971,0.09620301885905953,0.06226569018244141,90.24284263259472,0.004627510418798282,0.9905917799178361,0.004597826103275483,0.02216642905603622
3,0,0,0,0,30.628346273208713,0.10271435049473164,4.916575308466576,0.1,5.336036525072663,0.02,50.0,1930849491.958696,0.001,0.02216642905603622,0.006061723317807971,0.09620301885905953,0.06226569018244141,90.24284263259472,0.004627510418798282,0.9905917799178361,0.004597826103275483,0.02216642905603622
3,0,0,0,0,30.628346273208713,0.10271435049473164,4.916575308466576,0.1,5.336036525072663,0.02,50.0,1930849491.958696,0.001,0.02216642905603622,0.006061723317807971,0.09620301885905953,0.06226569018244141,90.24284263259472,0.004627510418798282,0.9905917799178361,0.004597826103275483,0.02216642905603622
3,0,0,0,0,30.628346273208713,0.10271435049473164,4.916575308466576,0.1,5.336036525072663,0.02,50.0,1930849491.958696,0.001,0.02216642905603622,0.006061723317807971,0.09620301885905953,0.06226569018244141,90.24284263259472,0.004627510418798282,0.9905917799178361,0.004597826103275483,0.02216642905603622
3,0,0,0,0,30.628346273208713,0.10271435049473164,4.916575308466576,0.1,5.336036525072663,0.02,50.0,1930849491.958696,0.001,0.02216642905603622,0.006061723317807971,0.09620301885905953,0.06226569018244141,90.24284263259472,0.004627510418798282,0.9905917799178361,0.004597826103275483,0.02216642905603622
3,0,0,0,0,30.628346273208713,0.10271435049473164,4.916575308466576,0.1,5.336036525072663,0.02,50.0,1930849491.958696,0.001,0.02216642905603622,0.006061723317807971,0.09620301885905953,0.06226569018244141,90.24284263259472,0.004627510418798282,0.9905917799178361,0.004597826103275483,0.02216642905603622
3,0,0,0,0,30.628346273208713,0.10271435049473164,4.916575308466576,0.1,5.336036525072663,0.02,50.0,1930849491.958696,0.001,0.02216642905603622,0.006061723317807971,0.09620301885905953,0.06226569018244141,90.24284263259472,0.004627510418798282,0.9905917799178361,0.004597826103275483,0.02216642905603622
3,0,0,0,0,30.628346273208713,0.10271435049473164,4.916575308466576,0.1,5.336036525072663,0.02,50.0,1930849491.958696,0.001,0.02216642905603622,0.006061723317807971,0.09620301885905953,0.06226569018244141,90.24284263259472,0.004627510418798282,0.9905917799178361,0.004597826103275483,0.02216642905603622
3,0,0,0,0,30.628346273208713,0.10271435049473164,4.916575308466576,0.1,5.336036525072663,0.02,50.0,1930849491.958696,0.001,0.02216642905603622,0.006061723317807971,0.09620301885905953,0.06226569018244141,90.24284263259472,0.004627510418798282,0.9905917799178361,0.004597826103275483,0.02216642905603622
3,0,0,0,0,30.588772112161955,0.10275587127926983,4.935652707284339,0.1,5.245775603928477,0.02,50.0,1929753902.4832532,0.001,0.022204704543020926,0.0060695050511378485,0.09626988993576895,0.06230613285500258,89.89478121341843,0.0046339458541225335,0.9905808568224931,0.0046041646214623946,0.022204704543020926
3,0,0,0,0,30.588772112161955,0.10275587127926983,4.935652707284339,0.1,5.245775603928477,0.02,50.0,1929753902.4832532,0.001,0.022204704543020926,0.0060695050511378485,0.09626988993576895,0.06230613285500258,89.89478121341843,0.0046339458541225335,0.9905808568224931,0.0046041646214623946,0.022204704543020926
3,0,0,0,0,30.588772112161955,0.10275587127926983,4.935652707284339,0.1,5.245775603928477,0.02,50.0,1929753902.4832532,0.001,0.022204704543020926,0.0060695050511378485,0.09626988993576895,0.06230613285500258,89.89478121341843,0.0046339458541225335,0.9905808568224931,0.0046041646214623946,0.022204704543020926
3,0,0,0,0,34.56011701124517,0.10272416047669798,4.916575308466576,0.1,5.549036261425426,0.02,50.0,1926600669.2939355,0.001,0.022206126775555335,0.006069469510094033,0.09636172731547055,0.06230253729091491,89.83444148744317,0.004642791245610551,0.9906016145394445,0.00461288992331837,0.022206126775555335
3,0,0,0,0,30.628346273208713,0.10270155342419054,5.030802148944793,0.1,5.316695662546386,0.02,50.0,1928958438.6890814,0.001,0.022207907971106937,0.006059872631773563,0.09614431510193099,0.062183086930215105,88.33365178611854,0.004621864663209697,0.9905847754415774,0.004592456457532249,0.022207907971106937
3,0,0,0,0,30.628346273208713,0.10270155342419054,5.030802148944793,0.1,5.316695662546386,0.02,50.0,1928958438.6890814,0.001,0.022207907971106937,0.006059872631773563,0.09614431510193099,0.062183086930215105,88.33365178611854,0.004621864663209697,0.9905847754415774,0.004592456457532249,0.022207907971106937
3,0,0,0,0,30.628346273208713,0.10270155342419054,5.030802148944793,0.1,5.316695662546386,0.02,50.0,1928958438.6890814,0.001,0.022207907971106937,0.006059872631773563,0.09614431510193099,0.062183086930215105,88.33365178611854,0.004621864663209697,0.9905847754415774,0.004592456457532249,0.022207907971106937
3,0,0,0,0,30.628346273208713,0.10270155342419054,5.030802148944793,0.1,5.316695662546386,0.02,50.0,1928958438.6890814,0.001,0.022207907971106937,0.006059872631773563,0.09614431510193099,0.062183086930215105,88.33365178611854,0.004621864663209697,0.9905847754415774,0.004592456457532249,0.022207907971106937
3,0,0,0,0,30.628346273208713,0.10270155342419054,5.030802148944793,0.1,5.316695662546386,0.02,50.0,1928958438.6890814,0.001,0.022207907971106937,0.006059872631773563,0.09614431510193099,0.062183086930215105,88.33365178611854,0.004621864663209697,0.9905847754415774,0.004592456457532249,0.022207907971106937
3,0,0,0,0,30.628346273208713,0.10270155342419054,5.030802148944793,0.1,5.316695662546386,0.02,50.0,1928958438.6890814,0.001,0.022207907971106937,0.006059872631773563,0.09614431510193099,0.062183086930215105,88.33365178611854,0.004621864663209697,0.9905847754415774,0.004592456457532249,0.022207907971106937
3,0,0,0,0,30.628346273208713,0.10270155342419054,5.030802148944793,0.1,5.316695662546386,0.02,50.0,1928958438.6890814,0.001,0.022207907971106937,0.006059872631773563,0.09614431510193099,0.062183086930215105,88.33365178611854,0.004621864663209697,0.9905847754415774,0.004592456457532249,0.022207907971106937
3,0,0,0,0,30.628346273208713,0.10270155342419054,5.030802148944793,0.1,5.316695662546386,0.02,50.0,1928958438.6890814,0.001,0.022207907971106937,0.006059872631773563,0.09614431510193099,0.062183086930215105,88.33365178611854,0.004621864663209697,0.9905847754415774,0.004592456457532249,0.022207907971106937
3,0,0,0,0,30.588772112161955,0.10265843480196224,4.909216574575224,0.1,6.014953087772103,0.02,50.0,1932336174.47563,0.001,0.022214600413778728,0.006022125623505613,0.09590143926864003,0.061940521404387654,91.00880250443355,0.004598543026898326,0.9906561816510774,0.004569470843525726,0.022214600413778728
3,0,0,0,0,30.588772112161955,0.10265843480196224,4.909216574575224,0.1,6.014953087772103,0.02,50.0,1932336174.47563,0.001,0.022214600413778728,0.006022125623505613,0.09590143926864003,0.061940521404387654,91.00880250443355,0.004598543026898326,0.9906561816510774,0.004569470843525726,0.022214600413778728
3,0,0,0,0,30.588772112161955,0.10265843480196224,4.909216574575224,0.1,6.014953087772103,0.02,50.0,1932336174.47563,0.001,0.022214600413778728,0.006022125623505613,0.09590143926864003,0.061940521404387654,91.00880250443355,0.004598543026898326,0.9906561816510774,0.004569470843525726,0.022214600413778728
3,0,0,0,0,30.588772112161955,0.10265843480196224,4.909216574575224,0.1,6.014953087772103,0.02,50.0,1932336174.47563,0.001,0.022214600413778728,0.006022125623505613,0.09590143926864003,0.061940521404387654,91.00880250443355,0.004598543026898326,0.9906561816510774,0.004569470843525726,0.022214600413778728
3,0,0,0,0,30.588772112161955,0.10265843480196224,4.909216574575224,0.1,6.014953087772103,0.02,50.0,1932336174.47563,0.001,0.022214600413778728,0.006022125623505613,0.09590143926864003,0.061940521404387654,91.00880250443355,0.004598543026898326,0.9906561816510774,0.004569470843525726,0.022214600413778728
3,0,0,0,0,30.588772112161955,0.10265843480196224,4.909216574575224,0.1,6.014953087772103,0.02,50.0,1932336174.47563,0.001,0.022214600413778728,0.006022125623505613,0.09590143926864003,0.061940521404387654,91.00880250443355,0.004598543026898326,0.9906561816510774,0.004569470843525726,0.022214600413778728
3,0,0,0,0,30.588772112161955,0.10277911982809906,4.909216574575224,0.1,5.860448964066765,0.02,50.0,1926035175.4819875,0.001,0.02221488620598666,0.006043546841990453,0.09614520601763744,0.06215066659686799,90.74694186134064,0.004621950320086973,0.9906393946069014,0.004592306840996102,0.02221488620598666
3,0,0,0,0,30.588772112161955,0.10277911982809906,4.909216574575224,0.1,5.860448964066765,0.02,50.0,1926035175.4819875,0.001,0.02221488620598666,0.006043546841990453,0.09614520601763744,0.06215066659686799,90.74694186134064,0.004621950320086973,0.9906393946069014,0.004592306840996102,0.02221488620598666
3,0,0,0,0,30.588772112161955,0.10277911982809906,4.909216574575224,0.1,5.860448964066765,0.02,50.0,1926035175.4819875,0.001,0.02221488620598666,0.006043546841990453,0.09614520601763744,0.06215066659686799,90.74694186134064,0.004621950320086973,0.9906393946069014,0.004592306840996102,0.02221488620598666
3,0,0,0,0,30.509079573285312,0.10282464974262728,4.935652707284339,0.1,5.245775603928477,0.02,50.0,1928160514.5714707,0.001,0.02223708042156719,0.006069901528085068,0.09627515683349704,0.06231112758492115,89.84934471558783,0.004634452911657226,0.9905807183669166,0.004604655098659883,0.02223708042156719
3,0,0,0,0,30.628346273208713,0.10271435049473164,4.916575308466576,0.1,6.19514778549666,0.02,50.0,1929400793.115688,0.001,0.022251825495472333,0.006035338853948795,0.09613835246722925,0.06209332727322381,91.07345996979768,0.004621291407556603,0.9906652171044694,0.00459163484902953,0.022251825495472333
3,0,0,0,0,30.628346273208713,0.10271435049473164,4.916575308466576,0.1,6.19514778549666,0.02,50.0,1929400793.115688,0.001,0.022251825495472333,0.006035338853948795,0.09613835246722925,0.06209332727322381,91.07345996979768,0.004621291407556603,0.9906652171044694,0.00459163484902953,0.022251825495472333
3,0,0,0,0,30.588772112161955,0.10275587127926983,4.935652707284339,0.1,5.347251035311946,0.02,50.0,1929753902.4832532,0.001,0.022254646974962933,0.006066441184110639,0.09626950409605438,0.06228899477725036,90.01738430585335,0.004633908709450116,0.9905909830416815,0.00460410911651133,0.022254646974962933
3,0,0,0,0,30.588772112161955,0.10275587127926983,4.909216574575224,0.1,5.4048973258924295,0.02,50.0,1923611644.6468763,0.001,0.022255343355424846,0.006040586726968566,0.09593081518241847,0.06205177822235278,90.06618359639103,0.004601360650781665,0.990601219095262,0.004572307994506201,0.022255343355424846
3,0,0,0,0,30.56436684282887,0.10272350945078527,4.935652707284339,0.1,5.44788756881862,0.02,50.0,1928160514.5714707,0.001,0.02227141876337848,0.006043145557709399,0.09598291880781076,0.062052138799444156,89.95823668111498,0.004606360351433397,0.9906043556276466,0.004577236672093774,0.02227141876337848
3,0,0,0,0,30.56436684282887,0.10272350945078527,4.935652707284339,0.1,5.44788756881862,0.02,50.0,1928160514.5714707,0.001,0.02227141876337848,0.006043145557709399,0.09598291880781076,0.062052138799444156,89.95823668111498,0.004606360351433397,0.9906043556276466,0.004577236672093774,0.02227141876337848
3,0,0,0,0,30.588772112161955,0.10271825203316784,4.935652707284339,0.1,4.913726096499906,0.02,50.0,1928186315.587454,0.001,0.022273327727562894,0.00606247501306378,0.09601089516630268,0.062177347038800825,89.20979200202798,0.0046090459953173814,0.9905461906121946,0.004579932657441134,0.022273327727562894
3,0,0,0,0,30.588772112161955,0.10276743852770891,4.916575308466576,0.1,5.559372771360276,0.02,50.0,1928160514.5714707,0.001,0.02228292256008868,0.006057179234668418,0.09622643552956468,0.062234476863545954,90.50306109485469,0.004629763447362734,0.990612183928285,0.004600003553367531,0.02228292256008868
3,0,0,0,0,30.588772112161955,0.10269515999484402,4.909216574575224,0.1,6.014953087772103,0.02,50.0,1934001754.3099022,0.001,0.022285177323693672,0.006041990382807692,0.09617721816090366,0.06213031774115571,91.32303470551378,0.004625028646585028,0.9906517655660061,0.0045953152400577384,0.022285177323693672
3,0,0,0,0,30.588772112161955,0.102719208285074,4.909216574575224,0.1,5.834777035669938,0.02,50.0,1926035175.4819875,0.001,0.022291271921486867,0.006025460708978839,0.09588291203043835,0.06194916818858508,90.5934102231934,0.00459676640971839,0.9906409192594134,0.004567766639663191,0.022291271921486867
3,0,0,0,0,30.588772112161955,0.10275587127926983,4.916575308466576,0.1,4.468296055351177,0.02,50.0,1932548777.4778485,0.001,0.02230158235741464,0.0060969469644214114,0.09625140295074422,0.06250857197371096,89.3075172990502,0.004632166284993266,0.9904852314502463,0.004602419789412591,0.02230158235741464
3,0,0,0,0,30.588772112161955,0.10275587127926983,4.916575308466576,0.1,4.468296055351177,0.02,50.0,1932548777.4778485,0.001,0.02230158235741464,0.0060969469644214114,0.09625140295074422,0.06250857197371096,89.3075172990502,0.004632166284993266,0.9904852314502463,0.004602419789412591,0.02230158235741464
3,0,0,0,0,30.588772112161955,0.10275587127926983,4.916575308466576,0.1,4.468296055351177,0.02,50.0,1932548777.4778485,0.001,0.02230158235741464,0.0060969469644214114,0.09625140295074422,0.06250857197371096,89.3075172990502,0.004632166284993266,0.9904852314502463,0.004602419789412591,0.02230158235741464
3,0,0,0,0,30.588772112161955,0.10279430037687112,4.935652707284339,0.1,4.728548627514716,0.02,50.0,1928186315.587454,0.001,0.022302820622020436,0.006093550971234002,0.09635579319453196,0.06247630977853705,89.12010614376003,0.004642219441073705,0.9905200087917253,0.004612325326828846,0.022302820622020436
3,0,0,0,0,30.628346273208713,0.10273752146359773,4.916575308466576,0.1,5.336036525072663,0.02,50.0,1929400793.115688,0.001,0.02231105280426038,0.006064607509811727,0.09624129097553262,0.06229347948349021,90.20920329003673,0.004631193044318568,0.9905907587373709,0.004601416932348422,0.02231105280426038
3,0,0,0,0,30.628346273208713,0.10271435049473164,4.916575308466576,0.1,5.336036525072663,0.02,50.0,1931733992.329998,0.001,0.022333345080539913,0.006064867019672322,0.09624562392805783,0.06229652003173754,90.2929369364915,0.004631610062650569,0.9905908667472769,0.004601821949070453,0.022333345080539913
3,0,0,0,0,30.628346273208713,0.10271435049473164,4.916575308466576,0.1,5.336036525072663,0.02,50.0,1931733992.329998,0.001,0.022333345080539913,0.006064867019672322,0.09624562392805783,0.06229652003173754,90.2929369364915,0.004631610062650569,0.9905908667472769,0.004601821949070453,0.022333345080539913
3,0,0,0,0,30.628346273208713,0.10271435049473164,4.916575308466576,0.1,5.336036525072663,0.02,50.0,1931733992.329998,0.001,0.022333345080539913,0.006064867019672322,0.09624562392805783,0.06229652003173754,90.2929369364915,0.004631610062650569,0.9905908667472769,0.004601821949070453,0.022333345080539913
3,0,0,0,0,30.628346273208713,0.10271435049473164,4.916575308466576,0.1,5.336036525072663,0.02,50.0,1931733992.329998,0.001,0.022333345080539913,0.006064867019672322,0.09624562392805783,0.06229652003173754,90.2929369364915,0.004631610062650569,0.9905908667472769,0.004601821949070453,0.022333345080539913
3,0,0,0,0,30.628346273208713,0.10271435049473164,4.916575308466576,0.1,5.336036525072663,0.02,50.0,1931733992.329998,0.001,0.022333345080539913,0.006064867019672322,0.09624562392805783,0.06229652003173754,90.2929369364915,0.004631610062650569,0.9905908667472769,0.004601821949070453,0.022333345080539913
3,0,0,0,0,30.628346273208713,0.10271435049473164,4.916575308466576,0.1,5.336036525072663,0.02,50.0,1931733992.329998,0.001,0.022333345080539913,0.006064867019672322,0.09624562392805783,0.06229652003173754,90.2929369364915,0.004631610062650569,0.9905908667472769,0.004601821949070453,0.022333345080539913
3,0,0,0,0,30.628346273208713,0.10271435049473164,4.916575308466576,0.1,5.336036525072663,0.02,50.0,1931733992.329998,0.001,0.022333345080539913,0.006064867019672322,0.09624562392805783,0.06229652003173754,90.2929369364915,0.004631610062650569,0.9905908667472769,0.004601821949070453,0.022333345080539913
3,0,0,0,0,30.628346273208713,0.10271435049473164,4.916575308466576,0.1,5.336036525072663,0.02,50.0,1931733992.329998,0.001,0.022333345080539913,0.006064867019672322,0.09624562392805783,0.06229652003173754,90.2929369364915,0.004631610062650569,0.9905908667472769,0.004601821949070453,0.022333345080539913
3,0,0,0,0,30.628346273208713,0.10271435049473164,4.916575308466576,0.1,5.336036525072663,0.02,50.0,1931733992.329998,0.001,0.022333345080539913,0.006064867019672322,0.09624562392805783,0.06229652003173754,90.2929369364915,0.004631610062650569,0.9905908667472769,0.004601821949070453,0.022333345080539913
3,0,0,0,0,30.628346273208713,0.10271435049473164,4.916575308466576,0.1,5.336036525072663,0.02,50.0,1931733992.329998,0.001,0.022333345080539913,0.006064867019672322,0.09624562392805783,0.06229652003173754,90.2929369364915,0.004631610062650569,0.9905908667472769,0.004601821949070453,0.022333345080539913
3,0,0,0,0,30.628346273208713,0.10271435049473164,4.916575308466576,0.1,5.336036525072663,0.02,50.0,1931733992.329998,0.001,0.022333345080539913,0.006064867019672322,0.09624562392805783,0.06229652003173754,90.2929369364915,0.004631610062650569,0.9905908667472769,0.004601821949070453,0.022333345080539913
3,0,0,0,0,30.588772112161955,0.10275587127926983,4.935652707284339,0.1,5.245775603928477,0.02,50.0,1923394698.8962994,0.001,0.022338272175564604,0.006047633596825844,0.09595648798113246,0.062076152530576044,89.43890711652472,0.00460382379283661,0.9905834768605326,0.004574781755698592,0.022338272175564604
3,0,0,0,0,30.588772112161955,0.10275587127926983,4.935652707284339,0.1,5.245775603928477,0.02,50.0,1923394698.8962994,0.001,0.022338272175564604,0.006047633596825844,0.09595648798113246,0.062076152530576044,89.43890711652472,0.00460382379283661,0.9905834768605326,0.004574781755698592,0.022338272175564604
3,0,0,0,0,30.588772112161955,0.10275587127926983,4.909216574575224,0.1,5.734365146547465,0.02,50.0,1922126627.7631557,0.001,0.022347559909892734,0.006027111679558987,0.09586700295490147,0.06194964830166451,90.34207128093863,0.004595241127777544,0.990631857032951,0.004566295963612223,0.022347559909892734
3,0,0,0,0,30.588772112161955,0.10264102208717163,4.909216574575224,0.1,6.014953087772103,0.02,50.0,1932336174.47563,0.001,0.022362631910656933,0.0060172458516523294,0.09582941935390689,0.061880115463193955,90.97127408276285,0.004591638806853472,0.9906563377104837,0.004562742467635822,0.022362631910656933
3,0,0,0,0,30.588772112161955,0.10264102208717163,4.909216574575224,0.1,6.014953087772103,0.02,50.0,1932336174.47563,0.001,0.022362631910656933,0.0060172458516523294,0.09582941935390689,0.061880115463193955,90.97127408276285,0.004591638806853472,0.9906563377104837,0.004562742467635822,0.022362631910656933
3,0,0,0,0,30.588772112161955,0.10264102208717163,4.909216574575224,0.1,6.014953087772103,0.02,50.0,1932336174.47563,0.001,0.022362631910656933,0.0060172458516523294,0.09582941935390689,0.061880115463193955,90.97127408276285,0.004591638806853472,0.9906563377104837,0.004562742467635822,0.022362631910656933
3,0,0,0,0,30.588772112161955,0.10275587127926983,4.965404630505971,0.1,5.245775603928477,0.02,50.0,1923394698.8962994,0.001,0.022384267500006064,0.006049386147284732,0.09597446462629117,0.06208166443110867,88.95320292680104,0.004605548930151608,0.9905816603460713,0.004576493423906666,0.022384267500006064
3,0,0,0,0,30.588772112161955,0.10279430037687112,4.935652707284339,0.1,4.892924317789522,0.02,50.0,1928186315.587454,0.001,0.02240014468263274,0.006087380948380408,0.09635362468072499,0.06244241828460706,89.34184417417089,0.004642010494557008,0.9905400879926983,0.004612082124142477,0.02240014468263274
3,0,0,0,0,30.588772112161955,0.10279430037687112,4.935652707284339,0.1,4.892924317789522,0.02,50.0,1928186315.587454,0.001,0.02240014468263274,0.006087380948380408,0.09635362468072499,0.06244241828460706,89.34184417417089,0.004642010494557008,0.9905400879926983,0.004612082124142477,0.02240014468263274
3,0,0,0,0,30.588772112161955,0.10279430037687112,4.935652707284339,0.1,4.892924317789522,0.02,50.0,1928186315.587454,0.001,0.02240014468263274,0.006087380948380408,0.09635362468072499,0.06244241828460706,89.34184417417089,0.004642010494557008,0.9905400879926983,0.004612082124142477,0.02240014468263274
3,0,0,0,0,30.588772112161955,0.10279430037687112,4.935652707284339,0.1,4.892924317789522,0.02,50.0,1928186315.587454,0.001,0.02240014468263274,0.006087380948380408,0.09635362468072499,0.06244241828460706,89.34184417417089,0.004642010494557008,0.9905400879926983,0.004612082124142477,0.02240014468263274
3,0,0,0,0,30.588772112161955,0.10279430037687112,4.935652707284339,0.1,4.892924317789522,0.02,50.0,1928186315.587454,0.001,0.02240014468263274,0.006087380948380408,0.09635362468072499,0.06244241828460706,89.34184417417089,0.004642010494557008,0.9905400879926983,0.004612082124142477,0.02240014468263274
3,0,0,0,0,30.588772112161955,0.10279430037687112,4.935652707284339,0.1,4.892924317789522,0.02,50.0,1928186315.587454,0.001,0.02240014468263274,0.006087380948380408,0.09635362468072499,0.06244241828460706,89.34184417417089,0.004642010494557008,0.9905400879926983,0.004612082124142477,0.02240014468263274
3,0,0,0,0,30.588772112161955,0.10279430037687112,4.935652707284339,0.1,4.892924317789522,0.02,50.0,1928186315.587454,0.001,0.02240014468263274,0.006087380948380408,0.09635362468072499,0.06244241828460706,89.34184417417089,0.004642010494557008,0.9905400879926983,0.004612082124142477,0.02240014468263274
3,0,0,0,0,30.588772112161955,0.10275587127926983,4.935652707284339,0.1,5.245775603928477,0.02,50.0,1922706032.7331078,0.001,0.02240101769568644,0.0060457244041106865,0.09592700849740728,0.062051193256929565,89.3995187472854,0.004600995479630824,0.9905832414387696,0.004572024650814612,0.02240101769568644
3,0,0,0,0,30.588772112161955,0.10279430037687112,4.935652707284339,0.1,4.913726096499906,0.02,50.0,1928186315.587454,0.001,0.022412017368609205,0.006086636741443743,0.09635341049086758,0.06243829007489134,89.36930716059884,0.004641989856610815,0.9905425205272794,0.0046120572050995425,0.022412017368609205
3,0,0,0,0,30.588772112161955,0.10279430037687112,4.935652707284339,0.1,4.913726096499906,0.02,50.0,1928186315.587454,0.001,0.022412017368609205,0.006086636741443743,0.09635341049086758,0.06243829007489134,89.36930716059884,0.004641989856610815,0.9905425205272794,0.0046120572050995425,0.022412017368609205
3,0,0,0,0,30.588772112161955,0.10279430037687112,4.935652707284339,0.1,4.913726096499906,0.02,50.0,1928186315.587454,0.001,0.022412017368609205,0.006086636741443743,0.09635341049086758,0.06243829007489134,89.36930716059884,0.004641989856610815,0.9905425205272794,0.0046120572050995425,0.022412017368609205
3,0,0,0,0,30.588772112161955,0.10279430037687112,4.935652707284339,0.1,4.913726096499906,0.02,50.0,1928186315.587454,0.001,0.022412017368609205,0.006086636741443743,0.09635341049086758,0.06243829007489134,89.36930716059884,0.004641989856610815,0.9905425205272794,0.0046120572050995425,0.022412017368609205
3,0,0,0,0,30.588772112161955,0.10279430037687112,4.935652707284339,0.1,4.913726096499906,0.02,50.0,1928186315.587454,0.001,0.022412017368609205,0.006086636741443743,0.09635341049086758,0.06243829007489134,89.36930716059884,0.004641989856610815,0.9905425205272794,0.0046120572050995425,0.022412017368609205
3,0,0,0,0,30.588772112161955,0.10279430037687112,4.935652707284339,0.1,4.913726096499906,0.02,50.0,1928186315.587454,0.001,0.022412017368609205,0.006086636741443743,0.09635341049086758,0.06243829007489134,89.36930716059884,0.004641989856610815,0.9905425205272794,0.0046120572050995425,0.022412017368609205
3,0,0,0,0,30.588772112161955,0.10279430037687112,4.935652707284339,0.1,4.913726096499906,0.02,50.0,1928186315.587454,0.001,0.022412017368609205,0.006086636741443743,0.09635341049086758,0.06243829007489134,89.36930716059884,0.004641989856610815,0.9905425205272794,0.0046120572050995425,0.022412017368609205
3,0,0,0,0,30.588772112161955,0.10279430037687112,4.935652707284339,0.1,4.913726096499906,0.02,50.0,1928186315.587454,0.001,0.022412017368609205,0.006086636741443743,0.09635341049086758,0.06243829007489134,89.36930716059884,0.004641989856610815,0.9905425205272794,0.0046120572050995425,0.022412017368609205
3,0,0,0,0,30.588772112161955,0.10279430037687112,4.935652707284339,0.1,4.913726096499906,0.02,50.0,1928186315.587454,0.001,0.022412017368609205,0.006086636741443743,0.09635341049086758,0.06243829007489134,89.36930716059884,0.004641989856610815,0.9905425205272794,0.0046120572050995425,0.022412017368609205
3,0,0,0,0,30.588772112161955,0.10279430037687112,4.935652707284339,0.1,4.913726096499906,0.02,50.0,1928186315.587454,0.001,0.022412017368609205,0.006086636741443743,0.09635341049086758,0.06243829007489134,89.36930716059884,0.004641989856610815,0.9905425205272794,0.0046120572050995425,0.022412017368609205
3,0,0,0,0,30.588772112161955,0.10279430037687112,4.935652707284339,0.1,4.913726096499906,0.02,50.0,1928186315.587454,0.001,0.022412017368609205,0.006086636741443743,0.09635341049086758,0.06243829007489134,89.36930716059884,0.004641989856610815,0.9905425205272794,0.0046120572050995425,0.022412017368609205
3,0,0,0,0,30.588772112161955,0.10279430037687112,4.935652707284339,0.1,4.913726096499906,0.02,50.0,1928186315.587454,0.001,0.022412017368609205,0.006086636741443743,0.09635341049086758,0.06243829007489134,89.36930716059884,0.004641989856610815,0.9905425205272794,0.0046120572050995425,0.022412017368609205
3,0,0,0,0,30.588772112161955,0.10279430037687112,4.935652707284339,0.1,4.913726096499906,0.02,50.0,1928186315.587454,0.001,0.022412017368609205,0.006086636741443743,0.09635341049086758,0.06243829007489134,89.36930716059884,0.004641989856610815,0.9905425205272794,0.0046120572050995425,0.022412017368609205
3,0,0,0,0,30.588772112161955,0.10279430037687112,4.935652707284339,0.1,4.913726096499906,0.02,50.0,1928186315.587454,0.001,0.022412017368609205,0.006086636741443743,0.09635341049086758,0.06243829007489134,89.36930716059884,0.004641989856610815,0.9905425205272794,0.0046120572050995425,0.022412017368609205
3,0,0,0,0,30.588772112161955,0.10279430037687112,4.935652707284339,0.1,4.913726096499906,0.02,50.0,1928186315.587454,0.001,0.022412017368609205,0.006086636741443743,0.09635341049086758,0.06243829007489134,89.36930716059884,0.004641989856610815,0.9905425205272794,0.0046120572050995425,0.022412017368609205
3,0,0,0,0,30.588772112161955,0.10279430037687112,4.935652707284339,0.1,4.913726096499906,0.02,50.0,1928186315.587454,0.001,0.022412017368609205,0.006086636741443743,0.09635341049086758,0.06243829007489134,89.36930716059884,0.004641989856610815,0.9905425205272794,0.0046120572050995425,0.022412017368609205
3,0,0,0,0,30.588772112161955,0.10279430037687112,4.935652707284339,0.1,4.913726096499906,0.02,50.0,1928186315.587454,0.001,0.022412017368609205,0.006086636741443743,0.09635341049086758,0.06243829007489134,89.36930716059884,0.004641989856610815,0.9905425205272794,0.0046120572050995425,0.022412017368609205
3,0,0,0,0,30.56774883846819,0.10271435049473164,4.916575308466576,0.1,5.336036525072663,0.02,50.0,1927031140.155696,0.001,0.022430543286543286,0.0060382149932124585,0.09586287188418029,0.061996456264210006,89.94847282606241,0.004594845102941382,0.9905939219294884,0.004565979524791919,0.022430543286543286
3,0,0,0,0,30.588772112161955,0.10276876340030637,4.909216574575224,0.1,6.186088466932819,0.02,50.0,1927517877.7624903,0.001,0.022432790653086898,0.0060380786118875845,0.09617115859346881,0.06212529929411804,91.13306849765489,0.004624445872605064,0.9906634449964532,0.004594693106640325,0.022432790653086898
3,0,0,0,0,30.588772112161955,0.10269790690033613,4.935652707284339,0.1,4.913726096499906,0.02,50.0,1928160514.5714707,0.001,0.022438813961038376,0.006058623808569953,0.09594850757882667,0.06210877127697283,89.271799833308,0.00460305805330208,0.990545056095805,0.004574112621750172,0.022438813961038376
3,0,0,0,0,30.588772112161955,0.10273829018338289,4.909216574575224,0.1,6.037421169841441,0.02,50.0,1930796541.1325316,0.001,0.02244716727079743,0.006042341761415157,0.09618550237303497,0.062155255733705984,91.1116657729478,0.004625825433376558,0.9906524534731614,0.004596054930807428,0.02244716727079743
3,0,0,0,0,30.588772112161955,0.10276743852770891,4.916575308466576,0.1,4.563901906670756,0.02,50.0,1931968219.23945,0.001,0.022451727480183314,0.006097954214092531,0.09632517167010257,0.06252548313959741,89.36235690780359,0.004639269348637365,0.9904984477665121,0.004609381370167687,0.022451727480183314
3,0,0,0,0,30.588772112161955,0.10271961955350913,4.935652707284339,0.1,5.245775603928477,0.02,50.0,1925231056.0296636,0.001,0.022479589774360494,0.006043000021150019,0.0958858345884588,0.062015688419317844,89.46565792422561,0.004597046637362641,0.9905831087500128,0.0045681728268874315,0.022479589774360494
3,0,0,0,0,30.588772112161955,0.10271961955350913,4.935652707284339,0.1,5.245775603928477,0.02,50.0,1925231056.0296636,0.001,0.022479589774360494,0.006043000021150019,0.0958858345884588,0.062015688419317844,89.46565792422561,0.004597046637362641,0.9905831087500128,0.0045681728268874315,0.022479589774360494
3,0,0,0,0,30.588772112161955,0.10271961955350913,4.935652707284339,0.1,5.245775603928477,0.02,50.0,1925231056.0296636,0.001,0.022479589774360494,0.006043000021150019,0.0958858345884588,0.062015688419317844,89.46565792422561,0.004597046637362641,0.9905831087500128,0.0045681728268874315,0.022479589774360494
3,0,0,0,0,30.588772112161955,0.10279430037687112,4.935652707284339,0.1,5.042495444070123,0.02,50.0,1928186315.587454,0.001,0.022483425474605634,0.006082199346684736,0.09635235041279674,0.06241348999286517,89.53639181983293,0.004641887715035186,0.9905570735127996,0.004611928852391157,0.022483425474605634
3,0,0,0,0,30.588772112161955,0.10279430037687112,4.935652707284339,0.1,5.042495444070123,0.02,50.0,1928186315.587454,0.001,0.022483425474605634,0.006082199346684736,0.09635235041279674,0.06241348999286517,89.53639181983293,0.004641887715035186,0.9905570735127996,0.004611928852391157,0.022483425474605634
3,0,0,0,0,30.588772112161955,0.10279430037687112,4.935652707284339,0.1,5.042495444070123,0.02,50.0,1928186315.587454,0.001,0.022483425474605634,0.006082199346684736,0.09635235041279674,0.06241348999286517,89.53639181983293,0.004641887715035186,0.9905570735127996,0.004611928852391157,0.022483425474605634
3,0,0,0,0,30.588772112161955,0.10275587127926983,4.909216574575224,0.1,5.2454031281384745,0.02,50.0,1931228686.6799407,0.001,0.022501400034524943,0.006070517816630036,0.0962847701441416,0.06234696700832909,90.31485372586826,0.00463537848085509,0.9905808237332284,0.004605494360529001,0.022501400034524943
3,0,0,0,0,30.588772112161955,0.10275587127926983,4.909216574575224,0.1,5.834777035669938,0.02,50.0,1920227142.879071,0.001,0.022507854943398888,0.00601935701991615,0.09578762228017837,0.06186716387538603,90.33724187221021,0.0045876342910450615,0.990639956612718,0.004558870132790882,0.022507854943398888
3,0,0,0,0,30.588772112161955,0.10275587127926983,4.909216574575224,0.1,5.834777035669938,0.02,50.0,1920227142.879071,0.001,0.022507854943398888,0.00601935701991615,0.09578762228017837,0.06186716387538603,90.33724187221021,0.0045876342910450615,0.990639956612718,0.004558870132790882,0.022507854943398888
3,0,0,0,0,30.588772112161955,0.10275587127926983,4.909216574575224,0.1,5.834777035669938,0.02,50.0,1920227142.879071,0.001,0.022507854943398888,0.00601935701991615,0.09578762228017837,0.06186716387538603,90.33724187221021,0.0045876342910450615,0.990639956612718,0.004558870132790882,0.022507854943398888
3,0,0,0,0,30.588772112161955,0.10275587127926983,4.909216574575224,0.1,5.834777035669938,0.02,50.0,1920227142.879071,0.001,0.022507854943398888,0.00601935701991615,0.09578762228017837,0.06186716387538603,90.33724187221021,0.0045876342910450615,0.990639956612718,0.004558870132790882,0.022507854943398888
3,0,0,0,0,30.588772112161955,0.10275587127926983,4.909216574575224,0.1,5.834777035669938,0.02,50.0,1920227142.879071,0.001,0.022507854943398888,0.00601935701991615,0.09578762228017837,0.06186716387538603,90.33724187221021,0.0045876342910450615,0.990639956612718,0.004558870132790882,0.022507854943398888
3,0,0,0,0,30.588772112161955,0.10275587127926983,4.909216574575224,0.1,5.834777035669938,0.02,50.0,1920227142.879071,0.001,0.022507854943398888,0.00601935701991615,0.09578762228017837,0.06186716387538603,90.33724187221021,0.0045876342910450615,0.990639956612718,0.004558870132790882,0.022507854943398888
3,0,0,0,0,30.588772112161955,0.10275587127926983,4.909216574575224,0.1,5.834777035669938,0.02,50.0,1920227142.879071,0.001,0.022507854943398888,0.00601935701991615,0.09578762228017837,0.06186716387538603,90.33724187221021,0.0045876342910450615,0.990639956612718,0.004558870132790882,0.022507854943398888
3,0,0,0,0,30.588772112161955,0.10275587127926983,4.909216574575224,0.1,5.834777035669938,0.02,50.0,1920227142.879071,0.001,0.022507854943398888,0.00601935701991615,0.09578762228017837,0.06186716387538603,90.33724187221021,0.0045876342910450615,0.990639956612718,0.004558870132790882,0.022507854943398888
3,0,0,0,0,30.588772112161955,0.10275587127926983,4.909216574575224,0.1,5.834777035669938,0.02,50.0,1920227142.879071,0.001,0.022507854943398888,0.00601935701991615,0.09578762228017837,0.06186716387538603,90.33724187221021,0.0045876342910450615,0.990639956612718,0.004558870132790882,0.022507854943398888
3,0,0,0,0,30.588772112161955,0.10275587127926983,4.909216574575224,0.1,5.834777035669938,0.02,50.0,1920227142.879071,0.001,0.022507854943398888,0.00601935701991615,0.09578762228017837,0.06186716387538603,90.33724187221021,0.0045876342910450615,0.990639956612718,0.004558870132790882,0.022507854943398888
3,0,0,0,0,30.588772112161955,0.10275587127926983,4.909216574575224,0.1,5.834777035669938,0.02,50.0,1920227142.879071,0.001,0.022507854943398888,0.00601935701991615,0.09578762228017837,0.06186716387538603,90.33724187221021,0.0045876342910450615,0.990639956612718,0.004558870132790882,0.022507854943398888
3,0,0,0,0,30.588772112161955,0.10275587127926983,4.909216574575224,0.1,5.834777035669938,0.02,50.0,1920227142.879071,0.001,0.022507854943398888,0.00601935701991615,0.09578762228017837,0.06186716387538603,90.33724187221021,0.0045876342910450615,0.990639956612718,0.004558870132790882,0.022507854943398888
3,0,0,0,0,30.588772112161955,0.10275587127926983,4.909216574575224,0.1,5.834777035669938,0.02,50.0,1920227142.879071,0.001,0.022507854943398888,0.00601935701991615,0.09578762228017837,0.06186716387538603,90.33724187221021,0.0045876342910450615,0.990639956612718,0.004558870132790882,0.022507854943398888
3,0,0,0,0,30.588772112161955,0.10275587127926983,4.909216574575224,0.1,5.834777035669938,0.02,50.0,1920227142.879071,0.001,0.022507854943398888,0.00601935701991615,0.09578762228017837,0.06186716387538603,90.33724187221021,0.0045876342910450615,0.990639956612718,0.004558870132790882,0.022507854943398888
3,0,0,0,0,30.588772112161955,0.10275587127926983,4.909216574575224,0.1,5.834777035669938,0.02,50.0,1920227142.879071,0.001,0.022507854943398888,0.00601935701991615,0.09578762228017837,0.06186716387538603,90.33724187221021,0.0045876342910450615,0.990639956612718,0.004558870132790882,0.022507854943398888
3,0,0,0,0,30.588772112161955,0.10275587127926983,4.909216574575224,0.1,5.834777035669938,0.02,50.0,1920227142.879071,0.001,0.022507854943398888,0.00601935701991615,0.09578762228017837,0.06186716387538603,90.33724187221021,0.0045876342910450615,0.990639956612718,0.004558870132790882,0.022507854943398888
3,0,0,0,0,30.588772112161955,0.10275587127926983,4.909216574575224,0.1,5.7888135237235225,0.02,50.0,1920227142.879071,0.001,0.022513498141366696,0.006020546468818173,0.0957875392018613,0.06187331513998502,90.28950524588697,0.004587626333174057,0.9906359732146789,0.004558868117910252,0.022513498141366696
3,0,0,0,0,30.628346273208713,0.10271435049473164,4.916575308466576,0.1,5.336036525072663,0.02,50.0,1922439426.7108653,0.001,0.02252498462400298,0.0060362342667414845,0.09582848671792876,0.06196498428731391,89.76207464419295,0.004591549433324125,0.9905928344552847,0.0045627730034707775,0.02252498462400298
3,0,0,0,0,30.628346273208713,0.10271435049473164,4.916575308466576,0.1,5.336036525072663,0.02,50.0,1922439426.7108653,0.001,0.02252498462400298,0.0060362342667414845,0.09582848671792876,0.06196498428731391,89.76207464419295,0.004591549433324125,0.9905928344552847,0.0045627730034707775,0.02252498462400298
3,0,0,0,0,30.628346273208713,0.10271435049473164,4.916575308466576,0.1,5.336036525072663,0.02,50.0,1922439426.7108653,0.001,0.02252498462400298,0.0060362342667414845,0.09582848671792876,0.06196498428731391,89.76207464419295,0.004591549433324125,0.9905928344552847,0.0045627730034707775,0.02252498462400298
3,0,0,0,0,30.628346273208713,0.10271435049473164,4.916575308466576,0.1,5.336036525072663,0.02,50.0,1922439426.7108653,0.001,0.02252498462400298,0.0060362342667414845,0.09582848671792876,0.06196498428731391,89.76207464419295,0.004591549433324125,0.9905928344552847,0.0045627730034707775,0.02252498462400298
3,0,0,0,0,30.628346273208713,0.10271435049473164,4.916575308466576,0.1,5.336036525072663,0.02,50.0,1922439426.7108653,0.001,0.02252498462400298,0.0060362342667414845,0.09582848671792876,0.06196498428731391,89.76207464419295,0.004591549433324125,0.9905928344552847,0.0045627730034707775,0.02252498462400298
3,0,0,0,0,30.628346273208713,0.10271435049473164,4.916575308466576,0.1,5.336036525072663,0.02,50.0,1922439426.7108653,0.001,0.02252498462400298,0.0060362342667414845,0.09582848671792876,0.06196498428731391,89.76207464419295,0.004591549433324125,0.9905928344552847,0.0045627730034707775,0.02252498462400298
3,0,0,0,0,30.628346273208713,0.10271435049473164,4.916575308466576,0.1,5.336036525072663,0.02,50.0,1922439426.7108653,0.001,0.02252498462400298,0.0060362342667414845,0.09582848671792876,0.06196498428731391,89.76207464419295,0.004591549433324125,0.9905928344552847,0.0045627730034707775,0.02252498462400298
3,0,0,0,0,30.628346273208713,0.10271435049473164,4.916575308466576,0.1,5.336036525072663,0.02,50.0,1922439426.7108653,0.001,0.02252498462400298,0.0060362342667414845,0.09582848671792876,0.06196498428731391,89.76207464419295,0.004591549433324125,0.9905928344552847,0.0045627730034707775,0.02252498462400298
3,0,0,0,0,30.628346273208713,0.10271435049473164,4.916575308466576,0.1,5.336036525072663,0.02,50.0,1922439426.7108653,0.001,0.02252498462400298,0.0060362342667414845,0.09582848671792876,0.06196498428731391,89.76207464419295,0.004591549433324125,0.9905928344552847,0.0045627730034707775,0.02252498462400298
3,0,0,0,0,30.628346273208713,0.10271435049473164,4.916575308466576,0.1,5.336036525072663,0.02,50.0,1922439426.7108653,0.001,0.02252498462400298,0.0060362342667414845,0.09582848671792876,0.06196498428731391,89.76207464419295,0.004591549433324125,0.9905928344552847,0.0045627730034707775,0.02252498462400298
3,0,0,0,0,30.628346273208713,0.10271435049473164,4.916575308466576,0.1,5.336036525072663,0.02,50.0,1922439426.7108653,0.001,0.02252498462400298,0.0060362342667414845,0.09582848671792876,0.06196498428731391,89.76207464419295,0.004591549433324125,0.9905928344552847,0.0045627730034707775,0.02252498462400298
3,0,0,0,0,30.628346273208713,0.10271435049473164,4.916575308466576,0.1,5.336036525072663,0.02,50.0,1922439426.7108653,0.001,0.02252498462400298,0.0060362342667414845,0.09582848671792876,0.06196498428731391,89.76207464419295,0.004591549433324125,0.9905928344552847,0.0045627730034707775,0.02252498462400298
3,0,0,0,0,30.588772112161955,0.10269515999484402,4.909216574575224,0.1,5.730155528046509,0.02,50.0,1925665246.2386928,0.001,0.022525131806527925,0.0060234772946752505,0.09580743993402774,0.061871870756139015,90.57186654542465,0.004589532773356166,0.9906306521555802,0.004560764284611697,0.022525131806527925
3,0,0,0,0,30.588772112161955,0.10269515999484402,4.909216574575224,0.1,5.730155528046509,0.02,50.0,1925665246.2386928,0.001,0.022525131806527925,0.0060234772946752505,0.09580743993402774,0.061871870756139015,90.57186654542465,0.004589532773356166,0.9906306521555802,0.004560764284611697,0.022525131806527925
3,0,0,0,0,30.588772112161955,0.10275587127926983,4.916575308466576,0.1,4.862914793598462,0.02,50.0,1932548777.4778485,0.001,0.02254859031175538,0.006090746392821898,0.09638850139303747,0.062469776379826494,89.88102322267515,0.004645371600397793,0.9905367124248552,0.004615354922814523,0.02254859031175538
3,0,0,0,0,30.588772112161955,0.10275587127926983,4.916575308466576,0.1,4.862914793598462,0.02,50.0,1932548777.4778485,0.001,0.02254859031175538,0.006090746392821898,0.09638850139303747,0.062469776379826494,89.88102322267515,0.004645371600397793,0.9905367124248552,0.004615354922814523,0.02254859031175538
3,0,0,0,0,30.588772112161955,0.10269515999484402,4.909216574575224,0.1,5.5393122585294465,0.02,50.0,1925665246.2386928,0.001,0.022549702576159826,0.006028839161406662,0.09580786353715029,0.061899076178683024,90.3647938707926,0.0045895733577766065,0.9906128739634565,0.004560829417915002,0.022549702576159826
3,0,0,0,0,30.588772112161955,0.10269515999484402,4.909216574575224,0.1,5.5393122585294465,0.02,50.0,1925665246.2386928,0.001,0.022549702576159826,0.006028839161406662,0.09580786353715029,0.061899076178683024,90.3647938707926,0.0045895733577766065,0.9906128739634565,0.004560829417915002,0.022549702576159826
3,0,0,0,0,30.588772112161955,0.10269515999484402,4.909216574575224,0.1,5.5393122585294465,0.02,50.0,1925665246.2386928,0.001,0.022549702576159826,0.006028839161406662,0.09580786353715029,0.061899076178683024,90.3647938707926,0.0045895733577766065,0.9906128739634565,0.004560829417915002,0.022549702576159826
3,0,0,0,0,30.64229535098165,0.10270501594787852,4.909216574575224,0.1,6.756418844362619,0.02,50.0,1920227142.879071,0.001,0.02255371434954933,0.005995214597102719,0.09572755132286731,0.061703014970984654,91.1642826497652,0.004581882041136097,0.9907070094389752,0.00455317253032934,0.02255371434954933
3,0,0,0,0,30.64229535098165,0.10270501594787852,4.909216574575224,0.1,6.756418844362619,0.02,50.0,1920227142.879071,0.001,0.02255371434954933,0.005995214597102719,0.09572755132286731,0.061703014970984654,91.1642826497652,0.004581882041136097,0.9907070094389752,0.00455317253032934,0.02255371434954933
3,0,0,0,0,30.588772112161955,0.10275587127926983,4.909216574575224,0.1,5.461580644532922,0.02,50.0,1920227142.879071,0.001,0.022555621720743935,0.006029720103418188,0.09578775330968307,0.06192009796318965,89.93519570128163,0.00458764684205835,0.9906054422867422,0.004558931979837846,0.022555621720743935
3,0,0,0,0,30.588772112161955,0.10275587127926983,4.909216574575224,0.1,5.461580644532922,0.02,50.0,1920227142.879071,0.001,0.022555621720743935,0.006029720103418188,0.09578775330968307,0.06192009796318965,89.93519570128163,0.00458764684205835,0.9906054422867422,0.004558931979837846,0.022555621720743935
3,0,0,0,0,30.588772112161955,0.10275587127926983,4.909216574575224,0.1,5.461580644532922,0.02,50.0,1920227142.879071,0.001,0.022555621720743935,0.006029720103418188,0.09578775330968307,0.06192009796318965,89.93519570128163,0.00458764684205835,0.9906054422867422,0.004558931979837846,0.022555621720743935
3,0,0,0,0,30.588772112161955,0.10275587127926983,4.909216574575224,0.1,5.461580644532922,0.02,50.0,1920227142.879071,0.001,0.022555621720743935,0.006029720103418188,0.09578775330968307,0.06192009796318965,89.93519570128163,0.00458764684205835,0.9906054422867422,0.004558931979837846,0.022555621720743935
3,0,0,0,0,30.588772112161955,0.10275587127926983,4.909216574575224,0.1,5.461580644532922,0.02,50.0,1920227142.879071,0.001,0.022555621720743935,0.006029720103418188,0.09578775330968307,0.06192009796318965,89.93519570128163,0.00458764684205835,0.9906054422867422,0.004558931979837846,0.022555621720743935
3,0,0,0,0,30.588772112161955,0.10275587127926983,4.909216574575224,0.1,5.461580644532922,0.02,50.0,1920227142.879071,0.001,0.022555621720743935,0.006029720103418188,0.09578775330968307,0.06192009796318965,89.93519570128163,0.00458764684205835,0.9906054422867422,0.004558931979837846,0.022555621720743935
3,0,0,0,0,30.588772112161955,0.10275587127926983,4.909216574575224,0.1,5.461580644532922,0.02,50.0,1920227142.879071,0.001,0.022555621720743935,0.006029720103418188,0.09578775330968307,0.06192009796318965,89.93519570128163,0.00458764684205835,0.9906054422867422,0.004558931979837846,0.022555621720743935
3,0,0,0,0,30.588772112161955,0.10275587127926983,4.909216574575224,0.1,5.461580644532922,0.02,50.0,1920227142.879071,0.001,0.022555621720743935,0.006029720103418188,0.09578775330968307,0.06192009796318965,89.93519570128163,0.00458764684205835,0.9906054422867422,0.004558931979837846,0.022555621720743935
3,0,0,0,0,30.455385156759732,0.10275587127926983,4.935652707284339,0.1,5.44788756881862,0.02,50.0,1928160514.5714707,0.001,0.022578259417513936,0.0060330793686531065,0.09582909522628935,0.061921545696420145,89.89479462534948,0.004591607745944616,0.9906034868450271,0.004562848136435082,0.022578259417513936
3,0,0,0,0,30.588772112161955,0.10267512305935218,4.935652707284339,0.1,5.245775603928477,0.02,50.0,1928160514.5714707,0.001,0.022581281372913313,0.006040968095953914,0.09585170718253387,0.061969248162503675,89.6489998745123,0.0045937748849031075,0.9905822477449275,0.004565000570683145,0.022581281372913313
3,0,0,0,0,30.588772112161955,0.10267512305935218,4.935652707284339,0.1,5.245775603928477,0.02,50.0,1928160514.5714707,0.001,0.022581281372913313,0.006040968095953914,0.09585170718253387,0.061969248162503675,89.6489998745123,0.0045937748849031075,0.9905822477449275,0.004565000570683145,0.022581281372913313
3,0,0,0,0,30.64229535098165,0.10270501594787852,4.909216574575224,0.1,5.834777035669938,0.02,50.0,1920467810.8735578,0.001,0.022615969204246737,0.00601857124822949,0.09576995061406221,0.06182272068040299,90.47306480889013,0.004585941720309957,0.9906386265199583,0.004557257698720877,0.022615969204246737
3,0,0,0,0,30.64229535098165,0.10270501594787852,4.909216574575224,0.1,5.834777035669938,0.02,50.0,1920467810.8735578,0.001,0.022615969204246737,0.00601857124822949,0.09576995061406221,0.06182272068040299,90.47306480889013,0.004585941720309957,0.9906386265199583,0.004557257698720877,0.022615969204246737
3,0,0,0,0,30.64229535098165,0.10270501594787852,4.909216574575224,0.1,5.834777035669938,0.02,50.0,1920467810.8735578,0.001,0.022615969204246737,0.00601857124822949,0.09576995061406221,0.06182272068040299,90.47306480889013,0.004585941720309957,0.9906386265199583,0.004557257698720877,0.022615969204246737
3,0,0,0,0,30.588772112161955,0.10275587127926983,4.909216574575224,0.1,5.019433340367237,0.02,50.0,1920227142.879071,0.001,0.0226185068905968,0.006044462826695603,0.09579111998045403,0.06199296725743671,89.41330428611734,0.00458796933355487,0.990557052355976,0.004559315405490024,0.0226185068905968
3,0,0,0,0,30.588772112161955,0.10275587127926983,4.953661672555704,0.1,5.4099693332973615,0.02,50.0,1920227142.879071,0.001,0.022630373426141583,0.006035122319479365,0.09583430231183922,0.06193766027516269,89.1645441559216,0.004592106749798496,0.9905978413512653,0.004563353080313463,0.022630373426141583
3,0,0,0,0,30.588772112161955,0.10275587127926983,4.953661672555704,0.1,5.4099693332973615,0.02,50.0,1920227142.879071,0.001,0.022630373426141583,0.006035122319479365,0.09583430231183922,0.06193766027516269,89.1645441559216,0.004592106749798496,0.9905978413512653,0.004563353080313463,0.022630373426141583
3,0,0,0,0,30.588772112161955,0.10275587127926983,4.953661672555704,0.1,5.4099693332973615,0.02,50.0,1920227142.879071,0.001,0.022630373426141583,0.006035122319479365,0.09583430231183922,0.06193766027516269,89.1645441559216,0.004592106749798496,0.9905978413512653,0.004563353080313463,0.022630373426141583
3,0,0,0,0,30.588772112161955,0.10275587127926983,4.953661672555704,0.1,5.4099693332973615,0.02,50.0,1920227142.879071,0.001,0.022630373426141583,0.006035122319479365,0.09583430231183922,0.06193766027516269,89.1645441559216,0.004592106749798496,0.9905978413512653,0.004563353080313463,0.022630373426141583
3,0,0,0,0,30.588772112161955,0.10275587127926983,4.953661672555704,0.1,5.4099693332973615,0.02,50.0,1920227142.879071,0.001,0.022630373426141583,0.006035122319479365,0.09583430231183922,0.06193766027516269,89.1645441559216,0.004592106749798496,0.9905978413512653,0.004563353080313463,0.022630373426141583
3,0,0,0,0,30.588772112161955,0.10275587127926983,4.953661672555704,0.1,5.4099693332973615,0.02,50.0,1920227142.879071,0.001,0.022630373426141583,0.006035122319479365,0.09583430231183922,0.06193766027516269,89.1645441559216,0.004592106749798496,0.9905978413512653,0.004563353080313463,0.022630373426141583
3,0,0,0,0,30.588772112161955,0.10282141917893893,4.935652707284339,0.1,4.787150315403902,0.02,50.0,1927151080.3189106,0.001,0.022631477918608978,0.0060972479141880465,0.0964341090264808,0.06251879699909052,89.19635590951263,0.004649768691865593,0.9905253005670596,0.004619672697637969,0.022631477918608978
3,0,0,0,0,30.588772112161955,0.10275587127926983,4.909216574575224,0.1,6.014953087772103,0.02,50.0,1930154392.6551824,0.001,0.022642614701605834,0.006047928913684752,0.0962522280552896,0.06219723076612217,91.15478098000563,0.00463224570280374,0.9906488102609262,0.004602328836458965,0.022642614701605834
3,0,0,0,0,30.588772112161955,0.10275587127926983,4.909216574575224,0.1,6.014953087772103,0.02,50.0,1930154392.6551824,0.001,0.022642614701605834,0.006047928913684752,0.0962522280552896,0.06219723076612217,91.15478098000563,0.00463224570280374,0.9906488102609262,0.004602328836458965,0.022642614701605834
3,0,0,0,0,30.588772112161955,0.10275587127926983,4.909216574575224,0.1,6.014953087772103,0.02,50.0,1930154392.6551824,0.001,0.022642614701605834,0.006047928913684752,0.0962522280552896,0.06219723076612217,91.15478098000563,0.00463224570280374,0.9906488102609262,0.004602328836458965,0.022642614701605834
3,0,0,0,0,30.588772112161955,0.10275587127926983,4.909216574575224,0.1,5.834777035669938,0.02,50.0,1918554366.6744604,0.001,0.022642929187146305,0.006017772254502432,0.09575694089208504,0.06181190184017049,90.4040993162548,0.004584695864505135,0.9906383828355039,0.004556041475961774,0.022642929187146305
3,0,0,0,0,30.628346273208713,0.10276828328734795,5.030802148944793,0.1,5.316695662546386,0.02,50.0,1928958438.6890814,0.001,0.022652249411658054,0.006082561081590835,0.09645229185571244,0.0624087605348901,88.45775672882893,0.004651522302109766,0.9905783484329533,0.004621365414719262,0.022652249411658054
3,0,0,0,0,30.628346273208713,0.10276828328734795,5.030802148944793,0.1,5.316695662546386,0.02,50.0,1928958438.6890814,0.001,0.022652249411658054,0.006082561081590835,0.09645229185571244,0.0624087605348901,88.45775672882893,0.004651522302109766,0.9905783484329533,0.004621365414719262,0.022652249411658054
3,0,0,0,0,30.628346273208713,0.10276828328734795,5.030802148944793,0.1,5.316695662546386,0.02,50.0,1928958438.6890814,0.001,0.022652249411658054,0.006082561081590835,0.09645229185571244,0.0624087605348901,88.45775672882893,0.004651522302109766,0.9905783484329533,0.004621365414719262,0.022652249411658054
3,0,0,0,0,30.628346273208713,0.10276828328734795,5.030802148944793,0.1,5.316695662546386,0.02,50.0,1928958438.6890814,0.001,0.022652249411658054,0.006082561081590835,0.09645229185571244,0.0624087605348901,88.45775672882893,0.004651522302109766,0.9905783484329533,0.004621365414719262,0.022652249411658054
3,0,0,0,0,30.628346273208713,0.10276828328734795,5.030802148944793,0.1,5.316695662546386,0.02,50.0,1928958438.6890814,0.001,0.022652249411658054,0.006082561081590835,0.09645229185571244,0.0624087605348901,88.45775672882893,0.004651522302109766,0.9905783484329533,0.004621365414719262,0.022652249411658054
3,0,0,0,0,30.628346273208713,0.10276828328734795,5.030802148944793,0.1,5.316695662546386,0.02,50.0,1928958438.6890814,0.001,0.022652249411658054,0.006082561081590835,0.09645229185571244,0.0624087605348901,88.45775672882893,0.004651522302109766,0.9905783484329533,0.004621365414719262,0.022652249411658054
3,0,0,0,0,30.628346273208713,0.10276828328734795,5.030802148944793,0.1,5.316695662546386,0.02,50.0,1928958438.6890814,0.001,0.022652249411658054,0.006082561081590835,0.09645229185571244,0.0624087605348901,88.45775672882893,0.004651522302109766,0.9905783484329533,0.004621365414719262,0.022652249411658054
3,0,0,0,0,30.64229535098165,0.10270501594787852,4.909216574575224,0.1,5.834777035669938,0.02,50.0,1920227142.879071,0.001,0.0226544706320791,0.006015349391703357,0.09572317094888486,0.0618079667158211,90.30071456785173,0.004581462728254717,0.9906389150602498,0.004552858118000372,0.0226544706320791
3,0,0,0,0,30.64229535098165,0.10270501594787852,4.909216574575224,0.1,5.834777035669938,0.02,50.0,1920227142.879071,0.001,0.0226544706320791,0.006015349391703357,0.09572317094888486,0.0618079667158211,90.30071456785173,0.004581462728254717,0.9906389150602498,0.004552858118000372,0.0226544706320791
3,0,0,0,0,30.64229535098165,0.10270501594787852,4.909216574575224,0.1,5.834777035669938,0.02,50.0,1920227142.879071,0.001,0.0226544706320791,0.006015349391703357,0.09572317094888486,0.0618079667158211,90.30071456785173,0.004581462728254717,0.9906389150602498,0.004552858118000372,0.0226544706320791
3,0,0,0,0,30.64229535098165,0.10270501594787852,4.909216574575224,0.1,5.834777035669938,0.02,50.0,1920227142.879071,0.001,0.0226544706320791,0.006015349391703357,0.09572317094888486,0.0618079667158211,90.30071456785173,0.004581462728254717,0.9906389150602498,0.004552858118000372,0.0226544706320791
3,0,0,0,0,30.64229535098165,0.10270501594787852,4.909216574575224,0.1,5.834777035669938,0.02,50.0,1920227142.879071,0.001,0.0226544706320791,0.006015349391703357,0.09572317094888486,0.0618079667158211,90.30071456785173,0.004581462728254717,0.9906389150602498,0.004552858118000372,0.0226544706320791
3,0,0,0,0,30.64229535098165,0.10270501594787852,4.909216574575224,0.1,5.834777035669938,0.02,50.0,1920227142.879071,0.001,0.0226544706320791,0.006015349391703357,0.09572317094888486,0.0618079667158211,90.30071456785173,0.004581462728254717,0.9906389150602498,0.004552858118000372,0.0226544706320791
3,0,0,0,0,30.64229535098165,0.10270501594787852,4.909216574575224,0.1,5.834777035669938,0.02,50.0,1920227142.879071,0.001,0.0226544706320791,0.006015349391703357,0.09572317094888486,0.0618079667158211,90.30071456785173,0.004581462728254717,0.9906389150602498,0.004552858118000372,0.0226544706320791
3,0,0,0,0,30.64229535098165,0.10270501594787852,4.909216574575224,0.1,5.834777035669938,0.02,50.0,1920227142.879071,0.001,0.0226544706320791,0.006015349391703357,0.09572317094888486,0.0618079667158211,90.30071456785173,0.004581462728254717,0.9906389150602498,0.004552858118000372,0.0226544706320791
3,0,0,0,0,30.64229535098165,0.10270501594787852,4.909216574575224,0.1,5.834777035669938,0.02,50.0,1920227142.879071,0.001,0.0226544706320791,0.006015349391703357,0.09572317094888486,0.0618079667158211,90.30071456785173,0.004581462728254717,0.9906389150602498,0.004552858118000372,0.0226544706320791
3,0,0,0,0,30.64229535098165,0.10270501594787852,4.909216574575224,0.1,5.834777035669938,0.02,50.0,1920227142.879071,0.001,0.0226544706320791,0.006015349391703357,0.09572317094888486,0.0618079667158211,90.30071456785173,0.004581462728254717,0.9906389150602498,0.004552858118000372,0.0226544706320791
3,0,0,0,0,30.64229535098165,0.10270501594787852,4.909216574575224,0.1,5.834777035669938,0.02,50.0,1920227142.879071,0.001,0.0226544706320791,0.006015349391703357,0.09572317094888486,0.0618079667158211,90.30071456785173,0.004581462728254717,0.9906389150602498,0.004552858118000372,0.0226544706320791
3,0,0,0,0,30.64229535098165,0.10270501594787852,4.909216574575224,0.1,5.834777035669938,0.02,50.0,1920227142.879071,0.001,0.0226544706320791,0.006015349391703357,0.09572317094888486,0.0618079667158211,90.30071456785173,0.004581462728254717,0.9906389150602498,0.004552858118000372,0.0226544706320791
3,0,0,0,0,30.64229535098165,0.10270501594787852,4.909216574575224,0.1,5.834777035669938,0.02,50.0,1920227142.879071,0.001,0.0226544706320791,0.006015349391703357,0.09572317094888486,0.0618079667158211,90.30071456785173,0.004581462728254717,0.9906389150602498,0.004552858118000372,0.0226544706320791
3,0,0,0,0,30.64229535098165,0.10270501594787852,4.909216574575224,0.1,5.834777035669938,0.02,50.0,1920227142.879071,0.001,0.0226544706320791,0.006015349391703357,0.09572317094888486,0.0618079667158211,90.30071456785173,0.004581462728254717,0.9906389150602498,0.004552858118000372,0.0226544706320791
3,0,0,0,0,30.588772112161955,0.10279309193973545,4.909216574575224,0.1,6.461240474905211,0.02,50.0,1926035175.4819875,0.001,0.02268705953383332,0.006036039677505368,0.09621646158001199,0.062122982243646804,91.35472466875221,0.004628803739488961,0.9906804098004564,0.004598905629395751,0.02268705953383332
3,0,0,0,0,30.588772112161955,0.10279309193973545,4.909216574575224,0.1,6.461240474905211,0.02,50.0,1926035175.4819875,0.001,0.02268705953383332,0.006036039677505368,0.09621646158001199,0.062122982243646804,91.35472466875221,0.004628803739488961,0.9906804098004564,0.004598905629395751,0.02268705953383332
3,0,0,0,0,30.588772112161955,0.10275587127926983,4.935652707284339,0.1,5.245775603928477,0.02,50.0,1932417933.7420154,0.001,0.02269455025386874,0.006077578659325365,0.09637701150226578,0.062394153287119794,89.94805185394166,0.004644264173053936,0.990578020872708,0.004614200248853104,0.02269455025386874
3,0,0,0,0,30.588772112161955,0.10275587127926983,4.935652707284339,0.1,5.245775603928477,0.02,50.0,1932417933.7420154,0.001,0.02269455025386874,0.006077578659325365,0.09637701150226578,0.062394153287119794,89.94805185394166,0.004644264173053936,0.990578020872708,0.004614200248853104,0.02269455025386874
3,0,0,0,0,30.588772112161955,0.10275587127926983,4.935652707284339,0.1,5.245775603928477,0.02,50.0,1932417933.7420154,0.001,0.02269455025386874,0.006077578659325365,0.09637701150226578,0.062394153287119794,89.94805185394166,0.004644264173053936,0.990578020872708,0.004614200248853104,0.02269455025386874
3,0,0,0,0,30.493473304462132,0.10265843480196224,4.909216574575224,0.1,6.014953087772103,0.02,50.0,1932336174.47563,0.001,0.02272112469330853,0.006006241140716084,0.09565760327511254,0.06172750759033591,90.89876948004058,0.00457518853216941,0.9906546361060083,0.004546704794417619,0.02272112469330853
3,0,0,0,0,30.588772112161955,0.10269515999484402,4.909216574575224,0.1,6.014953087772103,0.02,50.0,1936431780.5981445,0.001,0.022722580202315268,0.006048128120074113,0.09625595165862715,0.0622078948463785,91.32009343065712,0.0046326041148539825,0.9906489825344122,0.00460265957595507,0.022722580202315268
3,0,0,0,0,30.588772112161955,0.10278109755669174,4.935652707284339,0.1,5.245775603928477,0.02,50.0,1916413930.5007799,0.001,0.022759013929166905,0.006036098936112734,0.0957687062908242,0.06190944048987887,89.09713685138333,0.004585822552309075,0.9905799228350121,0.004557234796735754,0.022759013929166905
3,0,0,0,0,30.588772112161955,0.10275587127926983,4.935652707284339,0.1,4.913726096499906,0.02,50.0,1919206027.325289,0.001,0.022769613394100337,0.006049026266412287,0.0957888469888168,0.0619811478394541,88.78019425134558,0.0045877516037234785,0.9905413328539805,0.004559170013880476,0.022769613394100337
3,0,0,0,0,30.588772112161955,0.10275587127926983,4.935652707284339,0.1,5.245775603928477,0.02,50.0,1932829482.1789029,0.001,0.022772059067733663,0.006079157979400465,0.09639766975317288,0.06240816955473551,89.97063725174023,0.0046462553669208905,0.9905774025914805,0.004616140901048342,0.022772059067733663
3,0,0,0,0,30.588772112161955,0.10275587127926983,4.916575308466576,0.1,4.862914793598462,0.02,50.0,1933839411.429113,0.001,0.02277894768309363,0.006093880005880135,0.09642931769872574,0.06250998146739278,89.86221746184707,0.004649306655920891,0.990535448844215,0.004619170045388759,0.02277894768309363
3,0,0,0,0,30.588772112161955,0.10275587127926983,4.935652707284339,0.1,4.862093019018876,0.02,50.0,1934082113.5573246,0.001,0.022800745744247786,0.006096593213918431,0.09646318041383628,0.06252311407895594,89.54894664723466,0.0046525725877761635,0.990534025325083,0.0046223839855300385,0.022800745744247786
3,0,0,0,0,30.695559308024986,0.10271435049473164,4.916575308466576,0.1,5.656406980247076,0.02,50.0,1929400793.115688,0.001,0.02280189561580448,0.006063185214433204,0.09633700527077864,0.062308292264997345,90.60236331013998,0.004640409292271015,0.9906170043005217,0.004610347524832052,0.02280189561580448
3,0,0,0,0,30.695559308024986,0.10271435049473164,4.916575308466576,0.1,5.656406980247076,0.02,50.0,1929400793.115688,0.001,0.02280189561580448,0.006063185214433204,0.09633700527077864,0.062308292264997345,90.60236331013998,0.004640409292271015,0.9906170043005217,0.004610347524832052,0.02280189561580448
3,0,0,0,0,27.20442784769627,0.10276388993083835,4.935652707284339,0.1,5.112965121561401,0.02,50.0,1928160514.5714707,0.001,0.022816096163802924,0.006071648631305767,0.09626754905151177,0.06236961647365789,90.2684325309282,0.004633720500192613,0.9905731857294302,0.004603758092016082,0.022816096163802924
3,0,0,0,0,30.588772112161955,0.10275587127926983,4.935652707284339,0.1,4.913726096499906,0.02,50.0,1918187471.3918204,0.001,0.02286182783264082,0.006046812629129032,0.09574911933223339,0.06194311813998362,88.72641776773169,0.004583946926449135,0.9905398340646179,0.004555459642349011,0.02286182783264082
3,0,0,0,0,30.588772112161955,0.10275587127926983,4.935652707284339,0.1,4.913726096499906,0.02,50.0,1918187471.3918204,0.001,0.02286182783264082,0.006046812629129032,0.09574911933223339,0.06194311813998362,88.72641776773169,0.004583946926449135,0.9905398340646179,0.004555459642349011,0.02286182783264082
3,0,0,0,0,30.588772112161955,0.10275587127926983,4.935652707284339,0.1,4.913726096499906,0.02,50.0,1918187471.3918204,0.001,0.02286182783264082,0.006046812629129032,0.09574911933223339,0.06194311813998362,88.72641776773169,0.004583946926449135,0.9905398340646179,0.004555459642349011,0.02286182783264082
3,0,0,0,0,30.588772112161955,0.10275587127926983,4.935652707284339,0.1,4.913726096499906,0.02,50.0,1918187471.3918204,0.001,0.02286182783264082,0.006046812629129032,0.09574911933223339,0.06194311813998362,88.72641776773169,0.004583946926449135,0.9905398340646179,0.004555459642349011,0.02286182783264082
3,0,0,0,0,30.588772112161955,0.10268613297720161,4.935652707284339,0.1,5.245775603928477,0.02,50.0,1923394698.8962994,0.001,0.022928581020535306,0.006031064897654695,0.09568456603305432,0.06182860659993476,89.30097026976499,0.004577768088466967,0.9905779092142406,0.004549376093662891,0.022928581020535306
3,0,0,0,0,30.588772112161955,0.10279430037687112,4.935652707284339,0.1,4.913726096499906,0.02,50.0,1931011452.1711104,0.001,0.022964734440215295,0.0061005010930853445,0.09653783412027359,0.06254242327181436,89.66413099094402,0.00465977670831673,0.9905378086757879,0.004629434126001167,0.022964734440215295
3,0,0,0,0,30.588772112161955,0.10279430037687112,4.935652707284339,0.1,4.913726096499906,0.02,50.0,1931011452.1711104,0.001,0.022964734440215295,0.0061005010930853445,0.09653783412027359,0.06254242327181436,89.66413099094402,0.00465977670831673,0.9905378086757879,0.004629434126001167,0.022964734440215295
3,0,0,0,0,30.588772112161955,0.10279430037687112,4.935652707284339,0.1,4.913726096499906,0.02,50.0,1931011452.1711104,0.001,0.022964734440215295,0.0061005010930853445,0.09653783412027359,0.06254242327181436,89.66413099094402,0.00465977670831673,0.9905378086757879,0.004629434126001167,0.022964734440215295
3,0,0,0,0,30.588772112161955,0.10279430037687112,4.935652707284339,0.1,4.913726096499906,0.02,50.0,1931011452.1711104,0.001,0.022964734440215295,0.0061005010930853445,0.09653783412027359,0.06254242327181436,89.66413099094402,0.00465977670831673,0.9905378086757879,0.004629434126001167,0.022964734440215295
3,0,0,0,0,30.588772112161955,0.10279430037687112,4.935652707284339,0.1,4.913726096499906,0.02,50.0,1931011452.1711104,0.001,0.022964734440215295,0.0061005010930853445,0.09653783412027359,0.06254242327181436,89.66413099094402,0.00465977670831673,0.9905378086757879,0.004629434126001167,0.022964734440215295
3,0,0,0,0,30.588772112161955,0.10279430037687112,4.935652707284339,0.1,4.913726096499906,0.02,50.0,1931011452.1711104,0.001,0.022964734440215295,0.0061005010930853445,0.09653783412027359,0.06254242327181436,89.66413099094402,0.00465977670831673,0.9905378086757879,0.004629434126001167,0.022964734440215295
3,0,0,0,0,30.588772112161955,0.10275587127926983,4.935652707284339,0.1,5.245775603928477,0.02,50.0,1916413930.5007799,0.001,0.022971556043158585,0.00603078606675987,0.09567518773027579,0.0618188690153275,89.05313363145541,0.004576870773611758,0.9905767449158945,0.004548505905572094,0.022971556043158585
3,0,0,0,0,30.588772112161955,0.10275587127926983,4.909216574575224,0.1,6.014953087772103,0.02,50.0,1932336174.47563,0.001,0.023046324895258485,0.006055292693073902,0.09634562953111614,0.062268754024090635,91.21105690343934,0.00464124016487354,0.9906452514077919,0.004611077039662124,0.023046324895258485
3,0,0,0,0,30.588772112161955,0.10275587127926983,4.909216574575224,0.1,6.014953087772103,0.02,50.0,1932336174.47563,0.001,0.023046324895258485,0.006055292693073902,0.09634562953111614,0.062268754024090635,91.21105690343934,0.00464124016487354,0.9906452514077919,0.004611077039662124,0.023046324895258485
3,0,0,0,0,30.588772112161955,0.10275587127926983,4.909216574575224,0.1,6.014953087772103,0.02,50.0,1932336174.47563,0.001,0.023046324895258485,0.006055292693073902,0.09634562953111614,0.062268754024090635,91.21105690343934,0.00464124016487354,0.9906452514077919,0.004611077039662124,0.023046324895258485
3,0,0,0,0,30.588772112161955,0.10275587127926983,4.909216574575224,0.1,6.014953087772103,0.02,50.0,1932336174.47563,0.001,0.023046324895258485,0.006055292693073902,0.09634562953111614,0.062268754024090635,91.21105690343934,0.00464124016487354,0.9906452514077919,0.004611077039662124,0.023046324895258485
3,0,0,0,0,30.588772112161955,0.10275587127926983,4.909216574575224,0.1,6.014953087772103,0.02,50.0,1932336174.47563,0.001,0.023046324895258485,0.006055292693073902,0.09634562953111614,0.062268754024090635,91.21105690343934,0.00464124016487354,0.9906452514077919,0.004611077039662124,0.023046324895258485
3,0,0,0,0,30.588772112161955,0.10275587127926983,4.909216574575224,0.1,6.014953087772103,0.02,50.0,1932336174.47563,0.001,0.023046324895258485,0.006055292693073902,0.09634562953111614,0.062268754024090635,91.21105690343934,0.00464124016487354,0.9906452514077919,0.004611077039662124,0.023046324895258485
3,0,0,0,0,30.588772112161955,0.10275587127926983,4.935652707284339,0.1,4.913726096499906,0.02,50.0,1935337121.1823475,0.001,0.023066447570082638,0.006099752755585044,0.09652738694448357,0.06255527455883308,89.68596674732643,0.004658768215165029,0.9905379499834349,0.004628411165631244,0.023066447570082638
3,0,0,0,0,30.588772112161955,0.10275587127926983,4.935652707284339,0.1,5.245775603928477,0.02,50.0,1934593798.8942037,0.001,0.02310415463336246,0.006086142688362692,0.09648770692244554,0.0624678838959877,90.06722288068883,0.004654938793575873,0.9905743815571347,0.004624603767194308,0.02310415463336246
3,0,0,0,0,30.588772112161955,0.10275587127926983,4.909216574575224,0.1,5.4048973258924295,0.02,50.0,1933968031.055164,0.001,0.02310719617958401,0.006078296337204948,0.09644745206368321,0.062417164506413526,90.73897374657685,0.004651055504788236,0.9905914750538227,0.004620764487087093,0.02310719617958401
3,0,0,0,0,30.588772112161955,0.10285360786307932,4.916575308466576,0.1,4.862914793598462,0.02,50.0,1926600669.2939355,0.001,0.023175473122209578,0.00610299234760489,0.0965442334386493,0.0625858561202348,89.65451596476424,0.004660394505128205,0.9905309460199495,0.004629984996165626,0.023175473122209578
3,0,0,0,0,30.588772112161955,0.10285360786307932,4.916575308466576,0.1,4.862914793598462,0.02,50.0,1926600669.2939355,0.001,0.023175473122209578,0.00610299234760489,0.0965442334386493,0.0625858561202348,89.65451596476424,0.004660394505128205,0.9905309460199495,0.004629984996165626,0.023175473122209578
3,0,0,0,0,30.588772112161955,0.10285360786307932,4.916575308466576,0.1,4.862914793598462,0.02,50.0,1926600669.2939355,0.001,0.023175473122209578,0.00610299234760489,0.0965442334386493,0.0625858561202348,89.65451596476424,0.004660394505128205,0.9905309460199495,0.004629984996165626,0.023175473122209578
3,0,0,0,0,30.588772112161955,0.10285360786307932,4.916575308466576,0.1,4.862914793598462,0.02,50.0,1926600669.2939355,0.001,0.023175473122209578,0.00610299234760489,0.0965442334386493,0.0625858561202348,89.65451596476424,0.004660394505128205,0.9905309460199495,0.004629984996165626,0.023175473122209578
3,0,0,0,0,30.588772112161955,0.10285360786307932,4.916575308466576,0.1,4.862914793598462,0.02,50.0,1926600669.2939355,0.001,0.023175473122209578,0.00610299234760489,0.0965442334386493,0.0625858561202348,89.65451596476424,0.004660394505128205,0.9905309460199495,0.004629984996165626,0.023175473122209578
3,0,0,0,0,30.588772112161955,0.10285360786307932,4.916575308466576,0.1,4.862914793598462,0.02,50.0,1926600669.2939355,0.001,0.023175473122209578,0.00610299234760489,0.0965442334386493,0.0625858561202348,89.65451596476424,0.004660394505128205,0.9905309460199495,0.004629984996165626,0.023175473122209578
3,0,0,0,0,30.588772112161955,0.10285360786307932,4.916575308466576,0.1,4.862914793598462,0.02,50.0,1926600669.2939355,0.001,0.023175473122209578,0.00610299234760489,0.0965442334386493,0.0625858561202348,89.65451596476424,0.004660394505128205,0.9905309460199495,0.004629984996165626,0.023175473122209578
3,0,0,0,0,30.588772112161955,0.10281181298703278,4.935652707284339,0.1,5.829621924617124,0.02,50.0,1928160514.5714707,0.001,0.023177318841773875,0.0060686589258234225,0.09646111333218547,0.062345746221186216,90.5767915308406,0.004652373192642365,0.9906266743634208,0.00462202050377287,0.023177318841773875
3,0,0,0,0,30.588772112161955,0.10276743852770891,4.916575308466576,0.1,4.862914793598462,0.02,50.0,1935338338.2193437,0.001,0.023269227578252283,0.006104433095033375,0.09656543402363235,0.06259884349847936,89.96653405259383,0.004662441524086246,0.99053091990609,0.004631975637677406,0.023269227578252283
3,0,0,0,0,30.611107712860495,0.10283672566257696,4.935652707284339,0.1,4.843765376785686,0.02,50.0,1927687879.3901188,0.001,0.023295735356693104,0.006108883549023378,0.09661014190406804,0.06262259947006697,89.35642511229061,0.004666759759362081,0.9905261609417669,0.004636225718836226,0.023295735356693104
3,0,0,0,0,30.588772112161955,0.10283330776425931,4.935652707284339,0.1,5.245775603928477,0.02,50.0,1928160514.5714707,0.001,0.023300047374085142,0.006092495792777371,0.09656742731513437,0.06250798829835298,89.94739255540442,0.00466263400913188,0.9905711600453831,0.004632129743128674,0.023300047374085142
3,0,0,0,0,30.588772112161955,0.10275587127926983,4.916575308466576,0.1,4.862914793598462,0.02,50.0,1936772396.0026968,0.001,0.023330305311725363,0.006105707315464124,0.09658199031497722,0.06260925376739718,90.02258633983573,0.004664040426601177,0.990530403277189,0.0046335336671876545,0.023330305311725363
3,0,0,0,0,30.588772112161955,0.10275587127926983,4.916575308466576,0.1,4.862914793598462,0.02,50.0,1936772396.0026968,0.001,0.023330305311725363,0.006105707315464124,0.09658199031497722,0.06260925376739718,90.02258633983573,0.004664040426601177,0.990530403277189,0.0046335336671876545,0.023330305311725363
3,0,0,0,0,30.588772112161955,0.10285360786307932,4.916575308466576,0.1,5.148039784431748,0.02,50.0,1926600669.2939355,0.001,0.023331517589452455,0.006093721936974232,0.09654401160031154,0.06253071515078601,90.01207867159182,0.004660373087940544,0.9905617974152805,0.0046298979386478825,0.023331517589452455
3,0,0,0,0,30.628346273208713,0.10279920094009125,4.916575308466576,0.1,5.336036525072663,0.02,50.0,1929400793.115688,0.001,0.0234230075716923,0.006088174687348711,0.09654425185721237,0.06249671166552538,90.32943784064923,0.004660396283334427,0.9905803423699513,0.004629881697085468,0.0234230075716923
3,0,0,0,0,34.644685047864286,0.1025978448271946,4.916575308466576,0.1,5.336036525072663,0.02,50.0,1928958438.6890814,0.001,0.023710396826545896,0.006275123673911243,0.09834713403251971,0.0631645247672938,90.88399017109637,0.004836079386205198,0.9903671063214413,0.004804219989629948,0.023710396826545896
3,0,0,0,0,30.588772112161955,0.10285992298096538,4.9853418315050275,0.1,5.245775603928477,0.02,50.0,1928160514.5714707,0.001,0.02372161178070248,0.006106230763574505,0.09673050432398575,0.06260309331239158,89.17816507449494,0.004678395233386313,0.9905621529993197,0.004647536216205069,0.02372161178070248
3,0,0,0,0,30.588772112161955,0.10285992298096538,4.935652707284339,0.1,5.245775603928477,0.02,50.0,1928160514.5714707,0.001,0.023779804341373556,0.006103735069018002,0.09670583357753354,0.06259399784389677,89.99282205665467,0.004676009123962806,0.9905649043925199,0.0046451660642800804,0.023779804341373556
3,0,0,0,0,30.588772112161955,0.10285972636442832,4.935652707284339,0.1,5.429186004127088,0.02,50.0,1928160514.5714707,0.001,0.023865456489592318,0.00609862791868868,0.0967054255417407,0.0625617360279356,90.21125985588124,0.004675969664604578,0.9905818361551151,0.004645088392517869,0.023865456489592318
3,0,0,0,0,30.588772112161955,0.10285972636442832,4.935652707284339,0.1,5.429186004127088,0.02,50.0,1928160514.5714707,0.001,0.023865456489592318,0.00609862791868868,0.0967054255417407,0.0625617360279356,90.21125985588124,0.004675969664604578,0.9905818361551151,0.004645088392517869,0.023865456489592318
3,0,0,0,0,30.588772112161955,0.10285972636442832,4.935652707284339,0.1,5.429186004127088,0.02,50.0,1928160514.5714707,0.001,0.023865456489592318,0.00609862791868868,0.0967054255417407,0.0625617360279356,90.21125985588124,0.004675969664604578,0.9905818361551151,0.004645088392517869,0.023865456489592318
3,0,0,0,0,30.588772112161955,0.10285972636442832,4.935652707284339,0.1,5.429186004127088,0.02,50.0,1928160514.5714707,0.001,0.023865456489592318,0.00609862791868868,0.0967054255417407,0.0625617360279356,90.21125985588124,0.004675969664604578,0.9905818361551151,0.004645088392517869,0.023865456489592318
3,0,0,0,0,30.588772112161955,0.10282412180837357,4.909216574575224,0.1,5.194428159497032,0.02,50.0,1932336174.47563,0.001,0.02391440377755233,0.0061040101989099545,0.0966882018719455,0.06261598905244226,90.44600241717063,0.004674304190615043,0.9905600091150686,0.004643447587766797,0.02391440377755233
3,0,0,0,0,30.588772112161955,0.1028211734078893,5.174622096600611,0.1,4.913726096499906,0.02,50.0,1927534038.3815916,0.001,0.02408552221488075,0.006021581773603069,0.09660398499229553,0.062017157568487524,89.98941002604501,0.00466616495819583,0.9908157789904467,0.004635182488082413,0.02408552221488075
3,0,0,0,0,30.588772112161955,0.10275587127926983,5.593405038968056,0.1,5.770271219813452,0.02,50.0,1926035175.4819875,0.001,0.024118923704806283,0.005931215053950898,0.09666878339084689,0.06225912265337781,89.9291968252933,0.004672426841133238,0.9911316124494746,0.004641121845463293,0.024118923704806283
3,0,0,0,0,30.805205997881156,0.10275587127926983,4.935652707284339,0.1,4.913726096499906,0.02,50.0,1928160514.5714707,0.001,0.024177614424267246,0.006129192549665643,0.09689004602911908,0.0627647894978694,89.60895729080362,0.004693840509762407,0.9905216526905601,0.0046626407882227276,0.024177614424267246
3,0,0,0,0,30.588772112161955,0.10282316758617786,4.909216574575224,0.1,6.014953087772103,0.02,50.0,1932336174.47563,0.001,0.024259895898203876,0.00608394788813676,0.09669251269580503,0.06248438414445079,91.33798405390876,0.004674721005714209,0.9906278560528773,0.004643697681456922,0.024259895898203876
3,0,0,0,0,30.588772112161955,0.10289814245164354,4.935652707284339,0.1,4.892924317789522,0.02,50.0,1928186315.587454,0.001,0.024271431911576102,0.006130060690004864,0.09688943677901286,0.06278079527079955,89.53911513466676,0.004693781479677165,0.9905186211525638,0.004662553534141448,0.024271431911576102
3,0,0,0,0,30.588772112161955,0.1028211734078893,5.174622096600611,0.1,5.371083897660031,0.02,50.0,1927534038.3815916,0.001,0.024279142986731117,0.006013340161577046,0.09662496309590544,0.062010444295135136,90.57248579478008,0.004668191746642545,0.9908479802035758,0.004637088659997703,0.024279142986731117
3,0,0,0,0,30.588772112161955,0.10288581588518102,4.909216574575224,0.1,5.4048973258924295,0.02,50.0,1927860405.390303,0.001,0.024285557359212617,0.006105416154051253,0.09677358846923548,0.06262846257199847,90.56219235514864,0.004682563712606473,0.9905745948159109,0.00465145483924888,0.024285557359212617
3,0,0,0,0,30.588772112161955,0.10261931150101845,4.909216574575224,0.1,6.2483141946267535,0.02,50.0,1926035175.4819875,0.001,0.024490253863302384,0.006201204802808667,0.09761703132035554,0.06255788819269949,91.93586737707943,0.004764542401899638,0.9904465829284036,0.0047340901881851236,0.024490253863302384
3,0,0,0,0,30.588772112161955,0.10261931150101845,4.909216574575224,0.1,6.2483141946267535,0.02,50.0,1926035175.4819875,0.001,0.024490253863302384,0.006201204802808667,0.09761703132035554,0.06255788819269949,91.93586737707943,0.004764542401899638,0.9904465829284036,0.0047340901881851236,0.024490253863302384
3,0,0,0,0,30.588772112161955,0.10261931150101845,4.909216574575224,0.1,6.2483141946267535,0.02,50.0,1926035175.4819875,0.001,0.024490253863302384,0.006201204802808667,0.09761703132035554,0.06255788819269949,91.93586737707943,0.004764542401899638,0.9904465829284036,0.0047340901881851236,0.024490253863302384
3,0,0,0,0,30.588772112161955,0.10288581588518102,4.909216574575224,0.1,5.952164464646902,0.02,50.0,1927860405.390303,0.001,0.024520856511840217,0.006092998253899631,0.09678095274395945,0.06254464043899241,91.14664211673474,0.004683276407014257,0.9906176507700345,0.00465204619153565,0.024520856511840217
3,0,0,0,0,30.72132049908691,0.10279542170440743,4.916575308466576,0.1,5.656406980247076,0.02,50.0,1929400793.115688,0.001,0.02455538898651527,0.0061049869540512995,0.09684441955089858,0.06262088113446423,90.78312049357163,0.004689420799075233,0.9905920253510045,0.0046581085943670645,0.02455538898651527
3,0,0,0,0,30.72132049908691,0.10279542170440743,4.916575308466576,0.1,5.656406980247076,0.02,50.0,1929400793.115688,0.001,0.02455538898651527,0.0061049869540512995,0.09684441955089858,0.06262088113446423,90.78312049357163,0.004689420799075233,0.9905920253510045,0.0046581085943670645,0.02455538898651527
3,0,0,0,0,30.588772112161955,0.10259820509353833,4.916575308466576,0.1,5.211202653031692,0.02,50.0,1928160514.5714707,0.001,0.02458888482445356,0.006236276724004291,0.09769991707739221,0.06272391212655379,90.93115109345257,0.004772636898464657,0.9903485636830699,0.004742166439581313,0.02458888482445356
3,0,0,0,0,30.588772112161955,0.10259820509353833,4.916575308466576,0.1,5.211202653031692,0.02,50.0,1928160514.5714707,0.001,0.02458888482445356,0.006236276724004291,0.09769991707739221,0.06272391212655379,90.93115109345257,0.004772636898464657,0.9903485636830699,0.004742166439581313,0.02458888482445356
3,0,0,0,0,30.675981112008426,0.10282419444867524,4.916575308466576,0.1,5.756850892020049,0.02,50.0,1929400793.115688,0.001,0.02460335839472161,0.006102687660357712,0.09684492073097942,0.06260546054731281,90.89502426543984,0.004689469335694843,0.9905998029154289,0.004658133969188202,0.02460335839472161
3,0,0,0,0,30.675981112008426,0.10282419444867524,4.916575308466576,0.1,5.756850892020049,0.02,50.0,1929400793.115688,0.001,0.02460335839472161,0.006102687660357712,0.09684492073097942,0.06260546054731281,90.89502426543984,0.004689469335694843,0.9905998029154289,0.004658133969188202,0.02460335839472161
3,0,0,0,0,30.675981112008426,0.10282419444867524,4.916575308466576,0.1,5.756850892020049,0.02,50.0,1929400793.115688,0.001,0.02460335839472161,0.006102687660357712,0.09684492073097942,0.06260546054731281,90.89502426543984,0.004689469335694843,0.9905998029154289,0.004658133969188202,0.02460335839472161
3,0,0,0,0,30.675981112008426,0.10282419444867524,4.916575308466576,0.1,5.756850892020049,0.02,50.0,1929400793.115688,0.001,0.02460335839472161,0.006102687660357712,0.09684492073097942,0.06260546054731281,90.89502426543984,0.004689469335694843,0.9905998029154289,0.004658133969188202,0.02460335839472161
3,0,0,0,0,30.675981112008426,0.10282419444867524,4.916575308466576,0.1,5.756850892020049,0.02,50.0,1929400793.115688,0.001,0.02460335839472161,0.006102687660357712,0.09684492073097942,0.06260546054731281,90.89502426543984,0.004689469335694843,0.9905998029154289,0.004658133969188202,0.02460335839472161
3,0,0,0,0,30.588772112161955,0.10260663815535961,4.935652707284339,0.1,4.913726096499906,0.02,50.0,1927860405.390303,0.001,0.024615862676505243,0.006248413465680076,0.09772812212768381,0.0627997445135873,90.09483211680316,0.004775392927301741,0.9903145386114371,0.004744905346702093,0.024615862676505243
3,0,0,0,0,30.588772112161955,0.10261666470579936,4.916575308466576,0.1,4.862914793598462,0.02,50.0,1926600669.2939355,0.001,0.024626155633175044,0.006248729051093291,0.09770180223541913,0.06280504238682125,90.30850131697433,0.004772821080024475,0.9903074856830795,0.004742381563691627,0.024626155633175044
3,0,0,0,0,30.588772112161955,0.10260663815535961,4.935652707284339,0.1,4.760366393053887,0.02,50.0,1927860405.390303,0.001,0.024637080223125066,0.00625542921166571,0.0977399505893814,0.0628416563366987,89.8930991231862,0.004776548970607359,0.9902938502258648,0.004746063384193744,0.024637080223125066
3,0,0,0,0,30.588772112161955,0.10258123262513191,4.935652707284339,0.1,4.69098114305092,0.02,50.0,1928186315.587454,0.001,0.024829463695759516,0.0062548638250110155,0.09766450190599972,0.0628458193763908,89.7985105156271,0.004769177466273511,0.9902785346712681,0.004738881296717349,0.024829463695759516
3,0,0,0,0,30.588772112161955,0.10293559211569316,4.909216574575224,0.1,5.611251708926973,0.02,50.0,1926035175.4819875,0.001,0.02493210724120737,0.006115416352946847,0.09694909850934534,0.06269133992973064,90.78266412424969,0.004699563850887373,0.9905809278089144,0.004667979683864568,0.02493210724120737
3,0,0,0,0,30.588772112161955,0.10293559211569316,4.909216574575224,0.1,5.611251708926973,0.02,50.0,1926035175.4819875,0.001,0.02493210724120737,0.006115416352946847,0.09694909850934534,0.06269133992973064,90.78266412424969,0.004699563850887373,0.9905809278089144,0.004667979683864568,0.02493210724120737
3,0,0,0,0,30.588772112161955,0.10292664913789729,4.935652707284339,0.1,5.200786921793983,0.02,50.0,1928160514.5714707,0.001,0.02495981398259306,0.006136443803876634,0.0970756539758335,0.06281298438679617,90.05033026084361,0.004711841297417878,0.9905394836810529,0.004680098959855131,0.02495981398259306
3,0,0,0,0,30.588772112161955,0.10293559211569316,4.909216574575224,0.1,5.732476817189022,0.02,50.0,1926035175.4819875,0.001,0.024984286635109154,0.006112750183040086,0.09695095926779654,0.06267252953658714,90.91199945693899,0.004699744251472971,0.9905902359766366,0.004668131630800709,0.024984286635109154
3,0,0,0,0,30.588772112161955,0.10293559211569316,4.909216574575224,0.1,5.732476817189022,0.02,50.0,1926035175.4819875,0.001,0.024984286635109154,0.006112750183040086,0.09695095926779654,0.06267252953658714,90.91199945693899,0.004699744251472971,0.9905902359766366,0.004668131630800709,0.024984286635109154
3,0,0,0,0,30.588772112161955,0.10293559211569316,4.909216574575224,0.1,5.732476817189022,0.02,50.0,1926035175.4819875,0.001,0.024984286635109154,0.006112750183040086,0.09695095926779654,0.06267252953658714,90.91199945693899,0.004699744251472971,0.9905902359766366,0.004668131630800709,0.024984286635109154
3,0,0,0,0,30.588772112161955,0.10293559211569316,4.909216574575224,0.1,5.732476817189022,0.02,50.0,1926035175.4819875,0.001,0.024984286635109154,0.006112750183040086,0.09695095926779654,0.06267252953658714,90.91199945693899,0.004699744251472971,0.9905902359766366,0.004668131630800709,0.024984286635109154
3,0,0,0,0,27.415978726939958,0.10275587127926983,4.916575308466576,0.1,4.707099646930144,0.02,50.0,1928160514.5714707,0.001,0.025141575047509135,0.00614649123365418,0.09701347263410852,0.06290414702383772,90.28738816519304,0.004705806936264462,0.9904919120724365,0.0046741217203844655,0.025141575047509135
3,0,0,0,0,31.628645516533876,0.1024064073563416,4.909216574575224,0.1,5.784021524293639,0.02,50.0,1919130847.1336212,0.001,0.02515461147086273,0.006362460500632253,0.09952676604145923,0.06399919206426305,91.93470752861134,0.004952788579335681,0.9903483050163424,0.004917636595136056,0.02515461147086273
3,0,0,0,0,31.628645516533876,0.1024064073563416,4.909216574575224,0.1,5.784021524293639,0.02,50.0,1919130847.1336212,0.001,0.02515461147086273,0.006362460500632253,0.09952676604145923,0.06399919206426305,91.93470752861134,0.004952788579335681,0.9903483050163424,0.004917636595136056,0.02515461147086273
3,0,0,0,0,31.628645516533876,0.1024064073563416,4.909216574575224,0.1,5.784021524293639,0.02,50.0,1919130847.1336212,0.001,0.02515461147086273,0.006362460500632253,0.09952676604145923,0.06399919206426305,91.93470752861134,0.004952788579335681,0.9903483050163424,0.004917636595136056,0.02515461147086273
3,0,0,0,0,31.628645516533876,0.1024064073563416,4.909216574575224,0.1,5.834777035669938,0.02,50.0,1919130847.1336212,0.001,0.025175005724224875,0.006361320007311086,0.09952546996473437,0.06400017184870967,91.98800052092548,0.004952659585850621,0.9903518056759478,0.00491749831955923,0.025175005724224875
3,0,0,0,0,31.628645516533876,0.1024064073563416,4.909216574575224,0.1,5.834777035669938,0.02,50.0,1919130847.1336212,0.001,0.025175005724224875,0.006361320007311086,0.09952546996473437,0.06400017184870967,91.98800052092548,0.004952659585850621,0.9903518056759478,0.00491749831955923,0.025175005724224875
3,0,0,0,0,31.628645516533876,0.1024064073563416,4.909216574575224,0.1,5.933369849758489,0.02,50.0,1919130847.1336212,0.001,0.02521364930527531,0.006359174282772145,0.09952310309106523,0.06400202066958714,92.08983265865498,0.004952424024437399,0.9903584084477801,0.004917244984087446,0.02521364930527531
3,0,0,0,0,29.97066460436792,0.10253674578189542,4.916575308466576,0.1,5.336036525072663,0.02,50.0,1928958438.6890814,0.001,0.025363164435608654,0.005021499093560797,0.08688510563817145,0.057027560613722585,91.50229042000002,0.003774510790878106,0.9920688615335129,0.0037542644307822642,0.025363164435608654
3,0,0,0,0,29.97066460436792,0.10253674578189542,4.916575308466576,0.1,5.336036525072663,0.02,50.0,1928958438.6890814,0.001,0.025363164435608654,0.005021499093560797,0.08688510563817145,0.057027560613722585,91.50229042000002,0.003774510790878106,0.9920688615335129,0.0037542644307822642,0.025363164435608654
3,0,0,0,0,29.97066460436792,0.10253674578189542,4.916575308466576,0.1,5.336036525072663,0.02,50.0,1928958438.6890814,0.001,0.025363164435608654,0.005021499093560797,0.08688510563817145,0.057027560613722585,91.50229042000002,0.003774510790878106,0.9920688615335129,0.0037542644307822642,0.025363164435608654
3,0,0,0,0,29.97066460436792,0.10253674578189542,4.916575308466576,0.1,5.336036525072663,0.02,50.0,1928958438.6890814,0.001,0.025363164435608654,0.005021499093560797,0.08688510563817145,0.057027560613722585,91.50229042000002,0.003774510790878106,0.9920688615335129,0.0037542644307822642,0.025363164435608654
3,0,0,0,0,29.97066460436792,0.10253674578189542,4.916575308466576,0.1,5.336036525072663,0.02,50.0,1928958438.6890814,0.001,0.025363164435608654,0.005021499093560797,0.08688510563817145,0.057027560613722585,91.50229042000002,0.003774510790878106,0.9920688615335129,0.0037542644307822642,0.025363164435608654
3,0,0,0,0,29.97066460436792,0.10253674578189542,4.916575308466576,0.1,5.336036525072663,0.02,50.0,1928958438.6890814,0.001,0.025363164435608654,0.005021499093560797,0.08688510563817145,0.057027560613722585,91.50229042000002,0.003774510790878106,0.9920688615335129,0.0037542644307822642,0.025363164435608654
3,0,0,0,0,29.97066460436792,0.10253674578189542,4.916575308466576,0.1,5.336036525072663,0.02,50.0,1928958438.6890814,0.001,0.025363164435608654,0.005021499093560797,0.08688510563817145,0.057027560613722585,91.50229042000002,0.003774510790878106,0.9920688615335129,0.0037542644307822642,0.025363164435608654
3,0,0,0,0,29.97066460436792,0.10253674578189542,4.916575308466576,0.1,5.336036525072663,0.02,50.0,1928958438.6890814,0.001,0.025363164435608654,0.005021499093560797,0.08688510563817145,0.057027560613722585,91.50229042000002,0.003774510790878106,0.9920688615335129,0.0037542644307822642,0.025363164435608654
3,0,0,0,0,29.97066460436792,0.10253674578189542,4.916575308466576,0.1,5.336036525072663,0.02,50.0,1928958438.6890814,0.001,0.025363164435608654,0.005021499093560797,0.08688510563817145,0.057027560613722585,91.50229042000002,0.003774510790878106,0.9920688615335129,0.0037542644307822642,0.025363164435608654
3,0,0,0,0,29.97066460436792,0.10253674578189542,4.916575308466576,0.1,5.336036525072663,0.02,50.0,1928958438.6890814,0.001,0.025363164435608654,0.005021499093560797,0.08688510563817145,0.057027560613722585,91.50229042000002,0.003774510790878106,0.9920688615335129,0.0037542644307822642,0.025363164435608654
3,0,0,0,0,29.97066460436792,0.10253674578189542,4.916575308466576,0.1,5.336036525072663,0.02,50.0,1928958438.6890814,0.001,0.025363164435608654,0.005021499093560797,0.08688510563817145,0.057027560613722585,91.50229042000002,0.003774510790878106,0.9920688615335129,0.0037542644307822642,0.025363164435608654
3,0,0,0,0,29.97066460436792,0.10253674578189542,4.916575308466576,0.1,5.336036525072663,0.02,50.0,1928958438.6890814,0.001,0.025363164435608654,0.005021499093560797,0.08688510563817145,0.057027560613722585,91.50229042000002,0.003774510790878106,0.9920688615335129,0.0037542644307822642,0.025363164435608654
3,0,0,0,0,29.97066460436792,0.10253674578189542,4.916575308466576,0.1,5.336036525072663,0.02,50.0,1928958438.6890814,0.001,0.025363164435608654,0.005021499093560797,0.08688510563817145,0.057027560613722585,91.50229042000002,0.003774510790878106,0.9920688615335129,0.0037542644307822642,0.025363164435608654
3,0,0,0,0,29.97066460436792,0.10253674578189542,4.916575308466576,0.1,5.336036525072663,0.02,50.0,1928958438.6890814,0.001,0.025363164435608654,0.005021499093560797,0.08688510563817145,0.057027560613722585,91.50229042000002,0.003774510790878106,0.9920688615335129,0.0037542644307822642,0.025363164435608654
3,0,0,0,0,29.97066460436792,0.10253674578189542,4.916575308466576,0.1,5.336036525072663,0.02,50.0,1928958438.6890814,0.001,0.025363164435608654,0.005021499093560797,0.08688510563817145,0.057027560613722585,91.50229042000002,0.003774510790878106,0.9920688615335129,0.0037542644307822642,0.025363164435608654
3,0,0,0,0,29.97066460436792,0.10253674578189542,4.916575308466576,0.1,5.336036525072663,0.02,50.0,1928958438.6890814,0.001,0.025363164435608654,0.005021499093560797,0.08688510563817145,0.057027560613722585,91.50229042000002,0.003774510790878106,0.9920688615335129,0.0037542644307822642,0.025363164435608654
3,0,0,0,0,29.97066460436792,0.10253674578189542,4.916575308466576,0.1,5.336036525072663,0.02,50.0,1928958438.6890814,0.001,0.025363164435608654,0.005021499093560797,0.08688510563817145,0.057027560613722585,91.50229042000002,0.003774510790878106,0.9920688615335129,0.0037542644307822642,0.025363164435608654
3,0,0,0,0,30.588772112161955,0.10295538478911802,4.909216574575224,0.1,5.834777035669938,0.02,50.0,1926035175.4819875,0.001,0.02538363657861903,0.00612085101986585,0.09706752414267567,0.0627179149527156,91.05378418456256,0.004711052121594462,0.9905896182175009,0.004679129369816251,0.02538363657861903
3,0,0,0,0,30.89384556948719,0.10275587127926983,4.909216574575224,0.1,5.4048973258924295,0.02,50.0,1927860405.390303,0.001,0.02539365409917299,0.006137398818469003,0.09714105348807074,0.06282662954328086,90.6476246975039,0.00471819213638611,0.9905511189233376,0.004686193824182679,0.02539365409917299
3,0,0,0,0,30.89384556948719,0.10275587127926983,4.909216574575224,0.1,5.4048973258924295,0.02,50.0,1927860405.390303,0.001,0.02539365409917299,0.006137398818469003,0.09714105348807074,0.06282662954328086,90.6476246975039,0.00471819213638611,0.9905511189233376,0.004686193824182679,0.02539365409917299
3,0,0,0,0,30.588772112161955,0.102974650037995,4.935652707284339,0.1,4.843765376785686,0.02,50.0,1927687879.3901188,0.001,0.02552759689458134,0.006167568830182433,0.09730377372760295,0.063013931745902,89.58525750844895,0.004734012190816276,0.9904874656779632,0.004701782544659737,0.02552759689458134
3,0,0,0,0,30.588772112161955,0.102974650037995,4.935652707284339,0.1,4.843765376785686,0.02,50.0,1927687879.3901188,0.001,0.02552759689458134,0.006167568830182433,0.09730377372760295,0.063013931745902,89.58525750844895,0.004734012190816276,0.9904874656779632,0.004701782544659737,0.02552759689458134
3,0,0,0,0,30.90048244943496,0.10275587127926983,4.909216574575224,0.1,6.461240474905211,0.02,50.0,1926035175.4819875,0.001,0.02554346161252019,0.0061090487905883315,0.09707214078104798,0.06262942386829223,91.62250870472374,0.004711500257907799,0.9906300046331571,0.0046794787382814975,0.02554346161252019
3,0,0,0,0,30.90048244943496,0.10275587127926983,4.909216574575224,0.1,6.461240474905211,0.02,50.0,1926035175.4819875,0.001,0.02554346161252019,0.0061090487905883315,0.09707214078104798,0.06262942386829223,91.62250870472374,0.004711500257907799,0.9906300046331571,0.0046794787382814975,0.02554346161252019
3,0,0,0,0,30.90048244943496,0.10275587127926983,4.909216574575224,0.1,6.461240474905211,0.02,50.0,1926035175.4819875,0.001,0.02554346161252019,0.0061090487905883315,0.09707214078104798,0.06262942386829223,91.62250870472374,0.004711500257907799,0.9906300046331571,0.0046794787382814975,0.02554346161252019
3,0,0,0,0,30.588772112161955,0.10297213177434264,4.909216574575224,0.1,4.913726096499906,0.02,50.0,1927860405.390303,0.001,0.025587012477329918,0.0061625152827121405,0.09726781353554927,0.06298964118676606,90.13018251910114,0.004730513774993191,0.9904961478659436,0.004698308804093028,0.025587012477329918
3,0,0,0,0,30.588772112161955,0.10297213177434264,4.909216574575224,0.1,4.913726096499906,0.02,50.0,1927860405.390303,0.001,0.025587012477329918,0.0061625152827121405,0.09726781353554927,0.06298964118676606,90.13018251910114,0.004730513774993191,0.9904961478659436,0.004698308804093028,0.025587012477329918
3,0,0,0,0,30.588772112161955,0.10297213177434264,4.909216574575224,0.1,4.913726096499906,0.02,50.0,1927860405.390303,0.001,0.025587012477329918,0.0061625152827121405,0.09726781353554927,0.06298964118676606,90.13018251910114,0.004730513774993191,0.9904961478659436,0.004698308804093028,0.025587012477329918
3,0,0,0,0,29.97066460436792,0.10253674578189542,4.916575308466576,0.1,5.336036525072663,0.02,50.0,1930405019.3054361,0.001,0.025634182789234294,0.00503393336468284,0.08698639540588252,0.057072408821791785,91.5855053167139,0.0037833164928542697,0.9920479606010505,0.0037628957998346356,0.025634182789234294
3,0,0,0,0,30.588772112161955,0.102974650037995,4.935652707284339,0.1,5.0718156797006735,0.02,50.0,1927687879.3901188,0.001,0.025655824875652433,0.006160808968833462,0.09730502436162759,0.06296625789569968,89.8808600008314,0.00473413388300847,0.9905102824975749,0.004701835561727745,0.025655824875652433
3,0,0,0,0,30.588772112161955,0.10297757754982294,4.935652707284339,0.1,4.913726096499906,0.02,50.0,1928186315.587454,0.001,0.025714984783751837,0.006169825594574251,0.09735345257831791,0.06302349529849469,89.70911928592218,0.004738847364459398,0.9904912252018244,0.004706474050590912,0.025714984783751837
3,0,0,0,0,29.587268766379257,0.10275587127926983,4.909216574575224,0.1,5.770271219813452,0.02,50.0,1926035175.4819875,0.001,0.0257313704570065,0.004970206209463862,0.08645163172367673,0.057031633381039545,92.0695810632768,0.0037369423138431147,0.9921521780340877,0.003717357251491777,0.0257313704570065
3,0,0,0,0,29.540805540415093,0.1027698268274173,4.909216574575224,0.1,6.2483141946267535,0.02,50.0,1926035175.4819875,0.001,0.025799803348688692,0.004956864878251015,0.08635367056518914,0.057015358265132376,92.54761208019382,0.0037284782100406063,0.9921768995625914,0.0037089985393614147,0.025799803348688692
3,0,0,0,0,29.7804175983883,0.10277148675552115,4.953661672555704,0.1,5.642566232931703,0.02,50.0,1920227142.879071,0.001,0.02583809129950171,0.00504199779756195,0.08706864366052078,0.057128548706081285,91.00339288378632,0.003790474354441373,0.9920377808351567,0.0037698948805909016,0.02583809129950171
3,0,0,0,0,30.588772112161955,0.10297351869141894,4.909216574575224,0.1,5.72633273921166,0.02,50.0,1927860405.390303,0.001,0.02601052450000696,0.00614325588569795,0.09728846813319293,0.0628462168576105,91.07050524349354,0.004732523015851648,0.9905650340846607,0.004700068492438144,0.02601052450000696
3,0,0,0,0,29.511922461352132,0.10269515999484402,4.909216574575224,0.1,6.014953087772103,0.02,50.0,1932336174.47563,0.001,0.026028765705102652,0.0049341861730648265,0.08614802232434049,0.0570814316249495,92.56989681754419,0.0037107408751975335,0.9922111081319115,0.003691635160886148,0.026028765705102652
3,0,0,0,0,29.511922461352132,0.10269515999484402,4.909216574575224,0.1,6.014953087772103,0.02,50.0,1932336174.47563,0.001,0.026028765705102652,0.0049341861730648265,0.08614802232434049,0.0570814316249495,92.56989681754419,0.0037107408751975335,0.9922111081319115,0.003691635160886148,0.026028765705102652
3,0,0,0,0,29.860774025457737,0.10251361826098454,4.909216574575224,0.1,6.461240474905211,0.02,50.0,1924891753.7365425,0.001,0.02626348969974695,0.004911131355787564,0.08596358957724508,0.05711041810647054,92.69381138308601,0.0036948693665025197,0.9922509240025473,0.0036760440752782756,0.02626348969974695
3,0,0,0,0,29.860774025457737,0.10251361826098454,4.909216574575224,0.1,6.461240474905211,0.02,50.0,1924891753.7365425,0.001,0.02626348969974695,0.004911131355787564,0.08596358957724508,0.05711041810647054,92.69381138308601,0.0036948693665025197,0.9922509240025473,0.0036760440752782756,0.02626348969974695
3,0,0,0,0,27.445084659092508,0.10280163151350555,4.935652707284339,0.1,4.913726096499906,0.02,50.0,1927687879.3901188,0.001,0.02633041386159346,0.006173184913935259,0.0973838184421312,0.06304625052030369,90.26557969541523,0.004741804047184987,0.9904869263969808,0.004709153710048527,0.02633041386159346
3,0,0,0,0,30.588772112161955,0.10303751618635659,4.935652707284339,0.1,4.787150315403902,0.02,50.0,1926136244.7067702,0.001,0.0263339155211173,0.006195780800467365,0.09759525084866749,0.0631684772724628,89.5369316807865,0.004762416494107167,0.9904597024846922,0.00472948575650527,0.0263339155211173
3,0,0,0,0,30.588772112161955,0.10303751618635659,4.935652707284339,0.1,4.787150315403902,0.02,50.0,1926136244.7067702,0.001,0.0263339155211173,0.006195780800467365,0.09759525084866749,0.0631684772724628,89.5369316807865,0.004762416494107167,0.9904597024846922,0.00472948575650527,0.0263339155211173
3,0,0,0,0,30.588772112161955,0.10303751618635659,4.935652707284339,0.1,4.787150315403902,0.02,50.0,1926136244.7067702,0.001,0.0263339155211173,0.006195780800467365,0.09759525084866749,0.0631684772724628,89.5369316807865,0.004762416494107167,0.9904597024846922,0.00472948575650527,0.0263339155211173
3,0,0,0,0,30.588772112161955,0.10296925603457123,4.909216574575224,0.1,6.014953087772103,0.02,50.0,1930154392.6551824,0.001,0.02649094518448525,0.006150309237515772,0.09743238648508211,0.06286358106661463,91.51622873246066,0.004746534968089205,0.9905742174671556,0.004713675610595367,0.02649094518448525
3,0,0,0,0,30.044209982118794,0.10259820509353833,4.916575308466576,0.1,5.211202653031692,0.02,50.0,1928160514.5714707,0.001,0.026523035593505495,0.005262675513780957,0.08913177797329103,0.05839587077687001,92.352616476029,0.0039722369223400235,0.9917263011061902,0.0039493639764517224,0.026523035593505495
3,0,0,0,0,30.45436108145701,0.1024064073563416,4.909216574575224,0.1,5.834777035669938,0.02,50.0,1920227142.879071,0.001,0.026557186859074322,0.005253795240141834,0.0890649927354837,0.05844279487690911,92.85983070850534,0.003966286465485882,0.9917420176189943,0.00394344879201709,0.026557186859074322
3,0,0,0,0,29.42088805775348,0.10271435049473164,4.916575308466576,0.1,5.656406980247076,0.02,50.0,1929400793.115688,0.001,0.026636348392014335,0.004884163666242419,0.08569092729284028,0.057231523186015654,92.02492670891316,0.0036714675101534194,0.9922862119695499,0.0036532094407293707,0.026636348392014335
3,0,0,0,0,29.42088805775348,0.10271435049473164,4.916575308466576,0.1,5.656406980247076,0.02,50.0,1929400793.115688,0.001,0.026636348392014335,0.004884163666242419,0.08569092729284028,0.057231523186015654,92.02492670891316,0.0036714675101534194,0.9922862119695499,0.0036532094407293707,0.026636348392014335
3,0,0,0,0,29.42088805775348,0.10271435049473164,4.916575308466576,0.1,5.656406980247076,0.02,50.0,1929400793.115688,0.001,0.026636348392014335,0.004884163666242419,0.08569092729284028,0.057231523186015654,92.02492670891316,0.0036714675101534194,0.9922862119695499,0.0036532094407293707,0.026636348392014335
3,0,0,0,0,29.42088805775348,0.10271435049473164,4.916575308466576,0.1,5.656406980247076,0.02,50.0,1929400793.115688,0.001,0.026636348392014335,0.004884163666242419,0.08569092729284028,0.057231523186015654,92.02492670891316,0.0036714675101534194,0.9922862119695499,0.0036532094407293707,0.026636348392014335
3,0,0,0,0,30.588772112161955,0.10295523784293516,4.909216574575224,0.1,6.072863188660927,0.02,50.0,1932336174.47563,0.001,0.026663939477997334,0.006153092552350648,0.0974707619400167,0.06287758832384564,91.62883527423092,0.004750274716583704,0.9905736658308598,0.0047172906191878675,0.026663939477997334
3,0,0,0,0,30.081471620299716,0.10253674578189542,4.916575308466576,0.1,5.336036525072663,0.02,50.0,1928958438.6890814,0.001,0.026700661532544467,0.005085635509719048,0.08743244923631685,0.05723814022936806,91.52528282737387,0.003822216589730562,0.9919663870103078,0.0038010409260754055,0.026700661532544467
3,0,0,0,0,30.081471620299716,0.10253674578189542,4.916575308466576,0.1,5.336036525072663,0.02,50.0,1928958438.6890814,0.001,0.026700661532544467,0.005085635509719048,0.08743244923631685,0.05723814022936806,91.52528282737387,0.003822216589730562,0.9919663870103078,0.0038010409260754055,0.026700661532544467
3,0,0,0,0,30.081471620299716,0.10253674578189542,4.916575308466576,0.1,5.336036525072663,0.02,50.0,1928958438.6890814,0.001,0.026700661532544467,0.005085635509719048,0.08743244923631685,0.05723814022936806,91.52528282737387,0.003822216589730562,0.9919663870103078,0.0038010409260754055,0.026700661532544467
3,0,0,0,0,30.081471620299716,0.10253674578189542,4.916575308466576,0.1,5.336036525072663,0.02,50.0,1928958438.6890814,0.001,0.026700661532544467,0.005085635509719048,0.08743244923631685,0.05723814022936806,91.52528282737387,0.003822216589730562,0.9919663870103078,0.0038010409260754055,0.026700661532544467
3,0,0,0,0,30.081471620299716,0.10253674578189542,4.916575308466576,0.1,5.336036525072663,0.02,50.0,1928958438.6890814,0.001,0.026700661532544467,0.005085635509719048,0.08743244923631685,0.05723814022936806,91.52528282737387,0.003822216589730562,0.9919663870103078,0.0038010409260754055,0.026700661532544467
3,0,0,0,0,30.081471620299716,0.10253674578189542,4.916575308466576,0.1,5.336036525072663,0.02,50.0,1928958438.6890814,0.001,0.026700661532544467,0.005085635509719048,0.08743244923631685,0.05723814022936806,91.52528282737387,0.003822216589730562,0.9919663870103078,0.0038010409260754055,0.026700661532544467
3,0,0,0,0,30.081471620299716,0.10253674578189542,4.916575308466576,0.1,5.336036525072663,0.02,50.0,1928958438.6890814,0.001,0.026700661532544467,0.005085635509719048,0.08743244923631685,0.05723814022936806,91.52528282737387,0.003822216589730562,0.9919663870103078,0.0038010409260754055,0.026700661532544467
3,0,0,0,0,30.081471620299716,0.10253674578189542,4.916575308466576,0.1,5.336036525072663,0.02,50.0,1928958438.6890814,0.001,0.026700661532544467,0.005085635509719048,0.08743244923631685,0.05723814022936806,91.52528282737387,0.003822216589730562,0.9919663870103078,0.0038010409260754055,0.026700661532544467
3,0,0,0,0,30.081471620299716,0.10253674578189542,4.916575308466576,0.1,5.336036525072663,0.02,50.0,1928958438.6890814,0.001,0.026700661532544467,0.005085635509719048,0.08743244923631685,0.05723814022936806,91.52528282737387,0.003822216589730562,0.9919663870103078,0.0038010409260754055,0.026700661532544467
3,0,0,0,0,30.081471620299716,0.10253674578189542,4.916575308466576,0.1,5.336036525072663,0.02,50.0,1928958438.6890814,0.001,0.026700661532544467,0.005085635509719048,0.08743244923631685,0.05723814022936806,91.52528282737387,0.003822216589730562,0.9919663870103078,0.0038010409260754055,0.026700661532544467
3,0,0,0,0,30.081471620299716,0.10253674578189542,4.916575308466576,0.1,5.336036525072663,0.02,50.0,1928958438.6890814,0.001,0.026700661532544467,0.005085635509719048,0.08743244923631685,0.05723814022936806,91.52528282737387,0.003822216589730562,0.9919663870103078,0.0038010409260754055,0.026700661532544467
3,0,0,0,0,30.081471620299716,0.10253674578189542,4.916575308466576,0.1,5.336036525072663,0.02,50.0,1928958438.6890814,0.001,0.026700661532544467,0.005085635509719048,0.08743244923631685,0.05723814022936806,91.52528282737387,0.003822216589730562,0.9919663870103078,0.0038010409260754055,0.026700661532544467
3,0,0,0,0,30.081471620299716,0.10253674578189542,4.916575308466576,0.1,5.336036525072663,0.02,50.0,1928958438.6890814,0.001,0.026700661532544467,0.005085635509719048,0.08743244923631685,0.05723814022936806,91.52528282737387,0.003822216589730562,0.9919663870103078,0.0038010409260754055,0.026700661532544467
3,0,0,0,0,30.081471620299716,0.10253674578189542,4.916575308466576,0.1,5.336036525072663,0.02,50.0,1928958438.6890814,0.001,0.026700661532544467,0.005085635509719048,0.08743244923631685,0.05723814022936806,91.52528282737387,0.003822216589730562,0.9919663870103078,0.0038010409260754055,0.026700661532544467
3,0,0,0,0,30.081471620299716,0.10253674578189542,4.916575308466576,0.1,5.336036525072663,0.02,50.0,1928958438.6890814,0.001,0.026700661532544467,0.005085635509719048,0.08743244923631685,0.05723814022936806,91.52528282737387,0.003822216589730562,0.9919663870103078,0.0038010409260754055,0.026700661532544467
3,0,0,0,0,30.081471620299716,0.10253674578189542,4.916575308466576,0.1,5.336036525072663,0.02,50.0,1928958438.6890814,0.001,0.026700661532544467,0.005085635509719048,0.08743244923631685,0.05723814022936806,91.52528282737387,0.003822216589730562,0.9919663870103078,0.0038010409260754055,0.026700661532544467
3,0,0,0,0,30.081471620299716,0.10253674578189542,4.916575308466576,0.1,5.336036525072663,0.02,50.0,1928958438.6890814,0.001,0.026700661532544467,0.005085635509719048,0.08743244923631685,0.05723814022936806,91.52528282737387,0.003822216589730562,0.9919663870103078,0.0038010409260754055,0.026700661532544467
3,0,0,0,0,30.081471620299716,0.10253674578189542,4.916575308466576,0.1,5.336036525072663,0.02,50.0,1928958438.6890814,0.001,0.026700661532544467,0.005085635509719048,0.08743244923631685,0.05723814022936806,91.52528282737387,0.003822216589730562,0.9919663870103078,0.0038010409260754055,0.026700661532544467
3,0,0,0,0,30.081471620299716,0.10253674578189542,4.916575308466576,0.1,5.336036525072663,0.02,50.0,1928958438.6890814,0.001,0.026700661532544467,0.005085635509719048,0.08743244923631685,0.05723814022936806,91.52528282737387,0.003822216589730562,0.9919663870103078,0.0038010409260754055,0.026700661532544467
3,0,0,0,0,30.081471620299716,0.10253674578189542,4.916575308466576,0.1,5.336036525072663,0.02,50.0,1928958438.6890814,0.001,0.026700661532544467,0.005085635509719048,0.08743244923631685,0.05723814022936806,91.52528282737387,0.003822216589730562,0.9919663870103078,0.0038010409260754055,0.026700661532544467
3,0,0,0,0,30.081471620299716,0.10253674578189542,4.916575308466576,0.1,5.336036525072663,0.02,50.0,1928958438.6890814,0.001,0.026700661532544467,0.005085635509719048,0.08743244923631685,0.05723814022936806,91.52528282737387,0.003822216589730562,0.9919663870103078,0.0038010409260754055,0.026700661532544467
3,0,0,0,0,30.081471620299716,0.10253674578189542,4.916575308466576,0.1,5.336036525072663,0.02,50.0,1928958438.6890814,0.001,0.026700661532544467,0.005085635509719048,0.08743244923631685,0.05723814022936806,91.52528282737387,0.003822216589730562,0.9919663870103078,0.0038010409260754055,0.026700661532544467
3,0,0,0,0,30.081471620299716,0.10253674578189542,4.916575308466576,0.1,5.336036525072663,0.02,50.0,1928958438.6890814,0.001,0.026700661532544467,0.005085635509719048,0.08743244923631685,0.05723814022936806,91.52528282737387,0.003822216589730562,0.9919663870103078,0.0038010409260754055,0.026700661532544467
3,0,0,0,0,30.081471620299716,0.10253674578189542,4.916575308466576,0.1,5.336036525072663,0.02,50.0,1928958438.6890814,0.001,0.026700661532544467,0.005085635509719048,0.08743244923631685,0.05723814022936806,91.52528282737387,0.003822216589730562,0.9919663870103078,0.0038010409260754055,0.026700661532544467
3,0,0,0,0,30.588772112161955,0.10296898013711617,4.935652707284339,0.1,5.672295071469134,0.02,50.0,1932417933.7420154,0.001,0.02673603378368178,0.006171463931246724,0.09758385416350354,0.062986929528284,90.8290389207183,0.004761304296701964,0.9905381635881488,0.004728157070171648,0.02673603378368178
3,0,0,0,0,30.628346273208713,0.10296803657435474,4.916575308466576,0.1,6.144655693545037,0.02,50.0,1928958438.6890814,0.001,0.026738853912808336,0.006156611686951115,0.0975284702460945,0.0628842869182053,91.56041043767378,0.00475590125427167,0.9905750639701302,0.004722800381015321,0.026738853912808336
3,0,0,0,0,29.462794868973596,0.10275587127926983,4.909216574575224,0.1,5.834777035669938,0.02,50.0,1920227142.879071,0.001,0.02683026242286146,0.004866125441672993,0.08553617570282183,0.05725427745654311,92.00476580344206,0.003658218676932004,0.992315425440598,0.003640207186569138,0.02683026242286146
3,0,0,0,0,30.588772112161955,0.10303535960803102,4.916575308466576,0.1,4.707099646930144,0.02,50.0,1929066404.0907948,0.001,0.02684211131122305,0.006217433469537134,0.097807251386375,0.06327804391594954,90.09931417836152,0.004783129211878777,0.9904358565959267,0.004749716217901307,0.02684211131122305
3,0,0,0,0,30.56436684282887,0.10304785702224782,4.935652707284339,0.1,5.163830674067992,0.02,50.0,1928160514.5714707,0.001,0.026848269027866745,0.00619686643429147,0.09772815703015562,0.06314101192036234,90.22210826067207,0.004775396338255378,0.990486370008291,0.004742042570022583,0.026848269027866745
3,0,0,0,0,29.3192745967929,0.10275587127926983,4.909216574575224,0.1,6.186088466932819,0.02,50.0,1926035175.4819875,0.001,0.02702183279413513,0.004841778339077764,0.08533408948196124,0.057267798779984024,92.58157725377396,0.003640953413857683,0.9923562968354087,0.003623236736688613,0.02702183279413513
3,0,0,0,0,29.46573822312819,0.10296141730160994,4.935652707284339,0.1,5.432567293659368,0.02,50.0,1928160514.5714707,0.001,0.027062344922262394,0.005101438457823579,0.08756886962410769,0.05728563040941274,91.36873400564642,0.0038341534636219853,0.9919415632223727,0.003812727815950558,0.027062344922262394
3,0,0,0,0,29.25966143094939,0.10281763163424847,4.909216574575224,0.1,5.834777035669938,0.02,50.0,1921783539.8509185,0.001,0.027236576740232388,0.004830441917435197,0.08521244383420666,0.05732493028062144,92.10028173856709,0.0036305802920989123,0.9923698809567801,0.0036131312325612544,0.027236576740232388
3,0,0,0,0,35.00744335359934,0.10275587127926983,4.909216574575224,0.1,5.770271219813452,0.02,50.0,1926035175.4819875,0.001,0.027269525083606694,0.006202583017043446,0.09794151736433382,0.0631311866246794,90.63940497943908,0.004796270411814052,0.990516020904088,0.004762400131973581,0.027269525083606694
3,0,0,0,0,30.588772112161955,0.10303510983854076,4.935652707284339,0.1,6.06085354258512,0.02,50.0,1928160514.5714707,0.001,0.027296350830645022,0.006180317759722409,0.09776167202239693,0.06299789466007652,91.22714892462889,0.004778672258307352,0.9905491760703091,0.004745019559976627,0.027296350830645022
3,0,0,0,0,30.588772112161955,0.1030001399373043,5.174622096600611,0.1,4.913726096499906,0.02,50.0,1927534038.3815916,0.001,0.027323116724976615,0.006119559380149334,0.09763188448316185,0.06276653022637473,90.31324447332521,0.004765992433866729,0.9907221177451913,0.004732308603976056,0.027323116724976615
3,0,0,0,0,30.628346273208713,0.10300257237645864,4.916575308466576,0.1,5.336036525072663,0.02,50.0,1930849491.958696,0.001,0.027362537455147218,0.006203902451197084,0.09784102984494096,0.06316511397987157,90.76770688103244,0.004786433560559314,0.9904886701373148,0.004752700182268348,0.027362537455147218
3,0,0,0,0,30.94835865512733,0.10282419444867524,4.916575308466576,0.1,5.46363445510515,0.02,50.0,1929400793.115688,0.001,0.027548867453919268,0.006207382900536306,0.09790956708306661,0.0631698277045741,90.84697900687817,0.00479314166319676,0.9904927208790048,0.004759222968067285,0.027548867453919268
3,0,0,0,0,30.588772112161955,0.10309973518250967,4.916575308466576,0.1,4.862914793598462,0.02,50.0,1926600669.2939355,0.001,0.027610729480806617,0.006233955327569603,0.09802287796251079,0.06334325820116235,90.09150820535953,0.004804242302026642,0.9904300476128302,0.004770194707935397,0.027610729480806617
3,0,0,0,0,30.938012900764836,0.10292737087481092,4.909216574575224,0.1,5.834777035669938,0.02,50.0,1920227142.879071,0.001,0.0277279775644953,0.006200677169735968,0.09791666935461861,0.06311070269006089,91.0397361803732,0.0047938370687508535,0.9905166959279654,0.004759802113235997,0.0277279775644953
3,0,0,0,0,31.628645516533876,0.1024752687560298,4.909216574575224,0.1,5.558927886758282,0.02,50.0,1923377767.6387224,0.001,0.027737614587099113,0.006213515968983787,0.09799464223645908,0.06319048285593953,90.81404580693284,0.004801474953525805,0.9904917216616143,0.004767348558164285,0.027737614587099113
3,0,0,0,0,31.121019274937627,0.10275587127926983,4.909216574575224,0.1,5.834777035669938,0.02,50.0,1926035175.4819875,0.001,0.027786975201246678,0.006203192884453436,0.0979448271663866,0.06312173842700314,91.23468823222129,0.004796594584326672,0.9905147444152508,0.004762496424639605,0.027786975201246678
3,0,0,0,0,29.219271657515133,0.10275587127926983,4.909216574575224,0.1,6.014953087772103,0.02,50.0,1922457280.4661875,0.001,0.027818361457641452,0.004783478401249604,0.08478804891969442,0.05740927605115673,92.32880028532158,0.0035945066198042473,0.9924422541087112,0.003577790324430921,0.027818361457641452
3,0,0,0,0,29.219271657515133,0.10275587127926983,4.909216574575224,0.1,6.014953087772103,0.02,50.0,1922457280.4661875,0.001,0.027818361457641452,0.004783478401249604,0.08478804891969442,0.05740927605115673,92.32880028532158,0.0035945066198042473,0.9924422541087112,0.003577790324430921,0.027818361457641452
3,0,0,0,0,31.23637885734641,0.10275587127926983,4.909216574575224,0.1,5.834777035669938,0.02,50.0,1920227142.879071,0.001,0.027975065216978956,0.006211337654815225,0.09802718490570893,0.06315608314769901,91.03698197040255,0.0048046644902690235,0.9905064249612436,0.004770367371313897,0.027975065216978956
3,0,0,0,0,31.628645516533876,0.1024752687560298,4.909216574575224,0.1,6.376944454213442,0.02,50.0,1923377767.6387224,0.001,0.028059279301135887,0.006200009073883694,0.09801282670157165,0.06306700332728471,91.62714282126045,0.004803257099016157,0.9905409029847587,0.004768907323371781,0.028059279301135887
3,0,0,0,0,31.628645516533876,0.1024752687560298,4.909216574575224,0.1,6.376944454213442,0.02,50.0,1923377767.6387224,0.001,0.028059279301135887,0.006200009073883694,0.09801282670157165,0.06306700332728471,91.62714282126045,0.004803257099016157,0.9905409029847587,0.004768907323371781,0.028059279301135887
3,0,0,0,0,29.200409614570525,0.10275587127926983,4.909216574575224,0.1,6.017705240484228,0.02,50.0,1920227142.879071,0.001,0.028086160621231832,0.004765716634355611,0.08461972950393719,0.05744792614492438,92.26041019265648,0.003580249310659749,0.9924681929436874,0.003563842155394339,0.028086160621231832
3,0,0,0,0,29.200409614570525,0.10275587127926983,4.909216574575224,0.1,6.017705240484228,0.02,50.0,1920227142.879071,0.001,0.028086160621231832,0.004765716634355611,0.08461972950393719,0.05744792614492438,92.26041019265648,0.003580249310659749,0.9924681929436874,0.003563842155394339,0.028086160621231832
3,0,0,0,0,29.200409614570525,0.10275587127926983,4.909216574575224,0.1,6.017705240484228,0.02,50.0,1920227142.879071,0.001,0.028086160621231832,0.004765716634355611,0.08461972950393719,0.05744792614492438,92.26041019265648,0.003580249310659749,0.9924681929436874,0.003563842155394339,0.028086160621231832
3,0,0,0,0,29.200409614570525,0.10275587127926983,4.909216574575224,0.1,6.017705240484228,0.02,50.0,1920227142.879071,0.001,0.028086160621231832,0.004765716634355611,0.08461972950393719,0.05744792614492438,92.26041019265648,0.003580249310659749,0.9924681929436874,0.003563842155394339,0.028086160621231832
3,0,0,0,0,29.200409614570525,0.10275587127926983,4.909216574575224,0.1,6.017705240484228,0.02,50.0,1920227142.879071,0.001,0.028086160621231832,0.004765716634355611,0.08461972950393719,0.05744792614492438,92.26041019265648,0.003580249310659749,0.9924681929436874,0.003563842155394339,0.028086160621231832
3,0,0,0,0,31.628645516533876,0.1024752687560298,4.909216574575224,0.1,5.933369849758489,0.02,50.0,1924711889.1031456,0.001,0.028160469552629075,0.0062184102740677595,0.09812671602700598,0.06317541161595143,91.39684438662037,0.004814426199122337,0.9905056268843929,0.0047799021089065235,0.028160469552629075
3,0,0,0,0,29.80603329683242,0.10243111238714366,4.909216574575224,0.1,5.1725835183904305,0.02,50.0,1930847427.6062107,0.001,0.028272287709023316,0.005024572105534228,0.0870742099258139,0.058479299222710106,92.62526406044157,0.003790959017102354,0.9920969973547914,0.003771798005803284,0.028272287709023316
5,0,0,0,0,32.79730229299665,0.10171863867586152,4.608574369319599,0.1,2.5516563039952964,0.02,50.0,1945190723.4179344,0.001,0.02830732281551468,0.006398280161807848,0.09794910738146095,0.06408254285544496,94.81779086862154,0.004797013818412485,0.989865431703603,0.004763420278639355,0.02830732281551468
3,0,0,0,0,29.540805540415093,0.10261931150101845,4.909216574575224,0.1,6.2483141946267535,0.02,50.0,1926035175.4819875,0.001,0.028434501428343875,0.004995514117391236,0.08685160852873082,0.05845440428326465,93.61108054680996,0.0037716009520139537,0.9921486884967284,0.0037526586187216163,0.028434501428343875
3,0,0,0,0,29.00903671941357,0.10275587127926983,4.909216574575224,0.1,5.834777035669938,0.02,50.0,1926035175.4819875,0.001,0.028566469266556312,0.004737043764365952,0.08432843291288837,0.057514455891367784,92.31495764517857,0.0035556422987717577,0.9925063528159143,0.0035397972317116637,0.028566469266556312
3,0,0,0,0,29.80603329683242,0.10243111238714366,4.909216574575224,0.1,5.1725835183904305,0.02,50.0,1926035175.4819875,0.001,0.028678833795021695,0.00499156937348059,0.08676710317490438,0.05853126237706296,92.46146579579862,0.0037642650966822505,0.9921447206473233,0.0037456626640754945,0.028678833795021695
3,0,0,0,0,29.860774025457737,0.10279309193973545,4.909216574575224,0.1,6.461240474905211,0.02,50.0,1926035175.4819875,0.001,0.028748067890721207,0.00517395019438618,0.08819184505927925,0.057581141531416725,92.80864911338352,0.003888900767479959,0.9918276011428326,0.0038663047765529262,0.028748067890721207
3,0,0,0,0,29.860774025457737,0.10279309193973545,4.909216574575224,0.1,6.461240474905211,0.02,50.0,1926035175.4819875,0.001,0.028748067890721207,0.00517395019438618,0.08819184505927925,0.057581141531416725,92.80864911338352,0.003888900767479959,0.9918276011428326,0.0038663047765529262,0.028748067890721207
3,0,0,0,0,30.588772112161955,0.10306559753838944,4.909216574575224,0.1,6.430139614713043,0.02,50.0,1932336174.47563,0.001,0.028782779068833975,0.006220982603220015,0.09822517001430765,0.06314770675127179,92.1438578517608,0.004824092012169822,0.9905196060176629,0.004789117976245538,0.028782779068833975
3,0,0,0,0,31.22993282131661,0.10275587127926983,4.935652707284339,0.1,4.913726096499906,0.02,50.0,1927860405.390303,0.001,0.02887106507562126,0.006285913768794291,0.09857508540861669,0.06354703838958467,89.93666173042033,0.004858523731658037,0.9903835094778878,0.004823133393882152,0.02887106507562126
3,0,0,0,0,30.628346273208713,0.10310455813336677,4.916575308466576,0.1,5.336036525072663,0.02,50.0,1929400793.115688,0.001,0.028928053951580546,0.006264093156141409,0.09845293432181804,0.0634097845530303,90.85544595302878,0.004846490138288109,0.9904281664688676,0.004811209016370492,0.028928053951580546
3,0,0,0,0,29.95626862117236,0.10275587127926983,4.909216574575224,0.1,5.834777035669938,0.02,50.0,1926035175.4819875,0.001,0.028962232792499765,0.005195808556466171,0.08835921204887093,0.05759115824746058,92.19400697483042,0.003903675176948669,0.991789213557993,0.003880861206293537,0.028962232792499765
3,0,0,0,0,29.95626862117236,0.10275587127926983,4.909216574575224,0.1,5.834777035669938,0.02,50.0,1926035175.4819875,0.001,0.028962232792499765,0.005195808556466171,0.08835921204887093,0.05759115824746058,92.19400697483042,0.003903675176948669,0.991789213557993,0.003880861206293537,0.028962232792499765
3,0,0,0,0,30.628346273208713,0.10233691951552222,4.916575308466576,0.1,5.436886166199656,0.02,50.0,1932406455.878933,0.001,0.029526045502334897,0.005427214754128449,0.09048683645494662,0.058892313965817546,92.80626723908223,0.004093933785812128,0.9914617963198001,0.004068619145043268,0.029526045502334897
3,0,0,0,0,30.628346273208713,0.10233691951552222,4.916575308466576,0.1,5.436886166199656,0.02,50.0,1932406455.878933,0.001,0.029526045502334897,0.005427214754128449,0.09048683645494662,0.058892313965817546,92.80626723908223,0.004093933785812128,0.9914617963198001,0.004068619145043268,0.029526045502334897
3,0,0,0,0,30.628346273208713,0.10233691951552222,4.916575308466576,0.1,5.436886166199656,0.02,50.0,1932406455.878933,0.001,0.029526045502334897,0.005427214754128449,0.09048683645494662,0.058892313965817546,92.80626723908223,0.004093933785812128,0.9914617963198001,0.004068619145043268,0.029526045502334897
3,0,0,0,0,31.25941290791684,0.10275587127926983,4.909216574575224,0.1,4.913726096499906,0.02,50.0,1929459823.8826401,0.001,0.02953198363162901,0.006310219297665778,0.09881079334852166,0.06363640065537395,90.50951423550674,0.0048817864410821265,0.990356770703639,0.004845760399438218,0.02953198363162901
3,0,0,0,0,30.05143110277618,0.1027698268274173,4.909216574575224,0.1,6.2483141946267535,0.02,50.0,1921494682.7725484,0.001,0.029644219133255822,0.0052300933618438916,0.08864952908729272,0.057714586136746515,92.44840805630626,0.0039293695036993785,0.9917348843024856,0.003906031414982384,0.029644219133255822
3,0,0,0,0,30.588772112161955,0.10242409358583686,4.909216574575224,0.1,6.035651803795126,0.02,50.0,1926035175.4819875,0.001,0.029712048481683073,0.005429334929410511,0.09050648000297683,0.05894367138405694,93.34655485689565,0.004095711461264622,0.9914588769782491,0.004070298005767184,0.029712048481683073
3,0,0,0,0,30.588772112161955,0.10242409358583686,4.909216574575224,0.1,6.035651803795126,0.02,50.0,1926035175.4819875,0.001,0.029712048481683073,0.005429334929410511,0.09050648000297683,0.05894367138405694,93.34655485689565,0.004095711461264622,0.9914588769782491,0.004070298005767184,0.029712048481683073
3,0,0,0,0,30.020561378759584,0.10275587127926983,4.909216574575224,0.1,5.834777035669938,0.02,50.0,1926035175.4819875,0.001,0.02973944355579572,0.0052410208493101325,0.08873098786633012,0.057706929069186376,92.20433228806553,0.003936594103867411,0.9917153167446568,0.0039131543794586445,0.02973944355579572
3,0,0,0,0,27.772894126331366,0.10275587127926983,4.909216574575224,0.1,5.834777035669938,0.02,50.0,1926035175.4819875,0.001,0.029782669804140294,0.00626592538253099,0.0985478461696915,0.063342508061659,91.9507997274527,0.00485583899234259,0.9904438730403627,0.004819987362731819,0.029782669804140294
3,0,0,0,0,30.588772112161955,0.1032234551102943,4.935652707284339,0.1,5.112965121561401,0.02,50.0,1928160514.5714707,0.001,0.030264451368026135,0.0063354016678995925,0.0991101608361744,0.06368676940221034,90.52034135381994,0.004911411990486178,0.9903419557514691,0.004874573310983352,0.030264451368026135
5,0,0,0,0,32.79730229299665,0.10181040667464931,4.543745172119534,0.1,2.4436147747304555,0.02,50.0,1947408444.1045902,0.001,0.030341910338039624,0.006466828304713953,0.09849385372496296,0.06442117208874479,97.16877880337617,0.0048505196107972,0.9897617847428136,0.004815464264106114,0.030341910338039624
3,0,0,0,0,25.78785748842704,0.10259178309940314,4.916575308466576,0.1,5.336036525072663,0.02,50.0,1929769390.1652417,0.001,0.0305723161284507,0.004850989067935456,0.08541119419304907,0.05867837340041901,93.38463466234182,0.00364753604674137,0.9923409538826117,0.003631433091788693,0.0305723161284507
3,0,0,0,0,29.11600492787735,0.10260076254428636,4.909216574575224,0.1,5.4048973258924295,0.02,50.0,1925682257.6053636,0.001,0.030703518065640367,0.004859257120947381,0.08550788887656212,0.05875303951976262,92.89293665117135,0.0036557995300632484,0.9923326751669896,0.0036396169564340145,0.030703518065640367
3,0,0,0,0,31.466392953215795,0.10271435049473164,4.916575308466576,0.1,5.336036525072663,0.02,50.0,1928199967.82523,0.001,0.03106499771840837,0.006364856918086459,0.0994396001502349,0.06379684685644232,91.056124052908,0.004944117039019298,0.9903200833640902,0.00490637508189215,0.03106499771840837
3,0,0,0,0,31.466392953215795,0.10271435049473164,4.916575308466576,0.1,5.336036525072663,0.02,50.0,1928199967.82523,0.001,0.03106499771840837,0.006364856918086459,0.0994396001502349,0.06379684685644232,91.056124052908,0.004944117039019298,0.9903200833640902,0.00490637508189215,0.03106499771840837
3,0,0,0,0,31.466392953215795,0.10271435049473164,4.916575308466576,0.1,5.336036525072663,0.02,50.0,1928199967.82523,0.001,0.03106499771840837,0.006364856918086459,0.0994396001502349,0.06379684685644232,91.056124052908,0.004944117039019298,0.9903200833640902,0.00490637508189215,0.03106499771840837
3,0,0,0,0,31.466392953215795,0.10271435049473164,4.916575308466576,0.1,5.336036525072663,0.02,50.0,1928199967.82523,0.001,0.03106499771840837,0.006364856918086459,0.0994396001502349,0.06379684685644232,91.056124052908,0.004944117039019298,0.9903200833640902,0.00490637508189215,0.03106499771840837
3,0,0,0,0,31.466392953215795,0.10271435049473164,4.916575308466576,0.1,5.336036525072663,0.02,50.0,1928199967.82523,0.001,0.03106499771840837,0.006364856918086459,0.0994396001502349,0.06379684685644232,91.056124052908,0.004944117039019298,0.9903200833640902,0.00490637508189215,0.03106499771840837
3,0,0,0,0,30.588772112161955,0.1024575199885516,4.916575308466576,0.1,5.254108925213111,0.02,50.0,1928160514.5714707,0.001,0.031073917459062517,0.00533542876782311,0.08949784110996319,0.0579715751702623,91.55695578160044,0.004004931781672109,0.9915600782644912,0.003980273571881719,0.031073917459062517
3,0,0,0,0,30.179341179835316,0.10277046940354101,4.909216574575224,0.1,5.834777035669938,0.02,50.0,1922159218.1416976,0.001,0.03116166724546815,0.005329362317581095,0.08944962158011252,0.057963698293148055,92.09234344368843,0.004000617400412666,0.9915702328756926,0.003975970139143915,0.03116166724546815
3,0,0,0,0,30.179341179835316,0.10277046940354101,4.909216574575224,0.1,5.834777035669938,0.02,50.0,1922159218.1416976,0.001,0.03116166724546815,0.005329362317581095,0.08944962158011252,0.057963698293148055,92.09234344368843,0.004000617400412666,0.9915702328756926,0.003975970139143915,0.03116166724546815
3,0,0,0,0,30.179341179835316,0.10277046940354101,4.909216574575224,0.1,5.834777035669938,0.02,50.0,1922159218.1416976,0.001,0.03116166724546815,0.005329362317581095,0.08944962158011252,0.057963698293148055,92.09234344368843,0.004000617400412666,0.9915702328756926,0.003975970139143915,0.03116166724546815
3,0,0,0,0,31.61311407627682,0.10275587127926983,4.909216574575224,0.1,5.673625280456864,0.02,50.0,1916079934.064308,0.001,0.03129442688619871,0.006362650494902259,0.09947042566483881,0.06380764640743489,91.04458036605998,0.004947182790972112,0.9903345915292607,0.004909239619920126,0.03129442688619871
3,0,0,0,0,31.553139882965187,0.10275587127926983,4.935652707284339,0.1,4.913726096499906,0.02,50.0,1922013227.6309352,0.001,0.03134877825660565,0.006399831020109763,0.09968136395072866,0.06395057746353369,89.98041447353377,0.004968187159538813,0.990259666638558,0.004929985381604424,0.03134877825660565
3,0,0,0,0,31.553139882965187,0.10275587127926983,4.935652707284339,0.1,4.913726096499906,0.02,50.0,1922013227.6309352,0.001,0.03134877825660565,0.006399831020109763,0.09968136395072866,0.06395057746353369,89.98041447353377,0.004968187159538813,0.990259666638558,0.004929985381604424,0.03134877825660565
3,0,0,0,0,31.923890696034466,0.10261610721498406,4.935652707284339,0.1,5.2729798480058205,0.02,50.0,1916413930.5007799,0.001,0.031400687032051344,0.006623244969896855,0.10192844858115196,0.06555598728833223,91.47139726382945,0.0051947043150802705,0.9900434935021978,0.005152891738201903,0.031400687032051344
3,0,0,0,0,30.18364780920877,0.10275587127926983,4.909216574575224,0.1,5.770271219813452,0.02,50.0,1926035175.4819875,0.001,0.0316756454054985,0.005362588758219553,0.08971647595091048,0.05815927762296771,92.21354297428168,0.00402452302852515,0.9915152578724935,0.0039994269538014505,0.0316756454054985
3,0,0,0,0,30.18364780920877,0.10275587127926983,4.909216574575224,0.1,5.770271219813452,0.02,50.0,1926035175.4819875,0.001,0.0316756454054985,0.005362588758219553,0.08971647595091048,0.05815927762296771,92.21354297428168,0.00402452302852515,0.9915152578724935,0.0039994269538014505,0.0316756454054985
3,0,0,0,0,30.588772112161955,0.10250514757474559,4.916575308466576,0.1,4.862914793598462,0.02,50.0,1928160514.5714707,0.001,0.03174655732043602,0.005386567771692842,0.08990371653236365,0.05825213963664187,91.15798864267973,0.0040413391231657984,0.991474565381744,0.004016039993426334,0.03174655732043602
3,0,0,0,0,30.588772112161955,0.10250275165719352,4.909216574575224,0.1,5.987337696033966,0.02,50.0,1926035175.4819875,0.001,0.03184188308362057,0.005371926749458975,0.08979633239624261,0.05822784866721275,92.40794553995595,0.004031690655908245,0.9915008556989227,0.004006449382988353,0.03184188308362057
3,0,0,0,0,30.628346273208713,0.10246009673426892,4.867439540294751,0.1,5.336036525072663,0.02,50.0,1928958438.6890814,0.001,0.03184599279319417,0.0053753386825275435,0.08978984819718544,0.05819570953149832,92.55989011273219,0.004031108419636803,0.9914881240373941,0.004005905190352723,0.03184599279319417
3,0,0,0,0,30.628346273208713,0.10246009673426892,4.867439540294751,0.1,5.336036525072663,0.02,50.0,1928958438.6890814,0.001,0.03184599279319417,0.0053753386825275435,0.08978984819718544,0.05819570953149832,92.55989011273219,0.004031108419636803,0.9914881240373941,0.004005905190352723,0.03184599279319417
3,0,0,0,0,30.588772112161955,0.10250275165719352,4.909216574575224,0.1,6.014953087772103,0.02,50.0,1926035175.4819875,0.001,0.031853136958247485,0.005372259301409022,0.08979936299108006,0.05823097970551187,92.43607358702366,0.00403196279680188,0.991500382187841,0.004006714041870859,0.031853136958247485
3,0,0,0,0,31.68633916845895,0.10270501594787852,4.909216574575224,0.1,5.834777035669938,0.02,50.0,1920227142.879071,0.001,0.03203830891264292,0.006394062227971722,0.09978893163959102,0.06397082778331542,91.43153402521884,0.004978915438885484,0.9903039285974937,0.0049400965677277135,0.03203830891264292
3,0,0,0,0,31.68633916845895,0.10270501594787852,4.909216574575224,0.1,5.834777035669938,0.02,50.0,1920227142.879071,0.001,0.03203830891264292,0.006394062227971722,0.09978893163959102,0.06397082778331542,91.43153402521884,0.004978915438885484,0.9903039285974937,0.0049400965677277135,0.03203830891264292
3,0,0,0,0,31.68633916845895,0.10270501594787852,4.909216574575224,0.1,5.834777035669938,0.02,50.0,1920227142.879071,0.001,0.03203830891264292,0.006394062227971722,0.09978893163959102,0.06397082778331542,91.43153402521884,0.004978915438885484,0.9903039285974937,0.0049400965677277135,0.03203830891264292
3,0,0,0,0,31.68633916845895,0.10270501594787852,4.909216574575224,0.1,5.834777035669938,0.02,50.0,1920227142.879071,0.001,0.03203830891264292,0.006394062227971722,0.09978893163959102,0.06397082778331542,91.43153402521884,0.004978915438885484,0.9903039285974937,0.0049400965677277135,0.03203830891264292
3,0,0,0,0,31.68633916845895,0.10270501594787852,4.909216574575224,0.1,5.834777035669938,0.02,50.0,1920227142.879071,0.001,0.03203830891264292,0.006394062227971722,0.09978893163959102,0.06397082778331542,91.43153402521884,0.004978915438885484,0.9903039285974937,0.0049400965677277135,0.03203830891264292
3,0,0,0,0,31.68633916845895,0.10270501594787852,4.909216574575224,0.1,5.834777035669938,0.02,50.0,1920227142.879071,0.001,0.03203830891264292,0.006394062227971722,0.09978893163959102,0.06397082778331542,91.43153402521884,0.004978915438885484,0.9903039285974937,0.0049400965677277135,0.03203830891264292
3,0,0,0,0,31.68633916845895,0.10270501594787852,4.909216574575224,0.1,5.834777035669938,0.02,50.0,1920227142.879071,0.001,0.03203830891264292,0.006394062227971722,0.09978893163959102,0.06397082778331542,91.43153402521884,0.004978915438885484,0.9903039285974937,0.0049400965677277135,0.03203830891264292
3,0,0,0,0,30.41430483945829,0.10275587127926983,4.935652707284339,0.1,5.112965121561401,0.02,50.0,1915688136.5184894,0.001,0.03204757583440182,0.005404650010086965,0.09005391998493968,0.05837392236036135,90.75579117720152,0.004054854252326959,0.9914458265551397,0.004029280702274599,0.03204757583440182
3,0,0,0,0,31.68633916845895,0.10270501594787852,4.909216574575224,0.1,5.9058221767962635,0.02,50.0,1920227142.879071,0.001,0.032067226472290156,0.00639316205561672,0.09979099860941731,0.06397491780761957,91.50459598912583,0.0049791217017323645,0.9903074104519864,0.004940277700486826,0.032067226472290156
3,0,0,0,0,35.574629018405666,0.10275587127926983,4.935652707284339,0.1,5.245775603928477,0.02,50.0,1924251801.4458635,0.001,0.032302696826642496,0.006454276571667622,0.10029901012793037,0.06427916011356732,90.30184986185277,0.00502994571632134,0.9902222847658577,0.004990263635968141,0.032302696826642496
3,0,0,0,0,31.518242095170727,0.10275587127926983,4.909216574575224,0.1,5.4048973258924295,0.02,50.0,1927860405.390303,0.001,0.03235662395686001,0.006424690083035969,0.10000257823588052,0.06407070951088017,91.30398126627242,0.0050002578269117024,0.9902516346526741,0.004960997719604587,0.03235662395686001
3,0,0,0,0,30.588772112161955,0.10262014410286575,5.011006834515468,0.1,5.4048973258924295,0.02,50.0,1919382883.8011057,0.001,0.03237671767763345,0.00542944992453703,0.09026346329969143,0.058537310770611375,90.0840853853909,0.004073746403427371,0.9914072418595404,0.0040478189303056,0.03237671767763345
3,0,0,0,0,30.628346273208713,0.10250308829901042,4.916575308466576,0.1,5.336036525072663,0.02,50.0,1928793535.7839134,0.001,0.03255379413004944,0.005430414788498746,0.09025717839501647,0.05853272510238566,91.75968468045022,0.0040731791259149145,0.9914027019988056,0.004047219307929083,0.03255379413004944
3,0,0,0,0,30.588772112161955,0.10256191228904166,4.909216574575224,0.1,5.151162955816744,0.02,50.0,1926035175.4819875,0.001,0.032558047613515106,0.005433635138599712,0.0902787259769261,0.05853963773987517,91.57194244748507,0.0040751241820084555,0.9913965059626874,0.004049145329893124,0.032558047613515106
3,0,0,0,0,28.028442808260962,0.10275587127926983,4.916575308466576,0.1,4.436187742719624,0.02,50.0,1928160514.5714707,0.001,0.03260528831626447,0.006469464151059664,0.1001903112203477,0.06418368545459965,90.66249933806571,0.005019049231215065,0.9901462343693029,0.004979525648160332,0.03260528831626447
3,0,0,0,0,30.2902945231311,0.10271435049473164,4.916575308466576,0.1,5.336036525072663,0.02,50.0,1929400793.115688,0.001,0.032621577705375826,0.005433326719230552,0.09027880332777143,0.058545549791226795,91.82067687397696,0.004075131165147216,0.9913975503212417,0.0040491260277971865,0.032621577705375826
3,0,0,0,0,30.588772112161955,0.10254326772176431,4.909216574575224,0.1,6.035651803795126,0.02,50.0,1926035175.4819875,0.001,0.03262394901567656,0.005423257999527982,0.09020695428712212,0.05852021844512198,92.529233297961,0.0040686473008794705,0.9914159837036255,0.004042705636971788,0.03262394901567656
3,0,0,0,0,30.588772112161955,0.10254326772176431,4.909216574575224,0.1,6.035651803795126,0.02,50.0,1926035175.4819875,0.001,0.03262394901567656,0.005423257999527982,0.09020695428712212,0.05852021844512198,92.529233297961,0.0040686473008794705,0.9914159837036255,0.004042705636971788,0.03262394901567656
3,0,0,0,0,30.588772112161955,0.10255736523907127,4.909216574575224,0.1,5.467335640375829,0.02,50.0,1926035175.4819875,0.001,0.03263637265206515,0.005433055796009839,0.09027832509575605,0.058551908963273,91.94014536249588,0.004075087991047508,0.991398352659078,0.004049075587213168,0.03263637265206515
3,0,0,0,0,30.588772112161955,0.10252968054064711,4.909216574575224,0.1,6.313640959835816,0.02,50.0,1927517877.7624903,0.001,0.03276829196494091,0.005428982712737892,0.0902553960313753,0.058560791327822936,92.86030623963451,0.004073018256390198,0.9914071002224508,0.004046972394241977,0.03276829196494091
3,0,0,0,0,30.628346273208713,0.10250861665644827,4.916575308466576,0.1,5.336036525072663,0.02,50.0,1929400793.115688,0.001,0.0327771924996797,0.005445404625443285,0.09037673888194035,0.05861615453298194,91.80146219805292,0.004083977465467214,0.9913779320012792,0.004057812884846586,0.0327771924996797
3,0,0,0,0,29.053007345782067,0.10257540133892232,4.916575308466576,0.1,5.521951033177202,0.02,50.0,1928958438.6890814,0.001,0.0328225597524304,0.005010229558026099,0.08717246902021532,0.060251252474682215,94.3375704431848,0.003799519677540199,0.9921647807208401,0.0037823854978169306,0.0328225597524304
3,0,0,0,0,29.053007345782067,0.10257540133892232,4.916575308466576,0.1,5.521951033177202,0.02,50.0,1928958438.6890814,0.001,0.0328225597524304,0.005010229558026099,0.08717246902021532,0.060251252474682215,94.3375704431848,0.003799519677540199,0.9921647807208401,0.0037823854978169306,0.0328225597524304
3,0,0,0,0,29.053007345782067,0.10257540133892232,4.916575308466576,0.1,5.521951033177202,0.02,50.0,1928958438.6890814,0.001,0.0328225597524304,0.005010229558026099,0.08717246902021532,0.060251252474682215,94.3375704431848,0.003799519677540199,0.9921647807208401,0.0037823854978169306,0.0328225597524304
3,0,0,0,0,29.053007345782067,0.10257540133892232,4.916575308466576,0.1,5.521951033177202,0.02,50.0,1928958438.6890814,0.001,0.0328225597524304,0.005010229558026099,0.08717246902021532,0.060251252474682215,94.3375704431848,0.003799519677540199,0.9921647807208401,0.0037823854978169306,0.0328225597524304
3,0,0,0,0,29.053007345782067,0.10257540133892232,4.916575308466576,0.1,5.521951033177202,0.02,50.0,1928958438.6890814,0.001,0.0328225597524304,0.005010229558026099,0.08717246902021532,0.060251252474682215,94.3375704431848,0.003799519677540199,0.9921647807208401,0.0037823854978169306,0.0328225597524304
3,0,0,0,0,29.053007345782067,0.10257540133892232,4.916575308466576,0.1,5.521951033177202,0.02,50.0,1928958438.6890814,0.001,0.0328225597524304,0.005010229558026099,0.08717246902021532,0.060251252474682215,94.3375704431848,0.003799519677540199,0.9921647807208401,0.0037823854978169306,0.0328225597524304
3,0,0,0,0,29.053007345782067,0.10257540133892232,4.916575308466576,0.1,5.521951033177202,0.02,50.0,1928958438.6890814,0.001,0.0328225597524304,0.005010229558026099,0.08717246902021532,0.060251252474682215,94.3375704431848,0.003799519677540199,0.9921647807208401,0.0037823854978169306,0.0328225597524304
3,0,0,0,0,29.053007345782067,0.10257540133892232,4.916575308466576,0.1,5.521951033177202,0.02,50.0,1928958438.6890814,0.001,0.0328225597524304,0.005010229558026099,0.08717246902021532,0.060251252474682215,94.3375704431848,0.003799519677540199,0.9921647807208401,0.0037823854978169306,0.0328225597524304
3,0,0,0,0,29.053007345782067,0.10257540133892232,4.916575308466576,0.1,5.521951033177202,0.02,50.0,1928958438.6890814,0.001,0.0328225597524304,0.005010229558026099,0.08717246902021532,0.060251252474682215,94.3375704431848,0.003799519677540199,0.9921647807208401,0.0037823854978169306,0.0328225597524304
3,0,0,0,0,29.053007345782067,0.10257540133892232,4.916575308466576,0.1,5.521951033177202,0.02,50.0,1928958438.6890814,0.001,0.0328225597524304,0.005010229558026099,0.08717246902021532,0.060251252474682215,94.3375704431848,0.003799519677540199,0.9921647807208401,0.0037823854978169306,0.0328225597524304
3,0,0,0,0,29.053007345782067,0.10257540133892232,4.916575308466576,0.1,5.521951033177202,0.02,50.0,1928958438.6890814,0.001,0.0328225597524304,0.005010229558026099,0.08717246902021532,0.060251252474682215,94.3375704431848,0.003799519677540199,0.9921647807208401,0.0037823854978169306,0.0328225597524304
3,0,0,0,0,29.053007345782067,0.10257540133892232,4.916575308466576,0.1,5.521951033177202,0.02,50.0,1928958438.6890814,0.001,0.0328225597524304,0.005010229558026099,0.08717246902021532,0.060251252474682215,94.3375704431848,0.003799519677540199,0.9921647807208401,0.0037823854978169306,0.0328225597524304
3,0,0,0,0,29.053007345782067,0.10257540133892232,4.916575308466576,0.1,5.521951033177202,0.02,50.0,1928958438.6890814,0.001,0.0328225597524304,0.005010229558026099,0.08717246902021532,0.060251252474682215,94.3375704431848,0.003799519677540199,0.9921647807208401,0.0037823854978169306,0.0328225597524304
3,0,0,0,0,29.053007345782067,0.10257540133892232,4.916575308466576,0.1,5.521951033177202,0.02,50.0,1928958438.6890814,0.001,0.0328225597524304,0.005010229558026099,0.08717246902021532,0.060251252474682215,94.3375704431848,0.003799519677540199,0.9921647807208401,0.0037823854978169306,0.0328225597524304
3,0,0,0,0,29.053007345782067,0.10257540133892232,4.916575308466576,0.1,5.521951033177202,0.02,50.0,1928958438.6890814,0.001,0.0328225597524304,0.005010229558026099,0.08717246902021532,0.060251252474682215,94.3375704431848,0.003799519677540199,0.9921647807208401,0.0037823854978169306,0.0328225597524304
3,0,0,0,0,29.053007345782067,0.10257540133892232,4.916575308466576,0.1,5.521951033177202,0.02,50.0,1928958438.6890814,0.001,0.0328225597524304,0.005010229558026099,0.08717246902021532,0.060251252474682215,94.3375704431848,0.003799519677540199,0.9921647807208401,0.0037823854978169306,0.0328225597524304
3,0,0,0,0,29.053007345782067,0.10257540133892232,4.916575308466576,0.1,5.521951033177202,0.02,50.0,1928958438.6890814,0.001,0.0328225597524304,0.005010229558026099,0.08717246902021532,0.060251252474682215,94.3375704431848,0.003799519677540199,0.9921647807208401,0.0037823854978169306,0.0328225597524304
3,0,0,0,0,29.053007345782067,0.10257540133892232,4.916575308466576,0.1,5.521951033177202,0.02,50.0,1928958438.6890814,0.001,0.0328225597524304,0.005010229558026099,0.08717246902021532,0.060251252474682215,94.3375704431848,0.003799519677540199,0.9921647807208401,0.0037823854978169306,0.0328225597524304
3,0,0,0,0,29.053007345782067,0.10257540133892232,4.916575308466576,0.1,5.521951033177202,0.02,50.0,1928958438.6890814,0.001,0.0328225597524304,0.005010229558026099,0.08717246902021532,0.060251252474682215,94.3375704431848,0.003799519677540199,0.9921647807208401,0.0037823854978169306,0.0328225597524304
3,0,0,0,0,29.053007345782067,0.10257540133892232,4.916575308466576,0.1,5.521951033177202,0.02,50.0,1928958438.6890814,0.001,0.0328225597524304,0.005010229558026099,0.08717246902021532,0.060251252474682215,94.3375704431848,0.003799519677540199,0.9921647807208401,0.0037823854978169306,0.0328225597524304
3,0,0,0,0,31.68633916845895,0.10275587127926983,4.909216574575224,0.1,5.834777035669938,0.02,50.0,1920227142.879071,0.001,0.03295564663109757,0.006442248811332811,0.10022896754838384,0.06420778742186331,91.53441939994697,0.005022922967907491,0.9902459908873414,0.00498294540408461,0.03295564663109757
3,0,0,0,0,31.68633916845895,0.10275587127926983,4.909216574575224,0.1,5.834777035669938,0.02,50.0,1920227142.879071,0.001,0.03295564663109757,0.006442248811332811,0.10022896754838384,0.06420778742186331,91.53441939994697,0.005022922967907491,0.9902459908873414,0.00498294540408461,0.03295564663109757
3,0,0,0,0,31.68633916845895,0.10275587127926983,4.909216574575224,0.1,5.834777035669938,0.02,50.0,1920227142.879071,0.001,0.03295564663109757,0.006442248811332811,0.10022896754838384,0.06420778742186331,91.53441939994697,0.005022922967907491,0.9902459908873414,0.00498294540408461,0.03295564663109757
3,0,0,0,0,31.68633916845895,0.10275587127926983,4.909216574575224,0.1,5.834777035669938,0.02,50.0,1920227142.879071,0.001,0.03295564663109757,0.006442248811332811,0.10022896754838384,0.06420778742186331,91.53441939994697,0.005022922967907491,0.9902459908873414,0.00498294540408461,0.03295564663109757
3,0,0,0,0,31.68633916845895,0.10275587127926983,4.909216574575224,0.1,5.834777035669938,0.02,50.0,1920227142.879071,0.001,0.03295564663109757,0.006442248811332811,0.10022896754838384,0.06420778742186331,91.53441939994697,0.005022922967907491,0.9902459908873414,0.00498294540408461,0.03295564663109757
3,0,0,0,0,31.68633916845895,0.10275587127926983,4.909216574575224,0.1,5.834777035669938,0.02,50.0,1920227142.879071,0.001,0.03295564663109757,0.006442248811332811,0.10022896754838384,0.06420778742186331,91.53441939994697,0.005022922967907491,0.9902459908873414,0.00498294540408461,0.03295564663109757
3,0,0,0,0,31.68633916845895,0.10275587127926983,4.909216574575224,0.1,5.834777035669938,0.02,50.0,1920227142.879071,0.001,0.03295564663109757,0.006442248811332811,0.10022896754838384,0.06420778742186331,91.53441939994697,0.005022922967907491,0.9902459908873414,0.00498294540408461,0.03295564663109757
3,0,0,0,0,31.68633916845895,0.10275587127926983,4.909216574575224,0.1,5.834777035669938,0.02,50.0,1920227142.879071,0.001,0.03295564663109757,0.006442248811332811,0.10022896754838384,0.06420778742186331,91.53441939994697,0.005022922967907491,0.9902459908873414,0.00498294540408461,0.03295564663109757
3,0,0,0,0,31.587908480495212,0.10275587127926983,4.909216574575224,0.1,5.834777035669938,0.02,50.0,1926035175.4819875,0.001,0.03297155739222629,0.0064419513398529405,0.10022634215859859,0.06420471418278545,91.74944176477277,0.005022659831246238,0.9902463684733981,0.004982680610760028,0.03297155739222629
3,0,0,0,0,28.025499453311305,0.10275587127926983,4.935652707284339,0.1,5.149876134782867,0.02,50.0,1928160514.5714707,0.001,0.03298174646192803,0.0064542579410054954,0.1002085666384217,0.06412888209277987,91.28160679506581,0.005020878413863502,0.9902011898289965,0.004981008819332519,0.03298174646192803
3,0,0,0,0,28.025499453311305,0.10275587127926983,4.935652707284339,0.1,5.149876134782867,0.02,50.0,1928160514.5714707,0.001,0.03298174646192803,0.0064542579410054954,0.1002085666384217,0.06412888209277987,91.28160679506581,0.005020878413863502,0.9902011898289965,0.004981008819332519,0.03298174646192803
3,0,0,0,0,28.025499453311305,0.10275587127926983,4.935652707284339,0.1,5.149876134782867,0.02,50.0,1928160514.5714707,0.001,0.03298174646192803,0.0064542579410054954,0.1002085666384217,0.06412888209277987,91.28160679506581,0.005020878413863502,0.9902011898289965,0.004981008819332519,0.03298174646192803
3,0,0,0,0,35.574629018405666,0.10275013696953106,4.872561504626564,0.1,5.245775603928477,0.02,50.0,1928160514.5714707,0.001,0.032997334519758836,0.0064756967170011325,0.10043489967255126,0.06432571130529541,91.44184543195041,0.005043584536117718,0.9901827081942709,0.005003355773658591,0.032997334519758836
3,0,0,0,0,35.574629018405666,0.10275587127926983,4.935652707284339,0.1,5.245775603928477,0.02,50.0,1928160514.5714707,0.001,0.03303426284050648,0.006491738844960881,0.10063660492221718,0.06445827512596687,90.43675836317732,0.005063863125135214,0.9901765511421126,0.005023267166172462,0.03303426284050648
3,0,0,0,0,30.200682255368182,0.10281229249996066,4.909216574575224,0.1,6.186088466932819,0.02,50.0,1926035175.4819875,0.001,0.03311279249046778,0.005452881305038839,0.09044191372336775,0.05868208982694584,92.75541491460636,0.004089869878972549,0.9913667587008065,0.004063508961346716,0.03311279249046778
3,0,0,0,0,30.200682255368182,0.10281229249996066,4.909216574575224,0.1,6.186088466932819,0.02,50.0,1926035175.4819875,0.001,0.03311279249046778,0.005452881305038839,0.09044191372336775,0.05868208982694584,92.75541491460636,0.004089869878972549,0.9913667587008065,0.004063508961346716,0.03311279249046778
3,0,0,0,0,30.628346273208713,0.10253674578189542,4.916575308466576,0.1,5.336036525072663,0.02,50.0,1928958438.6890814,0.001,0.03323208818889628,0.005476371193408514,0.09062869694404592,0.05878619088384163,91.91245590171341,0.0041067803548878595,0.9913279168500433,0.004080181846051382,0.03323208818889628
3,0,0,0,0,30.628346273208713,0.10253674578189542,4.916575308466576,0.1,5.336036525072663,0.02,50.0,1928958438.6890814,0.001,0.03323208818889628,0.005476371193408514,0.09062869694404592,0.05878619088384163,91.91245590171341,0.0041067803548878595,0.9913279168500433,0.004080181846051382,0.03323208818889628
3,0,0,0,0,30.628346273208713,0.10253674578189542,4.916575308466576,0.1,5.336036525072663,0.02,50.0,1928958438.6890814,0.001,0.03323208818889628,0.005476371193408514,0.09062869694404592,0.05878619088384163,91.91245590171341,0.0041067803548878595,0.9913279168500433,0.004080181846051382,0.03323208818889628
3,0,0,0,0,30.628346273208713,0.10253674578189542,4.916575308466576,0.1,5.336036525072663,0.02,50.0,1928958438.6890814,0.001,0.03323208818889628,0.005476371193408514,0.09062869694404592,0.05878619088384163,91.91245590171341,0.0041067803548878595,0.9913279168500433,0.004080181846051382,0.03323208818889628
3,0,0,0,0,30.628346273208713,0.10253674578189542,4.916575308466576,0.1,5.336036525072663,0.02,50.0,1928958438.6890814,0.001,0.03323208818889628,0.005476371193408514,0.09062869694404592,0.05878619088384163,91.91245590171341,0.0041067803548878595,0.9913279168500433,0.004080181846051382,0.03323208818889628
3,0,0,0,0,30.628346273208713,0.10253674578189542,4.916575308466576,0.1,5.336036525072663,0.02,50.0,1928958438.6890814,0.001,0.03323208818889628,0.005476371193408514,0.09062869694404592,0.05878619088384163,91.91245590171341,0.0041067803548878595,0.9913279168500433,0.004080181846051382,0.03323208818889628
3,0,0,0,0,30.628346273208713,0.10253674578189542,4.916575308466576,0.1,5.336036525072663,0.02,50.0,1928958438.6890814,0.001,0.03323208818889628,0.005476371193408514,0.09062869694404592,0.05878619088384163,91.91245590171341,0.0041067803548878595,0.9913279168500433,0.004080181846051382,0.03323208818889628
3,0,0,0,0,30.628346273208713,0.10253674578189542,4.916575308466576,0.1,5.336036525072663,0.02,50.0,1928958438.6890814,0.001,0.03323208818889628,0.005476371193408514,0.09062869694404592,0.05878619088384163,91.91245590171341,0.0041067803548878595,0.9913279168500433,0.004080181846051382,0.03323208818889628
3,0,0,0,0,30.628346273208713,0.10253674578189542,4.916575308466576,0.1,5.336036525072663,0.02,50.0,1928958438.6890814,0.001,0.03323208818889628,0.005476371193408514,0.09062869694404592,0.05878619088384163,91.91245590171341,0.0041067803548878595,0.9913279168500433,0.004080181846051382,0.03323208818889628
3,0,0,0,0,30.628346273208713,0.10253674578189542,4.916575308466576,0.1,5.336036525072663,0.02,50.0,1928958438.6890814,0.001,0.03323208818889628,0.005476371193408514,0.09062869694404592,0.05878619088384163,91.91245590171341,0.0041067803548878595,0.9913279168500433,0.004080181846051382,0.03323208818889628
3,0,0,0,0,30.628346273208713,0.10253674578189542,4.916575308466576,0.1,5.336036525072663,0.02,50.0,1928958438.6890814,0.001,0.03323208818889628,0.005476371193408514,0.09062869694404592,0.05878619088384163,91.91245590171341,0.0041067803548878595,0.9913279168500433,0.004080181846051382,0.03323208818889628
3,0,0,0,0,30.628346273208713,0.10253674578189542,4.916575308466576,0.1,5.336036525072663,0.02,50.0,1928958438.6890814,0.001,0.03323208818889628,0.005476371193408514,0.09062869694404592,0.05878619088384163,91.91245590171341,0.0041067803548878595,0.9913279168500433,0.004080181846051382,0.03323208818889628
3,0,0,0,0,30.628346273208713,0.10253674578189542,4.916575308466576,0.1,5.336036525072663,0.02,50.0,1928958438.6890814,0.001,0.03323208818889628,0.005476371193408514,0.09062869694404592,0.05878619088384163,91.91245590171341,0.0041067803548878595,0.9913279168500433,0.004080181846051382,0.03323208818889628
3,0,0,0,0,30.628346273208713,0.10253674578189542,4.916575308466576,0.1,5.336036525072663,0.02,50.0,1928958438.6890814,0.001,0.03323208818889628,0.005476371193408514,0.09062869694404592,0.05878619088384163,91.91245590171341,0.0041067803548878595,0.9913279168500433,0.004080181846051382,0.03323208818889628
3,0,0,0,0,30.628346273208713,0.10253674578189542,4.916575308466576,0.1,5.336036525072663,0.02,50.0,1928958438.6890814,0.001,0.03323208818889628,0.005476371193408514,0.09062869694404592,0.05878619088384163,91.91245590171341,0.0041067803548878595,0.9913279168500433,0.004080181846051382,0.03323208818889628
3,0,0,0,0,30.588772112161955,0.10264432095913867,4.909216574575224,0.1,5.834777035669938,0.02,50.0,1920227142.879071,0.001,0.033294576307601575,0.005473355564167219,0.09060222933020894,0.058784393796217416,92.18408860683778,0.004104381979801886,0.9913323727389803,0.0040777881652109245,0.033294576307601575
3,0,0,0,0,30.588772112161955,0.1027232510287816,4.909216574575224,0.1,5.159106933571747,0.02,50.0,1914717103.4134626,0.001,0.03335985372025552,0.005490393846042437,0.09072994379405548,0.05885005539714186,91.2569156885343,0.004115961350436233,0.9913025969975431,0.004089216435217004,0.03335985372025552
3,0,0,0,0,30.628346273208713,0.10253666751543279,4.916575308466576,0.1,5.656406980247076,0.02,50.0,1929400793.115688,0.001,0.03346052014798856,0.005487053022648137,0.09071068890715063,0.058853253115004917,92.2188572789,0.00411421454100493,0.991309657186851,0.004087448302333869,0.03346052014798856
3,0,0,0,0,30.628346273208713,0.10253666751543279,4.916575308466576,0.1,5.656406980247076,0.02,50.0,1929400793.115688,0.001,0.03346052014798856,0.005487053022648137,0.09071068890715063,0.058853253115004917,92.2188572789,0.00411421454100493,0.991309657186851,0.004087448302333869,0.03346052014798856
3,0,0,0,0,28.071079399860384,0.10275587127926983,4.909216574575224,0.1,5.834777035669938,0.02,50.0,1926035175.4819875,0.001,0.033482180830983754,0.006450028408945235,0.10026409660740786,0.06416561646003005,92.33539033414489,0.005026444534249807,0.9902282758834321,0.004986143079985892,0.033482180830983754
3,0,0,0,0,31.613445505804627,0.10275587127926983,4.935652707284339,0.1,5.347251035311946,0.02,50.0,1929753902.4832532,0.001,0.033719140308301976,0.006506848897497549,0.100754847502071,0.0644685796876227,91.13195958183395,0.005075769647582792,0.9901539661860347,0.0050346117033420925,0.033719140308301976
3,0,0,0,0,31.613445505804627,0.10275587127926983,4.935652707284339,0.1,5.347251035311946,0.02,50.0,1929753902.4832532,0.001,0.033719140308301976,0.006506848897497549,0.100754847502071,0.0644685796876227,91.13195958183395,0.005075769647582792,0.9901539661860347,0.0050346117033420925,0.033719140308301976
3,0,0,0,0,30.628346273208713,0.10254028483693106,4.916575308466576,0.1,6.19514778549666,0.02,50.0,1929400793.115688,0.001,0.0337550655283223,0.005500037973839054,0.09081763856373122,0.058935676404180876,92.78770105972227,0.00412392173714626,0.9912890241405444,0.004096931851400059,0.0337550655283223
3,0,0,0,0,30.495010300389083,0.10264908714576439,4.935652707284339,0.1,5.245775603928477,0.02,50.0,1929753902.4832532,0.001,0.03384934541773987,0.005522971663320911,0.09099776313711473,0.05902964930521162,91.59656669027049,0.004140296447979218,0.9912507861675485,0.004113079941268448,0.03384934541773987
3,0,0,0,0,30.588772112161955,0.10267635813662164,4.909216574575224,0.1,5.834777035669938,0.02,50.0,1920227142.879071,0.001,0.033897301211705255,0.005515891644768933,0.09093792478797917,0.05900621099564513,92.23756193066022,0.004134853082372079,0.9912616850429717,0.0041076859879047274,0.033897301211705255
3,0,0,0,0,33.751397989797034,0.10301041649770265,4.909216574575224,0.1,5.4048973258924295,0.02,50.0,1927860405.390303,0.001,0.03393194812296124,0.00553696906712229,0.09111333644247659,0.059132360147396326,91.58946502572797,0.0041508200388399655,0.991228683200219,0.004123445861677794,0.03393194812296124
3,0,0,0,0,30.588772112161955,0.10266160233078872,4.995602903773854,0.1,5.245775603928477,0.02,50.0,1924223322.8892927,0.001,0.0340270910285389,0.005544695052625871,0.09116511404395496,0.05914525851966003,90.32411282805643,0.004155539009323657,0.9912139408463356,0.004128073921727272,0.0340270910285389
3,0,0,0,0,30.403713975057695,0.10276743852770891,4.916575308466576,0.1,4.862914793598462,0.02,50.0,1926600669.2939355,0.001,0.034157259302898424,0.0055506899238414184,0.09120460413648013,0.05915349517334227,91.27693908611604,0.004159139907846024,0.991202360038836,0.004131601862886549,0.034157259302898424
3,0,0,0,0,31.304393603109194,0.10303751618635659,4.935652707284339,0.1,4.469746709430286,0.02,50.0,1926136244.7067702,0.001,0.03416837451685989,0.006574750199263603,0.10119019475620623,0.06464578761179862,89.86532849161523,0.005119727757399473,0.9900301974363868,0.0050777696764920215,0.03416837451685989
3,0,0,0,0,26.95519470573639,0.10275587127926983,4.935652707284339,0.1,5.367807223570876,0.02,50.0,1929056104.9218292,0.001,0.034425185811067294,0.005543989547669326,0.09114119618999741,0.05909698490807518,92.26606208994114,0.0041533588214718,0.9912112054245364,0.004125799209530334,0.034425185811067294
3,0,0,0,0,30.64229535098165,0.10270501594787852,4.909216574575224,0.1,6.756418844362619,0.02,50.0,1915311945.556862,0.001,0.03444275494226412,0.00554500283085202,0.09117227679440247,0.059170257707104934,92.95023925366282,0.004156192027937569,0.9912144386290143,0.00412857261309615,0.03444275494226412
3,0,0,0,0,30.588772112161955,0.10275587127926983,4.909216574575224,0.1,5.673625280456864,0.02,50.0,1916079934.064308,0.001,0.034500702098074654,0.00556278602665459,0.0913047432166224,0.059238430372875524,91.97597007127818,0.004168278066926677,0.9911833620673136,0.00414049778719945,0.034500702098074654
3,0,0,0,0,28.028442808260962,0.10286255910958775,4.916575308466576,0.1,4.436187742719624,0.02,50.0,1928160514.5714707,0.001,0.03452550366699969,0.006577375913216981,0.10117425100540192,0.06458114269428489,90.8541599142298,0.005118114533252036,0.9900176808668648,0.005076011192278247,0.03452550366699969
3,0,0,0,0,28.12068282543536,0.10285360786307932,4.916575308466576,0.1,4.481462368574936,0.02,50.0,1922928113.1639037,0.001,0.03453406913683221,0.0065741108265351105,0.10114693399986549,0.06456546463283946,90.64014683506052,0.005115351128786573,0.990022116545385,0.005073273265147006,0.03453406913683221
3,0,0,0,0,28.147086272119076,0.10279430037687112,4.935652707284339,0.1,5.020025491871657,0.02,50.0,1927339314.854528,0.001,0.03493580115293676,0.006570872098224635,0.10122558385970161,0.06462190571209658,91.19781686447988,0.005123309413868741,0.9900514816382783,0.005080779181781646,0.03493580115293676
3,0,0,0,0,28.147086272119076,0.10279430037687112,4.935652707284339,0.1,5.020025491871657,0.02,50.0,1927351546.7714796,0.001,0.03494542139077539,0.006572825322516311,0.10124837480472128,0.06463533471882942,91.24835166009998,0.005125616700298659,0.9900503545589758,0.005083045345444117,0.03494542139077539
3,0,0,0,0,28.13735328997479,0.10280633936514157,4.909216574575224,0.1,5.307864716470127,0.02,50.0,1926056389.910099,0.001,0.03497296735033456,0.0065566425270946836,0.10113819566792574,0.06457962585269088,91.93369491879947,0.005114467311481817,0.9900782819698086,0.005072022114772316,0.03497296735033456
3,0,0,0,0,31.763775773189423,0.10275587127926983,4.935652707284339,0.1,5.245775603928477,0.02,50.0,1928160514.5714707,0.001,0.03501945967985881,0.006588747805151451,0.1014677848245758,0.06481363712867808,91.07912308362627,0.005147855678603208,0.990049170566236,0.005104841516495044,0.03501945967985881
3,0,0,0,0,31.777428223242346,0.10275587127926983,4.909216574575224,0.1,6.186088466932819,0.02,50.0,1926035175.4819875,0.001,0.035192414332877286,0.006559408245594747,0.10131153053228939,0.06474246644062807,92.30760304454392,0.005132013109397503,0.9901100031032783,0.005089044757810445,0.035192414332877286
3,0,0,0,0,28.12068282543536,0.10285360786307932,4.886312881820582,0.1,4.435498207067483,0.02,50.0,1926600669.2939355,0.001,0.03523208953557305,0.006612191997050114,0.10145364359212873,0.06469155332369052,91.3194465274985,0.005146420899059342,0.9899676754409714,0.005103485619197958,0.03523208953557305
3,0,0,0,0,28.12068282543536,0.10285360786307932,4.916575308466576,0.1,5.148039784431748,0.02,50.0,1926600669.2939355,0.001,0.03563138103558411,0.006605071221023678,0.10154140686725552,0.06476445027492292,91.72020228135369,0.005155328654290763,0.9900121961232662,0.00511187489932057,0.03563138103558411
3,0,0,0,0,28.12068282543536,0.10285360786307932,4.916575308466576,0.1,5.148039784431748,0.02,50.0,1926600669.2939355,0.001,0.03563138103558411,0.006605071221023678,0.10154140686725552,0.06476445027492292,91.72020228135369,0.005155328654290763,0.9900121961232662,0.00511187489932057,0.03563138103558411
3,0,0,0,0,28.12068282543536,0.10285360786307932,4.916575308466576,0.1,5.148039784431748,0.02,50.0,1926600669.2939355,0.001,0.03563138103558411,0.006605071221023678,0.10154140686725552,0.06476445027492292,91.72020228135369,0.005155328654290763,0.9900121961232662,0.00511187489932057,0.03563138103558411
3,0,0,0,0,28.12068282543536,0.10285360786307932,4.886312881820582,0.1,5.148039784431748,0.02,50.0,1926600669.2939355,0.001,0.03566536532505288,0.006601223688105862,0.101486538759526,0.06472391463322727,92.22110644766002,0.005149758774694386,0.9900120248472674,0.005106391345765555,0.03566536532505288
3,0,0,0,0,28.12068282543536,0.10285360786307932,4.886312881820582,0.1,5.148039784431748,0.02,50.0,1926600669.2939355,0.001,0.03566536532505288,0.006601223688105862,0.101486538759526,0.06472391463322727,92.22110644766002,0.005149758774694386,0.9900120248472674,0.005106391345765555,0.03566536532505288
3,0,0,0,0,28.12068282543536,0.10285360786307932,4.886312881820582,0.1,5.319425705826722,0.02,50.0,1926600669.2939355,0.001,0.0357529188312698,0.006599248710188455,0.1014945044737462,0.06473001686426652,92.41816653113057,0.005150567219185643,0.9900204944774716,0.005107110377618518,0.0357529188312698
3,0,0,0,0,28.12068282543536,0.10285360786307932,4.886312881820582,0.1,5.319425705826722,0.02,50.0,1926600669.2939355,0.001,0.0357529188312698,0.006599248710188455,0.1014945044737462,0.06473001686426652,92.41816653113057,0.005150567219185643,0.9900204944774716,0.005107110377618518,0.0357529188312698
3,0,0,0,0,28.12068282543536,0.10285360786307932,4.886312881820582,0.1,5.319425705826722,0.02,50.0,1926600669.2939355,0.001,0.0357529188312698,0.006599248710188455,0.1014945044737462,0.06473001686426652,92.41816653113057,0.005150567219185643,0.9900204944774716,0.005107110377618518,0.0357529188312698
3,0,0,0,0,28.12068282543536,0.10285360786307932,4.886312881820582,0.1,5.319425705826722,0.02,50.0,1926600669.2939355,0.001,0.0357529188312698,0.006599248710188455,0.1014945044737462,0.06473001686426652,92.41816653113057,0.005150567219185643,0.9900204944774716,0.005107110377618518,0.0357529188312698
3,0,0,0,0,28.12068282543536,0.10285360786307932,4.886312881820582,0.1,5.319425705826722,0.02,50.0,1926600669.2939355,0.001,0.0357529188312698,0.006599248710188455,0.1014945044737462,0.06473001686426652,92.41816653113057,0.005150567219185643,0.9900204944774716,0.005107110377618518,0.0357529188312698
3,0,0,0,0,28.12068282543536,0.10285360786307932,4.886312881820582,0.1,5.319425705826722,0.02,50.0,1926600669.2939355,0.001,0.0357529188312698,0.006599248710188455,0.1014945044737462,0.06473001686426652,92.41816653113057,0.005150567219185643,0.9900204944774716,0.005107110377618518,0.0357529188312698
3,0,0,0,0,28.12068282543536,0.10285360786307932,4.886312881820582,0.1,5.319425705826722,0.02,50.0,1926600669.2939355,0.001,0.0357529188312698,0.006599248710188455,0.1014945044737462,0.06473001686426652,92.41816653113057,0.005150567219185643,0.9900204944774716,0.005107110377618518,0.0357529188312698
3,0,0,0,0,28.12068282543536,0.10285360786307932,4.886312881820582,0.1,5.319425705826722,0.02,50.0,1926600669.2939355,0.001,0.0357529188312698,0.006599248710188455,0.1014945044737462,0.06473001686426652,92.41816653113057,0.005150567219185643,0.9900204944774716,0.005107110377618518,0.0357529188312698
3,0,0,0,0,28.12068282543536,0.10285360786307932,4.886312881820582,0.1,5.319425705826722,0.02,50.0,1926600669.2939355,0.001,0.0357529188312698,0.006599248710188455,0.1014945044737462,0.06473001686426652,92.41816653113057,0.005150567219185643,0.9900204944774716,0.005107110377618518,0.0357529188312698
3,0,0,0,0,28.12068282543536,0.10285360786307932,4.886312881820582,0.1,5.319425705826722,0.02,50.0,1926600669.2939355,0.001,0.0357529188312698,0.006599248710188455,0.1014945044737462,0.06473001686426652,92.41816653113057,0.005150567219185643,0.9900204944774716,0.005107110377618518,0.0357529188312698
3,0,0,0,0,28.344905905247607,0.102719208285074,4.909216574575224,0.1,5.834777035669938,0.02,50.0,1926035175.4819875,0.001,0.03618568693827323,0.006613144637492915,0.10169981105926716,0.06484272642391523,92.59321302071555,0.005171425784745319,0.990022844706096,0.005127298474334177,0.03618568693827323
3,0,0,0,0,31.886414753126502,0.10275587127926983,4.935652707284339,0.1,5.245775603928477,0.02,50.0,1928160514.5714707,0.001,0.03636147084127178,0.006665396627097335,0.10210346079453919,0.06507438020465012,91.17246876718971,0.005212558353111001,0.9899446474002679,0.005167707388941142,0.03636147084127178
3,0,0,0,0,32.00750016671535,0.10275587127926983,4.935652707284339,0.1,3.994334602071186,0.02,50.0,1926136244.7067702,0.001,0.03645207875205464,0.006733154496971,0.10241761590381362,0.06516331713705777,89.29352876301357,0.005244684023710549,0.989793747732088,0.005199495671196626,0.03645207875205464
3,0,0,0,0,30.588772112161955,0.10275587127926983,4.821412735930035,0.1,4.913726096499906,0.02,50.0,1927687879.3901188,0.001,0.036468404274166144,0.005683069441219156,0.09182550741561629,0.05950250583686027,93.0246725457158,0.004215961906067701,0.9908936796434274,0.0041872509485054756,0.036468404274166144
3,0,0,0,0,31.911965068619157,0.10271435049473164,4.916575308466576,0.1,5.336036525072663,0.02,50.0,1931733992.329998,0.001,0.03661962466665114,0.0066722732210436645,0.10215695319350825,0.0650822178905531,91.63759646823331,0.0052180215428903175,0.9899344728632652,0.005172918938141511,0.03661962466665114
3,0,0,0,0,31.911965068619157,0.10271435049473164,4.916575308466576,0.1,5.336036525072663,0.02,50.0,1931733992.329998,0.001,0.03661962466665114,0.0066722732210436645,0.10215695319350825,0.0650822178905531,91.63759646823331,0.0052180215428903175,0.9899344728632652,0.005172918938141511,0.03661962466665114
3,0,0,0,0,31.911965068619157,0.10271435049473164,4.916575308466576,0.1,5.336036525072663,0.02,50.0,1931733992.329998,0.001,0.03661962466665114,0.0066722732210436645,0.10215695319350825,0.0650822178905531,91.63759646823331,0.0052180215428903175,0.9899344728632652,0.005172918938141511,0.03661962466665114
3,0,0,0,0,31.911965068619157,0.10271435049473164,4.916575308466576,0.1,5.336036525072663,0.02,50.0,1931733992.329998,0.001,0.03661962466665114,0.0066722732210436645,0.10215695319350825,0.0650822178905531,91.63759646823331,0.0052180215428903175,0.9899344728632652,0.005172918938141511,0.03661962466665114
3,0,0,0,0,31.911965068619157,0.10271435049473164,4.916575308466576,0.1,5.336036525072663,0.02,50.0,1931733992.329998,0.001,0.03661962466665114,0.0066722732210436645,0.10215695319350825,0.0650822178905531,91.63759646823331,0.0052180215428903175,0.9899344728632652,0.005172918938141511,0.03661962466665114
3,0,0,0,0,31.911965068619157,0.10271435049473164,4.916575308466576,0.1,5.336036525072663,0.02,50.0,1931733992.329998,0.001,0.03661962466665114,0.0066722732210436645,0.10215695319350825,0.0650822178905531,91.63759646823331,0.0052180215428903175,0.9899344728632652,0.005172918938141511,0.03661962466665114
3,0,0,0,0,31.911965068619157,0.10271435049473164,4.916575308466576,0.1,5.336036525072663,0.02,50.0,1931733992.329998,0.001,0.03661962466665114,0.0066722732210436645,0.10215695319350825,0.0650822178905531,91.63759646823331,0.0052180215428903175,0.9899344728632652,0.005172918938141511,0.03661962466665114
3,0,0,0,0,31.911965068619157,0.10271435049473164,4.916575308466576,0.1,5.336036525072663,0.02,50.0,1931733992.329998,0.001,0.03661962466665114,0.0066722732210436645,0.10215695319350825,0.0650822178905531,91.63759646823331,0.0052180215428903175,0.9899344728632652,0.005172918938141511,0.03661962466665114
3,0,0,0,0,31.911965068619157,0.10271435049473164,4.916575308466576,0.1,5.336036525072663,0.02,50.0,1931733992.329998,0.001,0.03661962466665114,0.0066722732210436645,0.10215695319350825,0.0650822178905531,91.63759646823331,0.0052180215428903175,0.9899344728632652,0.005172918938141511,0.03661962466665114
3,0,0,0,0,31.911965068619157,0.10271435049473164,4.916575308466576,0.1,5.336036525072663,0.02,50.0,1931733992.329998,0.001,0.03661962466665114,0.0066722732210436645,0.10215695319350825,0.0650822178905531,91.63759646823331,0.0052180215428903175,0.9899344728632652,0.005172918938141511,0.03661962466665114
3,0,0,0,0,31.911965068619157,0.10271435049473164,4.916575308466576,0.1,5.336036525072663,0.02,50.0,1931733992.329998,0.001,0.03661962466665114,0.0066722732210436645,0.10215695319350825,0.0650822178905531,91.63759646823331,0.0052180215428903175,0.9899344728632652,0.005172918938141511,0.03661962466665114
3,0,0,0,0,31.911965068619157,0.10271435049473164,4.916575308466576,0.1,5.336036525072663,0.02,50.0,1931733992.329998,0.001,0.03661962466665114,0.0066722732210436645,0.10215695319350825,0.0650822178905531,91.63759646823331,0.0052180215428903175,0.9899344728632652,0.005172918938141511,0.03661962466665114
3,0,0,0,0,31.911965068619157,0.10271435049473164,4.916575308466576,0.1,5.336036525072663,0.02,50.0,1931733992.329998,0.001,0.03661962466665114,0.0066722732210436645,0.10215695319350825,0.0650822178905531,91.63759646823331,0.0052180215428903175,0.9899344728632652,0.005172918938141511,0.03661962466665114
3,0,0,0,0,31.911965068619157,0.10271435049473164,4.916575308466576,0.1,5.336036525072663,0.02,50.0,1931733992.329998,0.001,0.03661962466665114,0.0066722732210436645,0.10215695319350825,0.0650822178905531,91.63759646823331,0.0052180215428903175,0.9899344728632652,0.005172918938141511,0.03661962466665114
3,0,0,0,0,31.911965068619157,0.10271435049473164,4.916575308466576,0.1,5.336036525072663,0.02,50.0,1931733992.329998,0.001,0.03661962466665114,0.0066722732210436645,0.10215695319350825,0.0650822178905531,91.63759646823331,0.0052180215428903175,0.9899344728632652,0.005172918938141511,0.03661962466665114
3,0,0,0,0,31.911965068619157,0.10271435049473164,4.916575308466576,0.1,5.336036525072663,0.02,50.0,1931733992.329998,0.001,0.03661962466665114,0.0066722732210436645,0.10215695319350825,0.0650822178905531,91.63759646823331,0.0052180215428903175,0.9899344728632652,0.005172918938141511,0.03661962466665114
3,0,0,0,0,31.911965068619157,0.10271435049473164,4.916575308466576,0.1,5.336036525072663,0.02,50.0,1931733992.329998,0.001,0.03661962466665114,0.0066722732210436645,0.10215695319350825,0.0650822178905531,91.63759646823331,0.0052180215428903175,0.9899344728632652,0.005172918938141511,0.03661962466665114
3,0,0,0,0,31.911965068619157,0.10271435049473164,4.916575308466576,0.1,5.336036525072663,0.02,50.0,1931733992.329998,0.001,0.03661962466665114,0.0066722732210436645,0.10215695319350825,0.0650822178905531,91.63759646823331,0.0052180215428903175,0.9899344728632652,0.005172918938141511,0.03661962466665114
3,0,0,0,0,31.911965068619157,0.10271435049473164,4.916575308466576,0.1,5.336036525072663,0.02,50.0,1931733992.329998,0.001,0.03661962466665114,0.0066722732210436645,0.10215695319350825,0.0650822178905531,91.63759646823331,0.0052180215428903175,0.9899344728632652,0.005172918938141511,0.03661962466665114
3,0,0,0,0,31.911965068619157,0.10271435049473164,4.916575308466576,0.1,5.336036525072663,0.02,50.0,1931733992.329998,0.001,0.03661962466665114,0.0066722732210436645,0.10215695319350825,0.0650822178905531,91.63759646823331,0.0052180215428903175,0.9899344728632652,0.005172918938141511,0.03661962466665114
3,0,0,0,0,31.911965068619157,0.10271435049473164,4.916575308466576,0.1,5.336036525072663,0.02,50.0,1931733992.329998,0.001,0.03661962466665114,0.0066722732210436645,0.10215695319350825,0.0650822178905531,91.63759646823331,0.0052180215428903175,0.9899344728632652,0.005172918938141511,0.03661962466665114
3,0,0,0,0,31.911965068619157,0.10271435049473164,4.916575308466576,0.1,5.336036525072663,0.02,50.0,1931733992.329998,0.001,0.03661962466665114,0.0066722732210436645,0.10215695319350825,0.0650822178905531,91.63759646823331,0.0052180215428903175,0.9899344728632652,0.005172918938141511,0.03661962466665114
3,0,0,0,0,31.911965068619157,0.10271435049473164,4.916575308466576,0.1,5.336036525072663,0.02,50.0,1931733992.329998,0.001,0.03661962466665114,0.0066722732210436645,0.10215695319350825,0.0650822178905531,91.63759646823331,0.0052180215428903175,0.9899344728632652,0.005172918938141511,0.03661962466665114
3,0,0,0,0,31.911965068619157,0.10271435049473164,4.916575308466576,0.1,5.336036525072663,0.02,50.0,1931733992.329998,0.001,0.03661962466665114,0.0066722732210436645,0.10215695319350825,0.0650822178905531,91.63759646823331,0.0052180215428903175,0.9899344728632652,0.005172918938141511,0.03661962466665114
3,0,0,0,0,31.911965068619157,0.10271435049473164,4.916575308466576,0.1,5.336036525072663,0.02,50.0,1931733992.329998,0.001,0.03661962466665114,0.0066722732210436645,0.10215695319350825,0.0650822178905531,91.63759646823331,0.0052180215428903175,0.9899344728632652,0.005172918938141511,0.03661962466665114
3,0,0,0,0,31.911965068619157,0.10271435049473164,4.916575308466576,0.1,5.336036525072663,0.02,50.0,1931733992.329998,0.001,0.03661962466665114,0.0066722732210436645,0.10215695319350825,0.0650822178905531,91.63759646823331,0.0052180215428903175,0.9899344728632652,0.005172918938141511,0.03661962466665114
3,0,0,0,0,31.911965068619157,0.10271435049473164,4.916575308466576,0.1,5.336036525072663,0.02,50.0,1931733992.329998,0.001,0.03661962466665114,0.0066722732210436645,0.10215695319350825,0.0650822178905531,91.63759646823331,0.0052180215428903175,0.9899344728632652,0.005172918938141511,0.03661962466665114
3,0,0,0,0,31.911965068619157,0.10271435049473164,4.916575308466576,0.1,5.336036525072663,0.02,50.0,1931733992.329998,0.001,0.03661962466665114,0.0066722732210436645,0.10215695319350825,0.0650822178905531,91.63759646823331,0.0052180215428903175,0.9899344728632652,0.005172918938141511,0.03661962466665114
3,0,0,0,0,31.911965068619157,0.10271435049473164,4.916575308466576,0.1,5.336036525072663,0.02,50.0,1931733992.329998,0.001,0.03661962466665114,0.0066722732210436645,0.10215695319350825,0.0650822178905531,91.63759646823331,0.0052180215428903175,0.9899344728632652,0.005172918938141511,0.03661962466665114
3,0,0,0,0,31.911965068619157,0.10271435049473164,4.916575308466576,0.1,5.336036525072663,0.02,50.0,1931733992.329998,0.001,0.03661962466665114,0.0066722732210436645,0.10215695319350825,0.0650822178905531,91.63759646823331,0.0052180215428903175,0.9899344728632652,0.005172918938141511,0.03661962466665114
3,0,0,0,0,31.911965068619157,0.10271435049473164,4.916575308466576,0.1,5.336036525072663,0.02,50.0,1931733992.329998,0.001,0.03661962466665114,0.0066722732210436645,0.10215695319350825,0.0650822178905531,91.63759646823331,0.0052180215428903175,0.9899344728632652,0.005172918938141511,0.03661962466665114
3,0,0,0,0,31.911965068619157,0.10271435049473164,4.916575308466576,0.1,5.336036525072663,0.02,50.0,1931733992.329998,0.001,0.03661962466665114,0.0066722732210436645,0.10215695319350825,0.0650822178905531,91.63759646823331,0.0052180215428903175,0.9899344728632652,0.005172918938141511,0.03661962466665114
3,0,0,0,0,31.911965068619157,0.10271435049473164,4.916575308466576,0.1,5.336036525072663,0.02,50.0,1931733992.329998,0.001,0.03661962466665114,0.0066722732210436645,0.10215695319350825,0.0650822178905531,91.63759646823331,0.0052180215428903175,0.9899344728632652,0.005172918938141511,0.03661962466665114
3,0,0,0,0,31.911965068619157,0.10271435049473164,4.916575308466576,0.1,5.336036525072663,0.02,50.0,1931733992.329998,0.001,0.03661962466665114,0.0066722732210436645,0.10215695319350825,0.0650822178905531,91.63759646823331,0.0052180215428903175,0.9899344728632652,0.005172918938141511,0.03661962466665114
3,0,0,0,0,30.588772112161955,0.10275587127926983,4.83270828197199,0.1,5.211202653031692,0.02,50.0,1928160514.5714707,0.001,0.03674084220407253,0.005716690998672226,0.09232996453475419,0.059804946120693175,93.39699210962185,0.004262411175494483,0.990889989413913,0.00423282561558163,0.03674084220407253
3,0,0,0,0,31.459081136960428,0.10300257237645864,4.916575308466576,0.1,5.993274628199294,0.02,50.0,1930849491.958696,0.001,0.03696327100893543,0.006668416894862339,0.1021924574910844,0.0650870920028369,92.35922684137512,0.005221649184033545,0.9899557917798705,0.005176197526774356,0.03696327100893543
3,0,0,0,0,30.588772112161955,0.10279430037687112,4.840245696981498,0.1,4.913726096499906,0.02,50.0,1928186315.587454,0.001,0.03728432979036733,0.005771173840682262,0.09280619900289243,0.060092884504739624,92.94813274174335,0.004306495286682236,0.990811242866651,0.0042761169454466385,0.03728432979036733
3,0,0,0,0,30.628346273208713,0.10271435049473164,4.834646120186162,0.1,5.504335995939353,0.02,50.0,1932955198.6471007,0.001,0.03751392863965869,0.005776581338030533,0.09282192299578734,0.06009147006455395,93.88837038629234,0.0043079546943179375,0.9907966231599734,0.004277502489563589,0.03751392863965869
3,0,0,0,0,30.628346273208713,0.10271435049473164,4.834646120186162,0.1,5.504335995939353,0.02,50.0,1932955198.6471007,0.001,0.03751392863965869,0.005776581338030533,0.09282192299578734,0.06009147006455395,93.88837038629234,0.0043079546943179375,0.9907966231599734,0.004277502489563589,0.03751392863965869
3,0,0,0,0,30.628346273208713,0.10271435049473164,4.834646120186162,0.1,5.504335995939353,0.02,50.0,1932955198.6471007,0.001,0.03751392863965869,0.005776581338030533,0.09282192299578734,0.06009147006455395,93.88837038629234,0.0043079546943179375,0.9907966231599734,0.004277502489563589,0.03751392863965869
4,0,0,0,0,3.250771475327591,0.10169167847139898,4.965626115069739,0.1,0.7014624079536449,0.02,50.0,1914117519.77689,0.001,0.03754247080613578,0.0049350832819405185,0.078925093249887,0.057178076954719936,168.56463562164316,0.003114585172251679,0.9908170877954522,0.003103386260728065,0.03754247080613578
4,0,0,0,0,3.250771475327591,0.10169167847139898,4.965626115069739,0.1,0.7014624079536449,0.02,50.0,1914117519.77689,0.001,0.03754247080613578,0.0049350832819405185,0.078925093249887,0.057178076954719936,168.56463562164316,0.003114585172251679,0.9908170877954522,0.003103386260728065,0.03754247080613578
4,0,0,0,0,3.250771475327591,0.10169167847139898,4.965626115069739,0.1,0.7014624079536449,0.02,50.0,1914117519.77689,0.001,0.03754247080613578,0.0049350832819405185,0.078925093249887,0.057178076954719936,168.56463562164316,0.003114585172251679,0.9908170877954522,0.003103386260728065,0.03754247080613578
4,0,0,0,0,3.250771475327591,0.10169167847139898,4.965626115069739,0.1,0.7014624079536449,0.02,50.0,1914117519.77689,0.001,0.03754247080613578,0.0049350832819405185,0.078925093249887,0.057178076954719936,168.56463562164316,0.003114585172251679,0.9908170877954522,0.003103386260728065,0.03754247080613578
3,0,0,0,0,28.392985842662426,0.10275587127926983,4.935652707284339,0.1,5.112965121561401,0.02,50.0,1930145889.819084,0.001,0.037837249439920895,0.006737512752298598,0.10261034831960889,0.06516679305637586,91.6181131014047,0.0052644417911357315,0.9898253216716547,0.005217872103939047,0.037837249439920895
3,0,0,0,0,28.392985842662426,0.10275587127926983,4.935652707284339,0.1,5.112965121561401,0.02,50.0,1932348595.0278816,0.001,0.038271067413088666,0.006762771165179045,0.10280629040832587,0.06522304452741598,91.8152315363299,0.005284566673760517,0.989788085021511,0.005237389394572868,0.038271067413088666
3,0,0,0,0,28.028442808260962,0.10308381658835737,4.916575308466576,0.1,4.436187742719624,0.02,50.0,1928160514.5714707,0.001,0.038507772564289056,0.0068035550974259815,0.10300900505224125,0.06526684765151673,91.12359884500145,0.005305427560926332,0.9897008139840748,0.005257887370147608,0.038507772564289056
3,0,0,0,0,32.57655829086781,0.10254988361508606,4.935652707284339,0.1,5.112965121561401,0.02,50.0,1932156929.865838,0.001,0.03879790892984908,0.007057383991037924,0.105738819470232,0.06747047303512088,93.38024572061413,0.005590348971479158,0.9895195342966583,0.0055375575259016905,0.03879790892984908
3,0,0,0,0,32.15517810729108,0.10275587127926983,4.935652707284339,0.1,5.112965121561401,0.02,50.0,1928160514.5714707,0.001,0.0392151622459922,0.006830182241269859,0.10331872350868934,0.06540851132702233,91.11794911430631,0.005337379313732497,0.9896866109278096,0.005288674601984449,0.0392151622459922
3,0,0,0,0,28.817791635339468,0.10259178309940314,4.916575308466576,0.1,5.336036525072663,0.02,50.0,1929769390.1652417,0.001,0.039451224887856906,0.007017034463428043,0.10489388272248287,0.06652292217636649,93.25340893271843,0.005501363316298996,0.9894463995266042,0.005449374425774143,0.039451224887856906
3,0,0,0,0,28.817791635339468,0.10259178309940314,4.916575308466576,0.1,5.336036525072663,0.02,50.0,1929769390.1652417,0.001,0.039451224887856906,0.007017034463428043,0.10489388272248287,0.06652292217636649,93.25340893271843,0.005501363316298996,0.9894463995266042,0.005449374425774143,0.039451224887856906
3,0,0,0,0,28.662287906972036,0.10275587127926983,4.909216574575224,0.1,5.834777035669938,0.02,50.0,1926035175.4819875,0.001,0.04070762868178046,0.006884887668054226,0.10375649117188282,0.06541696191362888,92.81262018658597,0.005382704730150499,0.9896100188101704,0.0053321882672836465,0.04070762868178046
3,0,0,0,0,28.674225082611752,0.10275587127926983,4.935652707284339,0.1,5.245775603928477,0.02,50.0,1928160514.5714707,0.001,0.04096228788412354,0.006923811642054586,0.10399846786926464,0.0654933050985719,91.86865311921947,0.005407840659577235,0.9895389227321649,0.005356791670230619,0.04096228788412354
3,0,0,0,0,28.690540743992088,0.10275587127926983,4.935652707284339,0.1,4.256077659504252,0.02,50.0,1934771993.5016806,0.001,0.04176281811894861,0.0070196632426139,0.10457087705026281,0.06563202891778407,90.75113864443374,0.0054675341635305914,0.989358702239525,0.0054151100371592886,0.04176281811894861
3,0,0,0,0,28.690540743992088,0.10275587127926983,4.935652707284339,0.1,4.3610737495677245,0.02,50.0,1935337121.1823475,0.001,0.041948582786244804,0.007026528071281705,0.10463465194281728,0.06563856194002309,90.9337176247381,0.005474205193597257,0.9893513852141212,0.005421512865445148,0.041948582786244804
3,0,0,0,0,28.690540743992088,0.10275587127926983,4.935652707284339,0.1,4.3610737495677245,0.02,50.0,1935337121.1823475,0.001,0.041948582786244804,0.007026528071281705,0.10463465194281728,0.06563856194002309,90.9337176247381,0.005474205193597257,0.9893513852141212,0.005421512865445148,0.041948582786244804
3,0,0,0,0,28.87716318566215,0.10267811040973804,4.909216574575224,0.1,5.4048973258924295,0.02,50.0,1927642736.3960445,0.001,0.04200599882103445,0.006985472502200161,0.10444531839344763,0.06555812661402474,92.44034823137628,0.005454412267154324,0.9894420536160262,0.005401838769285748,0.04200599882103445
3,0,0,0,0,36.62717206779295,0.10271435049473164,4.916575308466576,0.1,5.336036525072663,0.02,50.0,1928199967.82523,0.001,0.042556331453290075,0.007050803910761648,0.10494506266129731,0.0657660439531526,91.27380320917922,0.005506733088491809,0.9893463641706087,0.005452803107626625,0.042556331453290075
3,0,0,0,0,36.62717206779295,0.10271435049473164,4.916575308466576,0.1,5.336036525072663,0.02,50.0,1928199967.82523,0.001,0.042556331453290075,0.007050803910761648,0.10494506266129731,0.0657660439531526,91.27380320917922,0.005506733088491809,0.9893463641706087,0.005452803107626625,0.042556331453290075
3,0,0,0,0,36.62717206779295,0.10271435049473164,4.916575308466576,0.1,5.336036525072663,0.02,50.0,1928199967.82523,0.001,0.042556331453290075,0.007050803910761648,0.10494506266129731,0.0657660439531526,91.27380320917922,0.005506733088491809,0.9893463641706087,0.005452803107626625,0.042556331453290075
3,0,0,0,0,36.62717206779295,0.10271435049473164,4.916575308466576,0.1,5.336036525072663,0.02,50.0,1928199967.82523,0.001,0.042556331453290075,0.007050803910761648,0.10494506266129731,0.0657660439531526,91.27380320917922,0.005506733088491809,0.9893463641706087,0.005452803107626625,0.042556331453290075
3,0,0,0,0,36.62717206779295,0.10271435049473164,4.916575308466576,0.1,5.336036525072663,0.02,50.0,1928199967.82523,0.001,0.042556331453290075,0.007050803910761648,0.10494506266129731,0.0657660439531526,91.27380320917922,0.005506733088491809,0.9893463641706087,0.005452803107626625,0.042556331453290075
3,0,0,0,0,36.62717206779295,0.10271435049473164,4.916575308466576,0.1,5.336036525072663,0.02,50.0,1928199967.82523,0.001,0.042556331453290075,0.007050803910761648,0.10494506266129731,0.0657660439531526,91.27380320917922,0.005506733088491809,0.9893463641706087,0.005452803107626625,0.042556331453290075
3,0,0,0,0,36.62717206779295,0.10271435049473164,4.916575308466576,0.1,5.336036525072663,0.02,50.0,1928199967.82523,0.001,0.042556331453290075,0.007050803910761648,0.10494506266129731,0.0657660439531526,91.27380320917922,0.005506733088491809,0.9893463641706087,0.005452803107626625,0.042556331453290075
3,0,0,0,0,36.62717206779295,0.10271435049473164,4.916575308466576,0.1,5.336036525072663,0.02,50.0,1928199967.82523,0.001,0.042556331453290075,0.007050803910761648,0.10494506266129731,0.0657660439531526,91.27380320917922,0.005506733088491809,0.9893463641706087,0.005452803107626625,0.042556331453290075
3,0,0,0,0,36.62717206779295,0.10271435049473164,4.916575308466576,0.1,5.336036525072663,0.02,50.0,1928199967.82523,0.001,0.042556331453290075,0.007050803910761648,0.10494506266129731,0.0657660439531526,91.27380320917922,0.005506733088491809,0.9893463641706087,0.005452803107626625,0.042556331453290075
3,0,0,0,0,36.62717206779295,0.10271435049473164,4.916575308466576,0.1,5.336036525072663,0.02,50.0,1928199967.82523,0.001,0.042556331453290075,0.007050803910761648,0.10494506266129731,0.0657660439531526,91.27380320917922,0.005506733088491809,0.9893463641706087,0.005452803107626625,0.042556331453290075
3,0,0,0,0,36.62717206779295,0.10271435049473164,4.916575308466576,0.1,5.336036525072663,0.02,50.0,1928199967.82523,0.001,0.042556331453290075,0.007050803910761648,0.10494506266129731,0.0657660439531526,91.27380320917922,0.005506733088491809,0.9893463641706087,0.005452803107626625,0.042556331453290075
3,0,0,0,0,36.62717206779295,0.10271435049473164,4.916575308466576,0.1,5.336036525072663,0.02,50.0,1928199967.82523,0.001,0.042556331453290075,0.007050803910761648,0.10494506266129731,0.0657660439531526,91.27380320917922,0.005506733088491809,0.9893463641706087,0.005452803107626625,0.042556331453290075
3,0,0,0,0,36.62717206779295,0.10271435049473164,4.916575308466576,0.1,5.336036525072663,0.02,50.0,1928199967.82523,0.001,0.042556331453290075,0.007050803910761648,0.10494506266129731,0.0657660439531526,91.27380320917922,0.005506733088491809,0.9893463641706087,0.005452803107626625,0.042556331453290075
3,0,0,0,0,36.62717206779295,0.10271435049473164,4.916575308466576,0.1,5.336036525072663,0.02,50.0,1928199967.82523,0.001,0.042556331453290075,0.007050803910761648,0.10494506266129731,0.0657660439531526,91.27380320917922,0.005506733088491809,0.9893463641706087,0.005452803107626625,0.042556331453290075
3,0,0,0,0,36.62717206779295,0.10271435049473164,4.916575308466576,0.1,5.336036525072663,0.02,50.0,1928199967.82523,0.001,0.042556331453290075,0.007050803910761648,0.10494506266129731,0.0657660439531526,91.27380320917922,0.005506733088491809,0.9893463641706087,0.005452803107626625,0.042556331453290075
3,0,0,0,0,36.62717206779295,0.10271435049473164,4.916575308466576,0.1,5.336036525072663,0.02,50.0,1928199967.82523,0.001,0.042556331453290075,0.007050803910761648,0.10494506266129731,0.0657660439531526,91.27380320917922,0.005506733088491809,0.9893463641706087,0.005452803107626625,0.042556331453290075
3,0,0,0,0,36.62717206779295,0.10271435049473164,4.916575308466576,0.1,5.336036525072663,0.02,50.0,1928199967.82523,0.001,0.042556331453290075,0.007050803910761648,0.10494506266129731,0.0657660439531526,91.27380320917922,0.005506733088491809,0.9893463641706087,0.005452803107626625,0.042556331453290075
3,0,0,0,0,36.62717206779295,0.10271435049473164,4.916575308466576,0.1,5.336036525072663,0.02,50.0,1928199967.82523,0.001,0.042556331453290075,0.007050803910761648,0.10494506266129731,0.0657660439531526,91.27380320917922,0.005506733088491809,0.9893463641706087,0.005452803107626625,0.042556331453290075
3,0,0,0,0,36.62717206779295,0.10271435049473164,4.916575308466576,0.1,5.336036525072663,0.02,50.0,1928199967.82523,0.001,0.042556331453290075,0.007050803910761648,0.10494506266129731,0.0657660439531526,91.27380320917922,0.005506733088491809,0.9893463641706087,0.005452803107626625,0.042556331453290075
3,0,0,0,0,36.62717206779295,0.10271435049473164,4.916575308466576,0.1,5.336036525072663,0.02,50.0,1928199967.82523,0.001,0.042556331453290075,0.007050803910761648,0.10494506266129731,0.0657660439531526,91.27380320917922,0.005506733088491809,0.9893463641706087,0.005452803107626625,0.042556331453290075
3,0,0,0,0,36.62717206779295,0.10271435049473164,4.916575308466576,0.1,5.336036525072663,0.02,50.0,1928199967.82523,0.001,0.042556331453290075,0.007050803910761648,0.10494506266129731,0.0657660439531526,91.27380320917922,0.005506733088491809,0.9893463641706087,0.005452803107626625,0.042556331453290075
3,0,0,0,0,36.62717206779295,0.10271435049473164,4.916575308466576,0.1,5.336036525072663,0.02,50.0,1928199967.82523,0.001,0.042556331453290075,0.007050803910761648,0.10494506266129731,0.0657660439531526,91.27380320917922,0.005506733088491809,0.9893463641706087,0.005452803107626625,0.042556331453290075
3,0,0,0,0,36.62717206779295,0.10271435049473164,4.916575308466576,0.1,5.336036525072663,0.02,50.0,1928199967.82523,0.001,0.042556331453290075,0.007050803910761648,0.10494506266129731,0.0657660439531526,91.27380320917922,0.005506733088491809,0.9893463641706087,0.005452803107626625,0.042556331453290075
3,0,0,0,0,36.62717206779295,0.10271435049473164,4.916575308466576,0.1,5.336036525072663,0.02,50.0,1928199967.82523,0.001,0.042556331453290075,0.007050803910761648,0.10494506266129731,0.0657660439531526,91.27380320917922,0.005506733088491809,0.9893463641706087,0.005452803107626625,0.042556331453290075
3,0,0,0,0,36.62717206779295,0.10271435049473164,4.916575308466576,0.1,5.336036525072663,0.02,50.0,1928199967.82523,0.001,0.042556331453290075,0.007050803910761648,0.10494506266129731,0.0657660439531526,91.27380320917922,0.005506733088491809,0.9893463641706087,0.005452803107626625,0.042556331453290075
3,0,0,0,0,36.62717206779295,0.10271435049473164,4.916575308466576,0.1,5.336036525072663,0.02,50.0,1928199967.82523,0.001,0.042556331453290075,0.007050803910761648,0.10494506266129731,0.0657660439531526,91.27380320917922,0.005506733088491809,0.9893463641706087,0.005452803107626625,0.042556331453290075
3,0,0,0,0,36.62717206779295,0.10271435049473164,4.916575308466576,0.1,5.336036525072663,0.02,50.0,1928199967.82523,0.001,0.042556331453290075,0.007050803910761648,0.10494506266129731,0.0657660439531526,91.27380320917922,0.005506733088491809,0.9893463641706087,0.005452803107626625,0.042556331453290075
3,0,0,0,0,36.62717206779295,0.10271435049473164,4.916575308466576,0.1,5.336036525072663,0.02,50.0,1928199967.82523,0.001,0.042556331453290075,0.007050803910761648,0.10494506266129731,0.0657660439531526,91.27380320917922,0.005506733088491809,0.9893463641706087,0.005452803107626625,0.042556331453290075
3,0,0,0,0,36.62717206779295,0.10271435049473164,4.916575308466576,0.1,5.336036525072663,0.02,50.0,1928199967.82523,0.001,0.042556331453290075,0.007050803910761648,0.10494506266129731,0.0657660439531526,91.27380320917922,0.005506733088491809,0.9893463641706087,0.005452803107626625,0.042556331453290075
3,0,0,0,0,36.62717206779295,0.10271435049473164,4.916575308466576,0.1,5.336036525072663,0.02,50.0,1928199967.82523,0.001,0.042556331453290075,0.007050803910761648,0.10494506266129731,0.0657660439531526,91.27380320917922,0.005506733088491809,0.9893463641706087,0.005452803107626625,0.042556331453290075
3,0,0,0,0,36.62717206779295,0.10271435049473164,4.916575308466576,0.1,5.336036525072663,0.02,50.0,1928199967.82523,0.001,0.042556331453290075,0.007050803910761648,0.10494506266129731,0.0657660439531526,91.27380320917922,0.005506733088491809,0.9893463641706087,0.005452803107626625,0.042556331453290075
3,0,0,0,0,36.62717206779295,0.10271435049473164,4.916575308466576,0.1,5.336036525072663,0.02,50.0,1928199967.82523,0.001,0.042556331453290075,0.007050803910761648,0.10494506266129731,0.0657660439531526,91.27380320917922,0.005506733088491809,0.9893463641706087,0.005452803107626625,0.042556331453290075
3,0,0,0,0,36.62717206779295,0.10271435049473164,4.916575308466576,0.1,5.336036525072663,0.02,50.0,1928199967.82523,0.001,0.042556331453290075,0.007050803910761648,0.10494506266129731,0.0657660439531526,91.27380320917922,0.005506733088491809,0.9893463641706087,0.005452803107626625,0.042556331453290075
3,0,0,0,0,36.62717206779295,0.10271435049473164,4.916575308466576,0.1,5.336036525072663,0.02,50.0,1928199967.82523,0.001,0.042556331453290075,0.007050803910761648,0.10494506266129731,0.0657660439531526,91.27380320917922,0.005506733088491809,0.9893463641706087,0.005452803107626625,0.042556331453290075
3,0,0,0,0,36.62717206779295,0.10271435049473164,4.916575308466576,0.1,5.336036525072663,0.02,50.0,1928199967.82523,0.001,0.042556331453290075,0.007050803910761648,0.10494506266129731,0.0657660439531526,91.27380320917922,0.005506733088491809,0.9893463641706087,0.005452803107626625,0.042556331453290075
3,0,0,0,0,36.62717206779295,0.10271435049473164,4.916575308466576,0.1,5.336036525072663,0.02,50.0,1928199967.82523,0.001,0.042556331453290075,0.007050803910761648,0.10494506266129731,0.0657660439531526,91.27380320917922,0.005506733088491809,0.9893463641706087,0.005452803107626625,0.042556331453290075
3,0,0,0,0,36.62717206779295,0.10271435049473164,4.916575308466576,0.1,5.336036525072663,0.02,50.0,1928199967.82523,0.001,0.042556331453290075,0.007050803910761648,0.10494506266129731,0.0657660439531526,91.27380320917922,0.005506733088491809,0.9893463641706087,0.005452803107626625,0.042556331453290075
3,0,0,0,0,36.62717206779295,0.10271435049473164,4.916575308466576,0.1,5.336036525072663,0.02,50.0,1928199967.82523,0.001,0.042556331453290075,0.007050803910761648,0.10494506266129731,0.0657660439531526,91.27380320917922,0.005506733088491809,0.9893463641706087,0.005452803107626625,0.042556331453290075
3,0,0,0,0,28.898806027932878,0.10275587127926983,4.916575308466576,0.1,4.439307502078896,0.02,50.0,1932548777.4778485,0.001,0.04402281196735597,0.007170424611761593,0.10567174713681979,0.06579944553192622,91.3693279636728,0.00558325907147399,0.9891261891275673,0.005527186354412782,0.04402281196735597
3,0,0,0,0,32.671317569513796,0.10275587127926983,4.935652707284339,0.1,4.707099646930144,0.02,50.0,1928160514.5714707,0.001,0.044524541761741476,0.007212251027513673,0.10601835065961965,0.06590567824955965,90.71391262513777,0.005619945338293037,0.9890723690309715,0.0055627488214045895,0.044524541761741476
3,0,0,0,0,32.671317569513796,0.10275587127926983,4.935652707284339,0.1,4.707099646930144,0.02,50.0,1928160514.5714707,0.001,0.044524541761741476,0.007212251027513673,0.10601835065961965,0.06590567824955965,90.71391262513777,0.005619945338293037,0.9890723690309715,0.0055627488214045895,0.044524541761741476
3,0,0,0,0,32.671317569513796,0.10275587127926983,4.935652707284339,0.1,4.707099646930144,0.02,50.0,1928160514.5714707,0.001,0.044524541761741476,0.007212251027513673,0.10601835065961965,0.06590567824955965,90.71391262513777,0.005619945338293037,0.9890723690309715,0.0055627488214045895,0.044524541761741476
3,0,0,0,0,29.18324308748113,0.10270501594787852,4.909216574575224,0.1,5.834777035669938,0.02,50.0,1920227142.879071,0.001,0.04494344521335991,0.007191325113242258,0.10593100871835477,0.065762635171603,92.69212720413415,0.005610689304044077,0.9891205246652953,0.005553239199053134,0.04494344521335991
3,0,0,0,0,32.74251168238943,0.10275587127926983,4.935652707284339,0.1,4.913726096499906,0.02,50.0,1927687879.3901188,0.001,0.045309875671874056,0.00726467927836948,0.10639774671975413,0.06593431376881001,90.9405904651791,0.005660240253520476,0.9889916296636495,0.005601715469433776,0.045309875671874056
3,0,0,0,0,29.200409614570525,0.10275587127926983,4.909216574575224,0.1,5.6036830953926025,0.02,50.0,1920227142.879071,0.001,0.04596302609374325,0.007279432161949968,0.10652689532296707,0.06583799901827439,92.4745562984928,0.005673989713575191,0.9889745354585089,0.00561469219744363,0.04596302609374325
3,0,0,0,0,32.63120077171546,0.10275587127926983,4.909216574575224,0.1,6.014953087772103,0.02,50.0,1934884333.8294663,0.001,0.046038294800502255,0.007284144781296072,0.10659989094250556,0.06588226112922094,92.88493806595747,0.00568176837447704,0.9889769769361262,0.005622198187712224,0.046038294800502255
3,0,0,0,0,32.825440798772874,0.10275587127926983,4.935652707284339,0.1,4.913726096499906,0.02,50.0,1927687879.3901188,0.001,0.046191860786513605,0.00733607959933457,0.1068922981297758,0.06598762242486933,90.95291781536417,0.005712981699732436,0.9888766919682604,0.005652855667533671,0.046191860786513605
3,0,0,0,0,32.82473352731344,0.10269515999484402,4.909216574575224,0.1,6.014953087772103,0.02,50.0,1932336174.47563,0.001,0.04652629706175526,0.007325490822560038,0.10688471405860397,0.06591245137141781,92.78783698887847,0.005712171049694768,0.9889100963740877,0.005651688237195039,0.04652629706175526
3,0,0,0,0,32.994220668835915,0.10275587127926983,4.909216574575224,0.1,5.834777035669938,0.02,50.0,1920227142.879071,0.001,0.047057274801548477,0.00737745071966895,0.10723133575358908,0.06595660337939577,92.1732928433155,0.005749279683749476,0.9888234835298523,0.005687736891196575,0.047057274801548477
3,0,0,0,0,29.22338800035232,0.10275587127926983,4.913967469734835,0.1,5.245775603928477,0.02,50.0,1926190042.5429194,0.001,0.04718369437376918,0.0073919564907963435,0.10727763183706218,0.06592848857323316,92.23162530743387,0.005754245146284129,0.9887867170386752,0.005692636878137952,0.04718369437376918
3,0,0,0,0,29.399286285882297,0.10275587127926983,4.935652707284339,0.1,4.913726096499906,0.02,50.0,1918187471.3918204,0.001,0.04754573139238283,0.00743951830408238,0.10758462262351029,0.06599174587818635,91.1636604355738,0.005787225512521562,0.9887051318489424,0.0057247712775417205,0.04754573139238283
3,0,0,0,0,29.30509843450158,0.10275587127926983,4.935652707284339,0.1,4.683521714832207,0.02,50.0,1927687879.3901188,0.001,0.04808356119457774,0.007493549334610048,0.10793407123856961,0.06603241704396377,91.20880476366355,0.00582488186706631,0.9886128932411212,0.005761374230632209,0.04808356119457774
3,0,0,0,0,29.34736848826101,0.10275587127926983,4.935652707284339,0.1,5.44788756881862,0.02,50.0,1928160514.5714707,0.001,0.049116526874116495,0.007559427823818609,0.10843586490341128,0.066014140225953,92.18934557630011,0.005879168398675432,0.9885199668508473,0.005813755358432903,0.049116526874116495
3,0,0,0,0,33.10744423823585,0.10275587127926983,4.935652707284339,0.1,4.913726096499906,0.02,50.0,1927687879.3901188,0.001,0.04917532033720873,0.007595839977061631,0.10866203239406777,0.06612838376857742,90.97336930322167,0.005903718642004716,0.9884558769078056,0.005837824935324599,0.04917532033720873
3,0,0,0,0,29.365791609023074,0.10275587127926983,4.909216574575224,0.1,5.4048973258924295,0.02,50.0,1927860405.390303,0.001,0.04927198319125825,0.007571064329749388,0.10850015915416891,0.06600228073126033,92.5630862661708,0.0058861422682399914,0.988497450860062,0.005820504006115427,0.04927198319125825
3,0,0,0,0,29.866400983845896,0.10246417178940907,4.935652707284339,0.1,5.245775603928477,0.02,50.0,1925231056.0296636,0.001,0.04928115464185839,0.007582713919018235,0.10857842069837477,0.06604159439732196,91.79617735967696,0.0058946367206766295,0.9884784392848514,0.00582882764995041,0.04928115464185839
3,0,0,0,0,29.369824172455814,0.10275587127926983,4.909216574575224,0.1,4.913726096499906,0.02,50.0,1929459823.8826401,0.001,0.049355237389422935,0.00759493075633386,0.1086300955023316,0.0660454722048276,92.03967703306556,0.005900248824422843,0.9884508114025404,0.005834349490202125,0.049355237389422935
3,0,0,0,0,30.588772112161955,0.10275587127926983,4.935652707284339,0.1,4.17338991115473,0.02,50.0,1928160514.5714707,0.001,0.05003030926490143,0.009113773355058963,0.11888838809405206,0.07195981147943648,89.28476377020819,0.007067224411800969,0.986110945777339,0.00698147301051074,0.05003030926490143
3,0,0,0,0,34.4334439336207,0.10275587127926983,4.935652707284339,0.1,4.913726096499906,0.02,50.0,1928160514.5714707,0.001,0.050203796459883876,0.009145409214236865,0.11957495534340211,0.07201449599951563,89.97178490606062,0.007149084972688305,0.9861965008888165,0.007060932571694888,0.050203796459883876
3,0,0,0,0,34.457955925020244,0.10275587127926983,4.935652707284339,0.1,4.913726096499906,0.02,50.0,1928186315.587454,0.001,0.05043608978768693,0.009161068716075173,0.11968506690448008,0.07207635001172047,89.89445538836385,0.007162257619964936,0.9861750387263343,0.00707357599053415,0.05043608978768693
3,0,0,0,0,33.31543796183028,0.10275587127926983,4.909216574575224,0.1,5.604393346983262,0.02,50.0,1926035175.4819875,0.001,0.051436453468271415,0.007786290417436794,0.10996152479575261,0.06611937770361502,92.15614944752049,0.0060457684677034575,0.9881524916998521,0.005975368775642283,0.051436453468271415
3,0,0,0,0,33.38845682945176,0.10275587127926983,4.916575308466576,0.1,4.707099646930144,0.02,50.0,1928160514.5714707,0.001,0.052115706737079104,0.00788515578431038,0.11057599321193885,0.06622738595315088,91.03820561031337,0.006113525137403373,0.9879810393729066,0.006041380884578032,0.052115706737079104
3,0,0,0,0,29.61032758065989,0.10275587127926983,4.935652707284339,0.1,4.3610737495677245,0.02,50.0,1932032739.1155736,0.001,0.0522702281087592,0.007902860202283323,0.11064875434833882,0.06620228400025185,90.89281555424597,0.006121573419419515,0.9879408039710345,0.006049253570148199,0.0522702281087592
3,0,0,0,0,33.36644250144158,0.10279430037687112,4.935652707284339,0.1,4.892924317789522,0.02,50.0,1928186315.587454,0.001,0.05266841562637875,0.007936056238845537,0.11091732022606311,0.0662752160206447,90.9665470768201,0.006151325963065515,0.9878995731176677,0.006077981382947482,0.05266841562637875
3,0,0,0,0,33.45289484133819,0.10271435049473164,4.916575308466576,0.1,5.301463868855787,0.02,50.0,1929979111.55664,0.001,0.05271434732052532,0.007924549694364414,0.11085794088330637,0.06626812689508763,91.8533013237844,0.006144741528443325,0.987922564585153,0.00607145712893869,0.05271434732052532
3,0,0,0,0,33.45289484133819,0.10271435049473164,4.916575308466576,0.1,5.301463868855787,0.02,50.0,1929979111.55664,0.001,0.05271434732052532,0.007924549694364414,0.11085794088330637,0.06626812689508763,91.8533013237844,0.006144741528443325,0.987922564585153,0.00607145712893869,0.05271434732052532
3,0,0,0,0,33.45289484133819,0.10271435049473164,4.916575308466576,0.1,5.301463868855787,0.02,50.0,1929979111.55664,0.001,0.05271434732052532,0.007924549694364414,0.11085794088330637,0.06626812689508763,91.8533013237844,0.006144741528443325,0.987922564585153,0.00607145712893869,0.05271434732052532
3,0,0,0,0,33.45289484133819,0.10271435049473164,4.916575308466576,0.1,5.301463868855787,0.02,50.0,1929979111.55664,0.001,0.05271434732052532,0.007924549694364414,0.11085794088330637,0.06626812689508763,91.8533013237844,0.006144741528443325,0.987922564585153,0.00607145712893869,0.05271434732052532
3,0,0,0,0,33.45289484133819,0.10271435049473164,4.916575308466576,0.1,5.301463868855787,0.02,50.0,1929979111.55664,0.001,0.05271434732052532,0.007924549694364414,0.11085794088330637,0.06626812689508763,91.8533013237844,0.006144741528443325,0.987922564585153,0.00607145712893869,0.05271434732052532
3,0,0,0,0,33.45289484133819,0.10271435049473164,4.916575308466576,0.1,5.301463868855787,0.02,50.0,1929979111.55664,0.001,0.05271434732052532,0.007924549694364414,0.11085794088330637,0.06626812689508763,91.8533013237844,0.006144741528443325,0.987922564585153,0.00607145712893869,0.05271434732052532
3,0,0,0,0,33.45289484133819,0.10271435049473164,4.916575308466576,0.1,5.301463868855787,0.02,50.0,1929979111.55664,0.001,0.05271434732052532,0.007924549694364414,0.11085794088330637,0.06626812689508763,91.8533013237844,0.006144741528443325,0.987922564585153,0.00607145712893869,0.05271434732052532
3,0,0,0,0,33.45289484133819,0.10271435049473164,4.916575308466576,0.1,5.301463868855787,0.02,50.0,1929979111.55664,0.001,0.05271434732052532,0.007924549694364414,0.11085794088330637,0.06626812689508763,91.8533013237844,0.006144741528443325,0.987922564585153,0.00607145712893869,0.05271434732052532
3,0,0,0,0,33.45289484133819,0.10271435049473164,4.916575308466576,0.1,5.336036525072663,0.02,50.0,1929979111.55664,0.001,0.052732024770043406,0.007925313447791195,0.11086441011310658,0.06627242436847759,91.8946960518425,0.006145458714863544,0.9879216921753776,0.00607214320919228,0.052732024770043406
3,0,0,0,0,33.45289484133819,0.10271435049473164,4.916575308466576,0.1,5.336036525072663,0.02,50.0,1929979111.55664,0.001,0.052732024770043406,0.007925313447791195,0.11086441011310658,0.06627242436847759,91.8946960518425,0.006145458714863544,0.9879216921753776,0.00607214320919228,0.052732024770043406
3,0,0,0,0,33.45289484133819,0.10271435049473164,4.916575308466576,0.1,5.336036525072663,0.02,50.0,1929979111.55664,0.001,0.052732024770043406,0.007925313447791195,0.11086441011310658,0.06627242436847759,91.8946960518425,0.006145458714863544,0.9879216921753776,0.00607214320919228,0.052732024770043406
3,0,0,0,0,33.45289484133819,0.10271435049473164,4.916575308466576,0.1,5.336036525072663,0.02,50.0,1929979111.55664,0.001,0.052732024770043406,0.007925313447791195,0.11086441011310658,0.06627242436847759,91.8946960518425,0.006145458714863544,0.9879216921753776,0.00607214320919228,0.052732024770043406
3,0,0,0,0,33.45289484133819,0.10271435049473164,4.916575308466576,0.1,5.336036525072663,0.02,50.0,1929979111.55664,0.001,0.052732024770043406,0.007925313447791195,0.11086441011310658,0.06627242436847759,91.8946960518425,0.006145458714863544,0.9879216921753776,0.00607214320919228,0.052732024770043406
3,0,0,0,0,33.45289484133819,0.10271435049473164,4.916575308466576,0.1,5.336036525072663,0.02,50.0,1929979111.55664,0.001,0.052732024770043406,0.007925313447791195,0.11086441011310658,0.06627242436847759,91.8946960518425,0.006145458714863544,0.9879216921753776,0.00607214320919228,0.052732024770043406
3,0,0,0,0,33.45289484133819,0.10271435049473164,4.916575308466576,0.1,5.336036525072663,0.02,50.0,1929979111.55664,0.001,0.052732024770043406,0.007925313447791195,0.11086441011310658,0.06627242436847759,91.8946960518425,0.006145458714863544,0.9879216921753776,0.00607214320919228,0.052732024770043406
3,0,0,0,0,33.45289484133819,0.10271435049473164,4.916575308466576,0.1,5.336036525072663,0.02,50.0,1929979111.55664,0.001,0.052732024770043406,0.007925313447791195,0.11086441011310658,0.06627242436847759,91.8946960518425,0.006145458714863544,0.9879216921753776,0.00607214320919228,0.052732024770043406
3,0,0,0,0,33.45289484133819,0.10271435049473164,4.916575308466576,0.1,5.336036525072663,0.02,50.0,1929979111.55664,0.001,0.052732024770043406,0.007925313447791195,0.11086441011310658,0.06627242436847759,91.8946960518425,0.006145458714863544,0.9879216921753776,0.00607214320919228,0.052732024770043406
3,0,0,0,0,33.45289484133819,0.10271435049473164,4.916575308466576,0.1,5.336036525072663,0.02,50.0,1936808721.538831,0.001,0.0540346079046754,0.008061548332181983,0.1117586088891208,0.06662785429436743,92.2989913092353,0.0062449933304157355,0.9876998233303634,0.006168694224492141,0.0540346079046754
3,0,0,0,0,30.282801290273436,0.10256172462059973,4.935652707284339,0.1,4.913726096499906,0.02,50.0,1918187471.3918204,0.001,0.054332696741927755,0.008100269083032012,0.11196908575776576,0.06667006216464344,91.21129838148127,0.006268538082714952,0.9876256919162282,0.006191605160210806,0.054332696741927755
5,0,0,0,0,79.46386793867576,0.10200650064469771,2.871813315903942,0.1,1.5875029021164022,0.02,50.0,1902366543.6670575,0.001,0.05497742564711433,0.008284911012614266,0.11151228658147691,0.06718358157673197,87.53263609704499,0.006217495029314718,0.9868911183596868,0.006143119612766076,0.05497742564711433
5,0,0,0,0,79.46386793867576,0.10200650064469771,2.871813315903942,0.1,1.5875029021164022,0.02,50.0,1902366543.6670575,0.001,0.05497742564711433,0.008284911012614266,0.11151228658147691,0.06718358157673197,87.53263609704499,0.006217495029314718,0.9868911183596868,0.006143119612766076,0.05497742564711433
3,0,0,0,0,33.835000802333404,0.10275587127926983,4.909216574575224,0.1,5.461580644532922,0.02,50.0,1920227142.879071,0.001,0.0556732476402913,0.00823957085259161,0.11289531070055753,0.06710179730803896,91.95643577983861,0.0063726755890877096,0.9874043401992326,0.006292520877005204,0.0556732476402913
1,0,0,0,0,9.929900785713508,0.1049571559330144,15.936689897655784,0.1,19.050740578047087,0.02,50.0,2044383769.1040325,0.001,0.06024818542798283,0.0165373294345278,0.1443224067577282,0.11454617128159134,1496.2227591597266,0.010414478546171575,0.969176018492641,0.01030680060250072,0.06024818542798283
1,0,0,0,0,11.108475108797537,0.10262179983445661,20.638765221329628,0.1,16.5041972776669,0.02,50.0,1959353744.6794965,0.001,0.061113720097095016,0.015876584451768514,0.14141910625150064,0.11361522774357083,1522.893281933658,0.009999681806486613,0.9704106427092404,0.009901884536227647,0.061113720097095016
1,0,0,0,0,8.710622402698945,0.10826263403363241,14.199618319317937,0.1,4.135238088826216,0.02,50.0,2055556796.4958868,0.001,0.0627161593594674,0.018274296593950023,0.15136806094686428,0.11553137270745945,1439.8125307682249,0.01145614493740681,0.9658166828741158,0.01131444443393313,0.0627161593594674
1,0,0,0,0,8.710622402698945,0.10826263403363241,14.199618319317937,0.1,4.135238088826216,0.02,50.0,2055556796.4958868,0.001,0.0627161593594674,0.018274296593950023,0.15136806094686428,0.11553137270745945,1439.8125307682249,0.01145614493740681,0.9658166828741158,0.01131444443393313,0.0627161593594674
1,0,0,0,0,8.710622402698945,0.10826263403363241,14.199618319317937,0.1,4.135238088826216,0.02,50.0,2055556796.4958868,0.001,0.0627161593594674,0.018274296593950023,0.15136806094686428,0.11553137270745945,1439.8125307682249,0.01145614493740681,0.9658166828741158,0.01131444443393313,0.0627161593594674
1,0,0,0,0,8.710622402698945,0.10826263403363241,14.199618319317937,0.1,4.135238088826216,0.02,50.0,2055556796.4958868,0.001,0.0627161593594674,0.018274296593950023,0.15136806094686428,0.11553137270745945,1439.8125307682249,0.01145614493740681,0.9658166828741158,0.01131444443393313,0.0627161593594674
1,0,0,0,0,10.292015467608097,0.1080980806187202,14.199618319317937,0.1,3.6149240411568697,0.02,50.0,2049383625.978133,0.001,0.06332851784973242,0.016803775140157066,0.145806973512478,0.11836615038446482,1532.4637748724413,0.010629836762434234,0.9687903686451563,0.01052511407954413,0.06332851784973242
1,0,0,0,0,10.292015467608097,0.10826263403363241,14.199618319317937,0.1,3.949263590610267,0.02,50.0,2055556796.4958868,0.001,0.06418701486301043,0.0168255247953054,0.14590674876207269,0.11866003637195656,1559.2156522330474,0.0106443896671593,0.9687518265723537,0.010540170508076669,0.06418701486301043
1,0,0,0,0,10.292015467608097,0.10826263403363241,14.199618319317937,0.1,3.949263590610267,0.02,50.0,2055556796.4958868,0.001,0.06418701486301043,0.0168255247953054,0.14590674876207269,0.11866003637195656,1559.2156522330474,0.0106443896671593,0.9687518265723537,0.010540170508076669,0.06418701486301043
1,0,0,0,0,10.292015467608097,0.10826263403363241,14.199618319317937,0.1,3.949263590610267,0.02,50.0,2055556796.4958868,0.001,0.06418701486301043,0.0168255247953054,0.14590674876207269,0.11866003637195656,1559.2156522330474,0.0106443896671593,0.9687518265723537,0.010540170508076669,0.06418701486301043
1,0,0,0,0,10.292015467608097,0.10826263403363241,14.199618319317937,0.1,3.949263590610267,0.02,50.0,2055556796.4958868,0.001,0.06418701486301043,0.0168255247953054,0.14590674876207269,0.11866003637195656,1559.2156522330474,0.0106443896671593,0.9687518265723537,0.010540170508076669,0.06418701486301043
1,0,0,0,0,10.292015467608097,0.10826263403363241,14.199618319317937,0.1,3.949263590610267,0.02,50.0,2055556796.4958868,0.001,0.06418701486301043,0.0168255247953054,0.14590674876207269,0.11866003637195656,1559.2156522330474,0.0106443896671593,0.9687518265723537,0.010540170508076669,0.06418701486301043
1,0,0,0,0,10.292015467608097,0.10826263403363241,14.199618319317937,0.1,3.949263590610267,0.02,50.0,2055556796.4958868,0.001,0.06418701486301043,0.0168255247953054,0.14590674876207269,0.11866003637195656,1559.2156522330474,0.0106443896671593,0.9687518265723537,0.010540170508076669,0.06418701486301043
1,0,0,0,0,10.292015467608097,0.10826263403363241,14.199618319317937,0.1,3.949263590610267,0.02,50.0,2055556796.4958868,0.001,0.06418701486301043,0.0168255247953054,0.14590674876207269,0.11866003637195656,1559.2156522330474,0.0106443896671593,0.9687518265723537,0.010540170508076669,0.06418701486301043
1,0,0,0,0,10.292015467608097,0.10826263403363241,14.199618319317937,0.1,3.949263590610267,0.02,50.0,2055556796.4958868,0.001,0.06418701486301043,0.0168255247953054,0.14590674876207269,0.11866003637195656,1559.2156522330474,0.0106443896671593,0.9687518265723537,0.010540170508076669,0.06418701486301043
1,0,0,0,0,10.292015467608097,0.10826263403363241,14.199618319317937,0.1,3.949263590610267,0.02,50.0,2055556796.4958868,0.001,0.06418701486301043,0.0168255247953054,0.14590674876207269,0.11866003637195656,1559.2156522330474,0.0106443896671593,0.9687518265723537,0.010540170508076669,0.06418701486301043
1,0,0,0,0,10.292015467608097,0.10826263403363241,14.199618319317937,0.1,3.949263590610267,0.02,50.0,2055556796.4958868,0.001,0.06418701486301043,0.0168255247953054,0.14590674876207269,0.11866003637195656,1559.2156522330474,0.0106443896671593,0.9687518265723537,0.010540170508076669,0.06418701486301043
1,0,0,0,0,10.292015467608097,0.10826263403363241,14.199618319317937,0.1,3.949263590610267,0.02,50.0,2055556796.4958868,0.001,0.06418701486301043,0.0168255247953054,0.14590674876207269,0.11866003637195656,1559.2156522330474,0.0106443896671593,0.9687518265723537,0.010540170508076669,0.06418701486301043
1,0,0,0,0,10.292015467608097,0.10826263403363241,14.199618319317937,0.1,3.949263590610267,0.02,50.0,2055556796.4958868,0.001,0.06418701486301043,0.0168255247953054,0.14590674876207269,0.11866003637195656,1559.2156522330474,0.0106443896671593,0.9687518265723537,0.010540170508076669,0.06418701486301043
1,0,0,0,0,10.292015467608097,0.10826263403363241,14.199618319317937,0.1,3.949263590610267,0.02,50.0,2055556796.4958868,0.001,0.06418701486301043,0.0168255247953054,0.14590674876207269,0.11866003637195656,1559.2156522330474,0.0106443896671593,0.9687518265723537,0.010540170508076669,0.06418701486301043
1,0,0,0,0,10.292015467608097,0.10826263403363241,14.199618319317937,0.1,3.949263590610267,0.02,50.0,2055556796.4958868,0.001,0.06418701486301043,0.0168255247953054,0.14590674876207269,0.11866003637195656,1559.2156522330474,0.0106443896671593,0.9687518265723537,0.010540170508076669,0.06418701486301043
1,0,0,0,0,10.292015467608097,0.10826263403363241,14.199618319317937,0.1,3.949263590610267,0.02,50.0,2055556796.4958868,0.001,0.06418701486301043,0.0168255247953054,0.14590674876207269,0.11866003637195656,1559.2156522330474,0.0106443896671593,0.9687518265723537,0.010540170508076669,0.06418701486301043
1,0,0,0,0,10.292015467608097,0.10826263403363241,14.199618319317937,0.1,3.949263590610267,0.02,50.0,2055556796.4958868,0.001,0.06418701486301043,0.0168255247953054,0.14590674876207269,0.11866003637195656,1559.2156522330474,0.0106443896671593,0.9687518265723537,0.010540170508076669,0.06418701486301043
1,0,0,0,0,10.292015467608097,0.10826263403363241,14.199618319317937,0.1,3.949263590610267,0.02,50.0,2055556796.4958868,0.001,0.06418701486301043,0.0168255247953054,0.14590674876207269,0.11866003637195656,1559.2156522330474,0.0106443896671593,0.9687518265723537,0.010540170508076669,0.06418701486301043
4,0,0,0,0,71.31772999219127,0.10838274048267257,4.212878370293715,0.1,14.060646494016142,0.02,50.0,1961464298.529127,0.001,0.06582415920881687,0.007075012059287339,0.09632483477879471,0.062444421790542055,101.95341199883559,0.004639236897581049,0.987241512563398,0.004610264730576351,0.06582415920881687
1,0,0,0,0,12.136664455644494,0.10658922927887306,24.03748194012736,0.1,0.9154377850692234,0.02,50.0,1945520630.6776578,0.001,0.06744236143521498,0.015795529993815074,0.14142732540121228,0.11751867269710556,1640.276639584134,0.010000844185070194,0.9706835364524469,0.0099149931342331,0.06744236143521498
1,0,0,0,0,13.464713934698661,0.10124281773945534,16.672280066795196,0.1,14.759439813369841,0.02,50.0,1932910207.8588703,0.001,0.06783987367405309,0.014582334065371598,0.1354779638670052,0.11266514993293499,1674.7293520534279,0.009177139346774783,0.9728055449245692,0.009100170562536234,0.06783987367405309
1,0,0,0,0,13.122396536836119,0.10186546741650855,28.71166469365312,0.1,9.540955645994845,0.02,50.0,2069654515.8646085,0.001,0.0683615859534013,0.017415454795145516,0.14822209984318427,0.12096548505157978,1674.596005687105,0.010984895440961442,0.9675799067117583,0.010873835650152474,0.0683615859534013
1,0,0,0,0,13.951693473370739,0.10056534066919764,16.921292049690734,0.1,10.841788294627882,0.02,50.0,1929317257.870069,0.001,0.06893090140533886,0.014406523902214904,0.13465853665699026,0.11260572911606818,1697.558838558336,0.009066460747300994,0.9731333287363193,0.008991814356150825,0.06893090140533886
1,0,0,0,0,13.951693473370739,0.10056534066919764,16.921292049690734,0.1,10.841788294627882,0.02,50.0,1929317257.870069,0.001,0.06893090140533886,0.014406523902214904,0.13465853665699026,0.11260572911606818,1697.558838558336,0.009066460747300994,0.9731333287363193,0.008991814356150825,0.06893090140533886
1,0,0,0,0,13.951693473370739,0.10056534066919764,16.921292049690734,0.1,10.841788294627882,0.02,50.0,1929317257.870069,0.001,0.06893090140533886,0.014406523902214904,0.13465853665699026,0.11260572911606818,1697.558838558336,0.009066460747300994,0.9731333287363193,0.008991814356150825,0.06893090140533886
3,0,0,0,0,79.13703370785349,0.10996046301061296,4.640232677619605,0.1,3.869133416298328,0.02,50.0,2056057843.5656445,0.001,0.06995875261592527,0.008034347032255853,0.1026861825285558,0.06648973037973065,97.74437452264937,0.0052722260411439395,0.985520703988483,0.005234292473190183,0.06995875261592527
5,0,0,0,0,61.91095905544435,0.10390047905539081,4.28890023317723,0.1,18.336582383617387,0.02,50.0,1961973762.7703547,0.001,0.07022644682474265,0.007954507807170226,0.10180538821689955,0.06516275669872576,102.87539826003338,0.005182168534996815,0.9855767005577585,0.005145221076461075,0.07022644682474265
4,0,0,0,0,29.945184072305263,0.10266962840466538,3.8466742061373402,0.1,5.198195903299961,0.02,50.0,1928160514.5714707,0.001,0.07103677001430339,0.013181067394008122,0.134284563662784,0.10245078933608504,123.7307663764704,0.009016172019052145,0.9771008433977613,0.008945436056859699,0.07103677001430339
4,0,0,0,0,29.945184072305263,0.10266962840466538,3.8466742061373402,0.1,5.198195903299961,0.02,50.0,1928160514.5714707,0.001,0.07103677001430339,0.013181067394008122,0.134284563662784,0.10245078933608504,123.7307663764704,0.009016172019052145,0.9771008433977613,0.008945436056859699,0.07103677001430339
1,0,0,0,0,13.879517196908564,0.1066595551000105,25.030975760920892,0.1,3.15989743347614,0.02,50.0,1903108672.0476089,0.001,0.07135216706129155,0.015319474283406475,0.13955269563580008,0.11863069354134226,1710.294529335788,0.009737477429609129,0.9716558663910664,0.009662891169701805,0.07135216706129155
1,0,0,0,0,13.879517196908564,0.1066595551000105,25.030975760920892,0.1,3.15989743347614,0.02,50.0,1903108672.0476089,0.001,0.07135216706129155,0.015319474283406475,0.13955269563580008,0.11863069354134226,1710.294529335788,0.009737477429609129,0.9716558663910664,0.009662891169701805,0.07135216706129155
1,0,0,0,0,13.879517196908564,0.1066595551000105,25.030975760920892,0.1,3.15989743347614,0.02,50.0,1903108672.0476089,0.001,0.07135216706129155,0.015319474283406475,0.13955269563580008,0.11863069354134226,1710.294529335788,0.009737477429609129,0.9716558663910664,0.009662891169701805,0.07135216706129155
1,0,0,0,0,13.879517196908564,0.1066595551000105,25.030975760920892,0.1,3.15989743347614,0.02,50.0,1903108672.0476089,0.001,0.07135216706129155,0.015319474283406475,0.13955269563580008,0.11863069354134226,1710.294529335788,0.009737477429609129,0.9716558663910664,0.009662891169701805,0.07135216706129155
1,0,0,0,0,13.879517196908564,0.1066595551000105,25.030975760920892,0.1,3.15989743347614,0.02,50.0,1903108672.0476089,0.001,0.07135216706129155,0.015319474283406475,0.13955269563580008,0.11863069354134226,1710.294529335788,0.009737477429609129,0.9716558663910664,0.009662891169701805,0.07135216706129155
1,0,0,0,0,13.614007133584654,0.10872925090879795,19.030628548081445,0.1,7.807980219033164,0.02,50.0,1905830963.06021,0.001,0.07160793206237442,0.015537162956375162,0.14020489952269635,0.11844363379934703,1726.6681351736945,0.00982870692508469,0.9711431063039471,0.009749690675956654,0.07160793206237442
1,0,0,0,0,13.614007133584654,0.10872925090879795,19.030628548081445,0.1,7.807980219033164,0.02,50.0,1905830963.06021,0.001,0.07160793206237442,0.015537162956375162,0.14020489952269635,0.11844363379934703,1726.6681351736945,0.00982870692508469,0.9711431063039471,0.009749690675956654,0.07160793206237442
1,0,0,0,0,13.614007133584654,0.10872925090879795,19.030628548081445,0.1,7.807980219033164,0.02,50.0,1905830963.06021,0.001,0.07160793206237442,0.015537162956375162,0.14020489952269635,0.11844363379934703,1726.6681351736945,0.00982870692508469,0.9711431063039471,0.009749690675956654,0.07160793206237442
1,0,0,0,0,13.614007133584654,0.10872925090879795,19.030628548081445,0.1,7.807980219033164,0.02,50.0,1905830963.06021,0.001,0.07160793206237442,0.015537162956375162,0.14020489952269635,0.11844363379934703,1726.6681351736945,0.00982870692508469,0.9711431063039471,0.009749690675956654,0.07160793206237442
1,0,0,0,0,13.614007133584654,0.10872925090879795,19.030628548081445,0.1,7.807980219033164,0.02,50.0,1905830963.06021,0.001,0.07160793206237442,0.015537162956375162,0.14020489952269635,0.11844363379934703,1726.6681351736945,0.00982870692508469,0.9711431063039471,0.009749690675956654,0.07160793206237442
1,0,0,0,0,13.614007133584654,0.10872925090879795,19.030628548081445,0.1,7.807980219033164,0.02,50.0,1905830963.06021,0.001,0.07160793206237442,0.015537162956375162,0.14020489952269635,0.11844363379934703,1726.6681351736945,0.00982870692508469,0.9711431063039471,0.009749690675956654,0.07160793206237442
1,0,0,0,0,13.614007133584654,0.10872925090879795,19.030628548081445,0.1,7.807980219033164,0.02,50.0,1905830963.06021,0.001,0.07160793206237442,0.015537162956375162,0.14020489952269635,0.11844363379934703,1726.6681351736945,0.00982870692508469,0.9711431063039471,0.009749690675956654,0.07160793206237442
1,0,0,0,0,13.614007133584654,0.10872925090879795,19.030628548081445,0.1,7.807980219033164,0.02,50.0,1905830963.06021,0.001,0.07160793206237442,0.015537162956375162,0.14020489952269635,0.11844363379934703,1726.6681351736945,0.00982870692508469,0.9711431063039471,0.009749690675956654,0.07160793206237442
1,0,0,0,0,13.614007133584654,0.10872925090879795,19.030628548081445,0.1,7.807980219033164,0.02,50.0,1905830963.06021,0.001,0.07160793206237442,0.015537162956375162,0.14020489952269635,0.11844363379934703,1726.6681351736945,0.00982870692508469,0.9711431063039471,0.009749690675956654,0.07160793206237442
1,0,0,0,0,13.614007133584654,0.10872925090879795,19.030628548081445,0.1,7.807980219033164,0.02,50.0,1905830963.06021,0.001,0.07160793206237442,0.015537162956375162,0.14020489952269635,0.11844363379934703,1726.6681351736945,0.00982870692508469,0.9711431063039471,0.009749690675956654,0.07160793206237442
1,0,0,0,0,13.614007133584654,0.10872925090879795,19.030628548081445,0.1,7.807980219033164,0.02,50.0,1905830963.06021,0.001,0.07160793206237442,0.015537162956375162,0.14020489952269635,0.11844363379934703,1726.6681351736945,0.00982870692508469,0.9711431063039471,0.009749690675956654,0.07160793206237442
1,0,0,0,0,13.614007133584654,0.10872925090879795,19.030628548081445,0.1,7.807980219033164,0.02,50.0,1905830963.06021,0.001,0.07160793206237442,0.015537162956375162,0.14020489952269635,0.11844363379934703,1726.6681351736945,0.00982870692508469,0.9711431063039471,0.009749690675956654,0.07160793206237442
1,0,0,0,0,13.614007133584654,0.10872925090879795,19.030628548081445,0.1,7.807980219033164,0.02,50.0,1905830963.06021,0.001,0.07160793206237442,0.015537162956375162,0.14020489952269635,0.11844363379934703,1726.6681351736945,0.00982870692508469,0.9711431063039471,0.009749690675956654,0.07160793206237442
1,0,0,0,0,13.614007133584654,0.10872925090879795,19.030628548081445,0.1,7.807980219033164,0.02,50.0,1905830963.06021,0.001,0.07160793206237442,0.015537162956375162,0.14020489952269635,0.11844363379934703,1726.6681351736945,0.00982870692508469,0.9711431063039471,0.009749690675956654,0.07160793206237442
1,0,0,0,0,13.614007133584654,0.10872925090879795,19.030628548081445,0.1,7.807980219033164,0.02,50.0,1905830963.06021,0.001,0.07160793206237442,0.015537162956375162,0.14020489952269635,0.11844363379934703,1726.6681351736945,0.00982870692508469,0.9711431063039471,0.009749690675956654,0.07160793206237442
1,0,0,0,0,13.818821430441973,0.10130317186560422,15.818145392943578,0.1,4.308363880709963,0.02,50.0,2045936534.034351,0.001,0.07194774471769336,0.014337479555008751,0.13468663363664407,0.11484752202152802,1740.1473470957235,0.00907024464018579,0.9733723056437377,0.009002670501197296,0.07194774471769336
1,0,0,0,0,13.614007133584654,0.10872925090879795,18.812559310850155,0.1,7.807980219033164,0.02,50.0,1909969729.2423363,0.001,0.0723965495639669,0.015657858710277257,0.1407884238937202,0.11911804631139873,1744.6224629534822,0.009910690151238924,0.9709320813186333,0.009831322378483052,0.0723965495639669
4,0,0,0,0,29.038912397034796,0.10266962840466538,4.390434428854933,0.1,5.198195903299961,0.02,50.0,1928160514.5714707,0.001,0.07248368579580215,0.008953098194148912,0.10738290064165461,0.06846391114620858,101.51135737734384,0.0057655436751077324,0.983609274594755,0.005718858735023428,0.07248368579580215
5,0,0,0,0,32.79730229299665,0.10171863867586152,4.327101698599041,0.1,2.5516563039952964,0.02,50.0,1945190723.4179344,0.001,0.07361128843616482,0.013006728850515074,0.12934106953154595,0.09508732322249631,111.31243494990102,0.0083645561337821,0.9761615348104413,0.008295097652371292,0.07361128843616482
1,0,0,0,0,19.194323057982867,0.10227876087641695,16.07491580597275,0.1,5.021795275842031,0.02,50.0,1918089190.6299245,0.001,0.07408519328446991,0.02297376199781835,0.16992329933997447,0.13471599452975894,1789.0131308218304,0.014436963829291284,0.9571070422756185,0.014222464110992773,0.07408519328446991
1,0,0,0,0,14.481931396443212,0.10512571215669146,26.391773928621795,0.1,5.023275535557065,0.02,50.0,2042759328.7803347,0.001,0.07596598025638923,0.014638174305940244,0.13608797885210075,0.11709002060315299,1820.9119347362598,0.009259968994024911,0.9728126799662573,0.009192832765459447,0.07596598025638923
1,0,0,0,0,14.481931396443212,0.10512571215669146,26.391773928621795,0.1,5.023275535557065,0.02,50.0,2042759328.7803347,0.001,0.07596598025638923,0.014638174305940244,0.13608797885210075,0.11709002060315299,1820.9119347362598,0.009259968994024911,0.9728126799662573,0.009192832765459447,0.07596598025638923
1,0,0,0,0,14.481931396443212,0.10512571215669146,26.391773928621795,0.1,5.023275535557065,0.02,50.0,2042759328.7803347,0.001,0.07596598025638923,0.014638174305940244,0.13608797885210075,0.11709002060315299,1820.9119347362598,0.009259968994024911,0.9728126799662573,0.009192832765459447,0.07596598025638923
1,0,0,0,0,14.481931396443212,0.10512571215669146,26.391773928621795,0.1,5.023275535557065,0.02,50.0,2042759328.7803347,0.001,0.07596598025638923,0.014638174305940244,0.13608797885210075,0.11709002060315299,1820.9119347362598,0.009259968994024911,0.9728126799662573,0.009192832765459447,0.07596598025638923
3,0,0,0,0,42.909584223665554,0.1068932162087914,6.3368029167500906,0.1,18.92537249593759,0.02,50.0,2066598973.4326715,0.001,0.0768895542507837,0.007126148432253558,0.0954733146612664,0.0619046857205833,104.25684722242534,0.004557576906204594,0.9868805180069655,0.0045241350385734035,0.0768895542507837
3,0,0,0,0,49.334365675453334,0.10911511460098826,4.502087215157083,0.1,3.1602878545034345,0.02,50.0,2035856262.4160872,0.001,0.07812930877669298,0.008099767355828753,0.10148827562155935,0.06496271880275713,100.2923225539879,0.005149935044318799,0.9850172905839814,0.005111001720795334,0.07812930877669298
1,0,0,0,0,16.80766718231879,0.10456225867209294,22.211756055932455,0.1,10.40389285221729,0.02,50.0,2094245021.861389,0.001,0.07856381925520053,0.01624536351842915,0.14297003387211724,0.12144976920990636,1934.8357637143135,0.010220215292697177,0.9696959572881962,0.010136303297005397,0.07856381925520053
4,0,0,0,0,74.81240061171998,0.10094558909402124,4.883250089438773,0.1,13.21149477001509,0.02,50.0,1982820294.6725633,0.001,0.07907061186645004,0.01444417887259907,0.1527410932508409,0.08761921205169879,101.59637497367835,0.011664920783731035,0.9790708855867089,0.011410294844149238,0.07907061186645004
4,0,0,0,0,74.81240061171998,0.10094558909402124,4.883250089438773,0.1,13.21149477001509,0.02,50.0,1982820294.6725633,0.001,0.07907061186645004,0.01444417887259907,0.1527410932508409,0.08761921205169879,101.59637497367835,0.011664920783731035,0.9790708855867089,0.011410294844149238,0.07907061186645004
4,0,0,0,0,74.81240061171998,0.10094558909402124,4.883250089438773,0.1,13.21149477001509,0.02,50.0,1982820294.6725633,0.001,0.07907061186645004,0.01444417887259907,0.1527410932508409,0.08761921205169879,101.59637497367835,0.011664920783731035,0.9790708855867089,0.011410294844149238,0.07907061186645004
4,0,0,0,0,74.81240061171998,0.10094558909402124,4.883250089438773,0.1,13.21149477001509,0.02,50.0,1982820294.6725633,0.001,0.07907061186645004,0.01444417887259907,0.1527410932508409,0.08761921205169879,101.59637497367835,0.011664920783731035,0.9790708855867089,0.011410294844149238,0.07907061186645004
4,0,0,0,0,74.81240061171998,0.10094558909402124,4.883250089438773,0.1,13.21149477001509,0.02,50.0,1982820294.6725633,0.001,0.07907061186645004,0.01444417887259907,0.1527410932508409,0.08761921205169879,101.59637497367835,0.011664920783731035,0.9790708855867089,0.011410294844149238,0.07907061186645004
5,0,0,0,0,50.13810927304922,0.10012845757134602,2.9383691881969964,0.1,12.282718797683954,0.02,50.0,2028103162.6599195,0.001,0.0793158942917015,0.01542465988263315,0.14488460419594154,0.11083370073894135,139.25161200621326,0.010495774266507319,0.9730746070130732,0.01039665221095469,0.0793158942917015
5,0,0,0,0,50.13810927304922,0.10012845757134602,2.9383691881969964,0.1,12.282718797683954,0.02,50.0,2028103162.6599195,0.001,0.0793158942917015,0.01542465988263315,0.14488460419594154,0.11083370073894135,139.25161200621326,0.010495774266507319,0.9730746070130732,0.01039665221095469,0.0793158942917015
1,0,0,0,0,20.516635159709892,0.10941452104817684,22.806302432774164,0.1,9.014786700879204,0.02,50.0,1908362749.3448,0.001,0.07970128234821688,0.021498116685916814,0.16411276975787328,0.1334148586525943,1990.5875876912874,0.013466500598800364,0.9597614457774781,0.013300357721244622,0.07970128234821688
1,0,0,0,0,17.40051403146356,0.10633289823535594,28.212817212566033,0.1,1.209399088229792,0.02,50.0,2016567774.7964365,0.001,0.08009164470965252,0.016487761434316555,0.14440699322524975,0.1240396943637804,1950.4241849970342,0.010426689846178665,0.9693697381933617,0.010346049071084894,0.08009164470965252
1,0,0,0,0,17.40051403146356,0.10633289823535594,28.212817212566033,0.1,1.209399088229792,0.02,50.0,2016567774.7964365,0.001,0.08009164470965252,0.016487761434316555,0.14440699322524975,0.1240396943637804,1950.4241849970342,0.010426689846178665,0.9693697381933617,0.010346049071084894,0.08009164470965252
1,0,0,0,0,17.40051403146356,0.10633289823535594,28.212817212566033,0.1,1.209399088229792,0.02,50.0,2016567774.7964365,0.001,0.08009164470965252,0.016487761434316555,0.14440699322524975,0.1240396943637804,1950.4241849970342,0.010426689846178665,0.9693697381933617,0.010346049071084894,0.08009164470965252
1,0,0,0,0,17.40051403146356,0.10633289823535594,28.212817212566033,0.1,1.209399088229792,0.02,50.0,2016567774.7964365,0.001,0.08009164470965252,0.016487761434316555,0.14440699322524975,0.1240396943637804,1950.4241849970342,0.010426689846178665,0.9693697381933617,0.010346049071084894,0.08009164470965252
1,0,0,0,0,17.40051403146356,0.10633289823535594,28.212817212566033,0.1,1.209399088229792,0.02,50.0,2016567774.7964365,0.001,0.08009164470965252,0.016487761434316555,0.14440699322524975,0.1240396943637804,1950.4241849970342,0.010426689846178665,0.9693697381933617,0.010346049071084894,0.08009164470965252
1,0,0,0,0,17.40051403146356,0.10633289823535594,28.212817212566033,0.1,1.209399088229792,0.02,50.0,2016567774.7964365,0.001,0.08009164470965252,0.016487761434316555,0.14440699322524975,0.1240396943637804,1950.4241849970342,0.010426689846178665,0.9693697381933617,0.010346049071084894,0.08009164470965252
1,0,0,0,0,17.40051403146356,0.10633289823535594,28.212817212566033,0.1,1.209399088229792,0.02,50.0,2016567774.7964365,0.001,0.08009164470965252,0.016487761434316555,0.14440699322524975,0.1240396943637804,1950.4241849970342,0.010426689846178665,0.9693697381933617,0.010346049071084894,0.08009164470965252
1,0,0,0,0,17.40051403146356,0.10633289823535594,28.212817212566033,0.1,1.209399088229792,0.02,50.0,2016567774.7964365,0.001,0.08009164470965252,0.016487761434316555,0.14440699322524975,0.1240396943637804,1950.4241849970342,0.010426689846178665,0.9693697381933617,0.010346049071084894,0.08009164470965252
4,0,0,0,0,26.945734397550286,0.10194942639559121,4.8995621088595405,0.1,4.065230236529608,0.02,50.0,2046291356.6733615,0.001,0.08045223698648107,0.014637627743517918,0.15204253913189386,0.08734494919155175,101.03044698906056,0.011558466852836737,0.9781776635115593,0.011307393904529457,0.08045223698648107
5,0,0,0,0,41.38941556603934,0.10926916255449533,4.851323654272135,0.1,15.217774134826923,0.02,50.0,2015074967.4780784,0.001,0.08110597391014357,0.012912625322145524,0.14261608622956864,0.08089864927169979,104.71702139283627,0.010169674025719878,0.9806871549861946,0.009956037257937003,0.08110597391014357
1,0,0,0,0,18.668813033900545,0.10403890139575817,17.839324330098485,0.1,13.110288959518732,0.02,50.0,2011286744.7234728,0.001,0.08125518395135645,0.016539929741492994,0.14475046844451742,0.12486521997369777,1969.0717421616253,0.010476349057453614,0.9693117153290818,0.010396197965208687,0.08125518395135645
4,0,0,0,0,75.31799248941023,0.10094558909402124,4.883250089438773,0.1,13.21149477001509,0.02,50.0,1982820294.6725633,0.001,0.08128888034152576,0.014722368640620612,0.15410528328717937,0.08838078671322644,102.0455208470156,0.011874219168510905,0.9786319492577901,0.011607339488041907,0.08128888034152576
1,0,0,0,0,17.21187694197282,0.10244362472988129,18.94871672106168,0.1,10.834407031334509,0.02,50.0,2053295607.2821398,0.001,0.08284755098573277,0.01469966306709448,0.1361604487674893,0.11791753079569957,1961.4293833393644,0.00926983390428204,0.9726307355530098,0.009201852700625686,0.08284755098573277
1,0,0,0,0,17.21187694197282,0.10244362472988129,18.94871672106168,0.1,10.834407031334509,0.02,50.0,2053295607.2821398,0.001,0.08284755098573277,0.01469966306709448,0.1361604487674893,0.11791753079569957,1961.4293833393644,0.00926983390428204,0.9726307355530098,0.009201852700625686,0.08284755098573277
1,0,0,0,0,17.21187694197282,0.10244362472988129,18.94871672106168,0.1,10.834407031334509,0.02,50.0,2053295607.2821398,0.001,0.08284755098573277,0.01469966306709448,0.1361604487674893,0.11791753079569957,1961.4293833393644,0.00926983390428204,0.9726307355530098,0.009201852700625686,0.08284755098573277
1,0,0,0,0,17.21187694197282,0.10244362472988129,18.94871672106168,0.1,10.834407031334509,0.02,50.0,2053295607.2821398,0.001,0.08284755098573277,0.01469966306709448,0.1361604487674893,0.11791753079569957,1961.4293833393644,0.00926983390428204,0.9726307355530098,0.009201852700625686,0.08284755098573277
1,0,0,0,0,17.21187694197282,0.10244362472988129,18.94871672106168,0.1,10.834407031334509,0.02,50.0,2053295607.2821398,0.001,0.08284755098573277,0.01469966306709448,0.1361604487674893,0.11791753079569957,1961.4293833393644,0.00926983390428204,0.9726307355530098,0.009201852700625686,0.08284755098573277
1,0,0,0,0,19.8398216680326,0.10776304769688322,21.383033928374033,0.1,7.741121271939324,0.02,50.0,1934599563.9160268,0.001,0.08325090107178346,0.016403072107852544,0.14378513704322948,0.12386566361724914,2046.2559924996924,0.010337082817270143,0.9694429528807885,0.010257049821226417,0.08325090107178346
2,0,0,0,0,5.282763790574471,0.10722210060474159,15.47257004671211,0.1,7.507324511492648,0.02,50.0,2015274930.7711716,0.001,0.08347892801663864,0.016930782703279933,0.1467575561097423,0.11939502295642274,1414.166714019708,0.01076889013765208,0.9686914679769217,0.010678484635054893,0.08347892801663864
2,0,0,0,0,5.282763790574471,0.10722210060474159,15.47257004671211,0.1,7.507324511492648,0.02,50.0,2015274930.7711716,0.001,0.08347892801663864,0.016930782703279933,0.1467575561097423,0.11939502295642274,1414.166714019708,0.01076889013765208,0.9686914679769217,0.010678484635054893,0.08347892801663864
2,0,0,0,0,5.282763790574471,0.10722210060474159,15.47257004671211,0.1,7.507324511492648,0.02,50.0,2015274930.7711716,0.001,0.08347892801663864,0.016930782703279933,0.1467575561097423,0.11939502295642274,1414.166714019708,0.01076889013765208,0.9686914679769217,0.010678484635054893,0.08347892801663864
1,0,0,0,0,16.199702145309356,0.10691405604881138,18.299030268783667,0.1,17.86971855017085,0.02,50.0,2098323482.7454832,0.001,0.08391445632120348,0.0150823720135989,0.13826938966806435,0.12074938781852435,1979.5055570603167,0.009559212059589511,0.9720302547603792,0.00949350856178733,0.08391445632120348
3,0,0,0,0,30.844785714135522,0.10284313512666643,4.722939041622752,0.1,5.860448964066765,0.02,50.0,1924080960.752259,0.001,0.08434794648806869,0.008954972211307376,0.10664483935280088,0.06708010921942015,95.43959924876543,0.005686560880292353,0.9834187346829909,0.0056384701778227145,0.08434794648806869
3,0,0,0,0,30.844785714135522,0.10275587127926983,4.722939041622752,0.1,5.860448964066765,0.02,50.0,1929788178.6651857,0.001,0.0847661031119906,0.009032389617901797,0.10709637918352194,0.06729353208622396,95.80437725335312,0.005734817217110355,0.9832732747802515,0.005685957076209882,0.0847661031119906
1,0,0,0,0,20.265846140509964,0.10902464168242101,25.216982724325447,0.1,14.149406309696081,0.02,50.0,1961678297.2096386,0.001,0.08499211981084612,0.01638272043699555,0.14375180843270066,0.124397591850611,2088.6933674807283,0.010332291213835935,0.969499611375632,0.010254710582292834,0.08499211981084612
1,0,0,0,0,21.327453501291583,0.1079243229761803,24.921048354339632,0.1,9.549851748021727,0.02,50.0,1952687916.97497,0.001,0.08572143631636964,0.016323420324124024,0.1436413684542262,0.12474480079971116,2097.189969266646,0.010316421365701385,0.9696602487728898,0.010241272305432713,0.08572143631636964
1,0,0,0,0,21.327453501291583,0.1079243229761803,24.921048354339632,0.1,9.549851748021727,0.02,50.0,1952687916.97497,0.001,0.08572143631636964,0.016323420324124024,0.1436413684542262,0.12474480079971116,2097.189969266646,0.010316421365701385,0.9696602487728898,0.010241272305432713,0.08572143631636964
1,0,0,0,0,21.327453501291583,0.1079243229761803,24.921048354339632,0.1,9.549851748021727,0.02,50.0,1952687916.97497,0.001,0.08572143631636964,0.016323420324124024,0.1436413684542262,0.12474480079971116,2097.189969266646,0.010316421365701385,0.9696602487728898,0.010241272305432713,0.08572143631636964
1,0,0,0,0,21.327453501291583,0.1079243229761803,24.921048354339632,0.1,9.549851748021727,0.02,50.0,1952687916.97497,0.001,0.08572143631636964,0.016323420324124024,0.1436413684542262,0.12474480079971116,2097.189969266646,0.010316421365701385,0.9696602487728898,0.010241272305432713,0.08572143631636964
1,0,0,0,0,21.327453501291583,0.1079243229761803,24.921048354339632,0.1,9.549851748021727,0.02,50.0,1952687916.97497,0.001,0.08572143631636964,0.016323420324124024,0.1436413684542262,0.12474480079971116,2097.189969266646,0.010316421365701385,0.9696602487728898,0.010241272305432713,0.08572143631636964
1,0,0,0,0,21.327453501291583,0.1079243229761803,24.921048354339632,0.1,9.549851748021727,0.02,50.0,1952687916.97497,0.001,0.08572143631636964,0.016323420324124024,0.1436413684542262,0.12474480079971116,2097.189969266646,0.010316421365701385,0.9696602487728898,0.010241272305432713,0.08572143631636964
3,0,0,0,0,30.588772112161955,0.10279430037687112,4.548855936065238,0.1,4.913726096499906,0.02,50.0,1934680366.4463165,0.001,0.085792607358557,0.009307444476397895,0.10865317433632685,0.06817941742685096,98.07090398189993,0.005902756146680118,0.9827482827542606,0.005851342234954705,0.085792607358557
3,0,0,0,0,30.712211362145727,0.10275587127926983,4.785511043264571,0.1,5.699621169967109,0.02,50.0,1932382121.2373452,0.001,0.0858734274991637,0.009225316109793338,0.10820943605735606,0.06783864571949419,94.76016865460312,0.005854641025925514,0.9829097753611817,0.005803823673190007,0.0858734274991637
3,0,0,0,0,30.588772112161955,0.10285972636442832,4.70200721599177,0.1,5.429186004127088,0.02,50.0,1928160514.5714707,0.001,0.08606079231294443,0.009288973983605175,0.1085656252163412,0.06804579924513629,95.71540242246968,0.005893247489307529,0.982787664196367,0.005841853070714325,0.08606079231294443
3,0,0,0,0,30.588772112161955,0.10275587127926983,4.391508733856955,0.1,4.589744719847531,0.02,50.0,1934572029.7077303,0.001,0.08613512133004514,0.009436567420408742,0.10937115771972296,0.0685760842915541,100.76789754690392,0.005981025070476258,0.9825005004297488,0.005928420954759131,0.08613512133004514
3,0,0,0,0,30.588772112161955,0.10279430037687112,4.541064191401262,0.1,5.042495444070123,0.02,50.0,1928186315.587454,0.001,0.08689345906314368,0.00950264574341931,0.10976281023756905,0.06866685585979698,98.03555287544853,0.006023937255624296,0.982380367785059,0.005970456116268075,0.08689345906314368
3,0,0,0,0,30.588772112161955,0.10275587127926983,4.379506874348319,0.1,4.913726096499906,0.02,50.0,1928160514.5714707,0.001,0.08715662292483453,0.00960451863237526,0.1103245401151126,0.06894199713813684,100.86182216599364,0.006085752075805544,0.9821850260689621,0.006031290129187206,0.08715662292483453
3,0,0,0,0,30.588772112161955,0.10275587127926983,4.432230873094058,0.1,5.112965121561401,0.02,50.0,1928160514.5714707,0.001,0.08724926158468124,0.009593814643050879,0.11027081022168575,0.0688836845907114,99.98825676437278,0.0060798257934735166,0.9822068780412686,0.006025403318218192,0.08724926158468124
3,0,0,0,0,30.588772112161955,0.10279430037687112,4.707675346774183,0.1,4.913726096499906,0.02,50.0,1928186315.587454,0.001,0.08730391280169142,0.009548232295095594,0.1100315125413965,0.06879687161087458,95.17654811121699,0.006053466876073747,0.9822973150605201,0.005999494243209978,0.08730391280169142
3,0,0,0,0,30.588772112161955,0.10275587127926983,4.498301970406255,0.1,4.913726096499906,0.02,50.0,1928160514.5714707,0.001,0.08743980423519564,0.009627820498352235,0.11046468561639528,0.06900017385741537,98.80474210664106,0.006101223384164523,0.9821434529018764,0.0060464781563423576,0.08743980423519564
3,0,0,0,0,30.588772112161955,0.10279430037687112,4.780508587844868,0.1,4.913726096499906,0.02,50.0,1928186315.587454,0.001,0.08746884173866147,0.009561833018696684,0.11011367409827888,0.06882900014076837,93.97459062715411,0.006062510611710986,0.9822730813650034,0.006008373560094727,0.08746884173866147
3,0,0,0,0,30.588772112161955,0.10275587127926983,4.501941578676699,0.1,5.770271219813452,0.02,50.0,1926035175.4819875,0.001,0.08769418322740978,0.009620436026883113,0.11043106608959616,0.06886764170048976,98.89822886316388,0.006097510178842377,0.9821594036610218,0.006042619956935084,0.08769418322740978
3,0,0,0,0,30.588772112161955,0.10275587127926983,4.6226393963839625,0.1,6.035651803795126,0.02,50.0,1926035175.4819875,0.001,0.08790460500160527,0.00962053177150621,0.11044219249913094,0.06883553928396705,97.17800069498446,0.006098738942007547,0.9821619516263302,0.0060437602782133365,0.08790460500160527
3,0,0,0,0,30.588772112161955,0.10275587127926983,4.696762749907254,0.1,4.913726096499906,0.02,50.0,1927860405.390303,0.001,0.08797572295686412,0.009678763801859619,0.11076408406722327,0.06913974869871398,95.35230147646318,0.0061343411596254515,0.982050916699594,0.006078990230190968,0.08797572295686412
3,0,0,0,0,30.588772112161955,0.10275587127926983,4.687588412047258,0.1,5.834777035669938,0.02,50.0,1926035175.4819875,0.001,0.08807585748287491,0.00964750107083212,0.11059662890163552,0.06892286151292928,96.0754755977097,0.00611580716220304,0.9821118798090334,0.00606056395825062,0.08807585748287491
3,0,0,0,0,30.588772112161955,0.10275587127926983,4.697607183593037,0.1,5.834777035669938,0.02,50.0,1926035175.4819875,0.001,0.08809674143809201,0.009649223047364902,0.11060698858304967,0.0689268803199282,95.92366592786901,0.006116952961705439,0.9821088134194297,0.0060616886756816885,0.08809674143809201
3,0,0,0,0,30.56436684282887,0.10275587127926983,4.72448853536709,0.1,5.402324303301688,0.02,50.0,1928160514.5714707,0.001,0.0881028970531978,0.00966803887400727,0.11071199349726876,0.0690351575886629,95.37935438049536,0.006128572752069641,0.9820732068414716,0.006073203175944087,0.0881028970531978
3,0,0,0,0,30.588772112161955,0.10275587127926983,4.48960780849972,0.1,5.4048973258924295,0.02,50.0,1923498477.0324934,0.001,0.08817289577256984,0.009734840420725307,0.11106806004241968,0.06931630905195617,98.91057990429782,0.006168056980793271,0.9819426648860999,0.006112035204584652,0.08817289577256984
3,0,0,0,0,30.588772112161955,0.10275587127926983,4.774467130818243,0.1,6.186088466932819,0.02,50.0,1926035175.4819875,0.001,0.08818654539601485,0.009634711990110244,0.11053325135417985,0.06885118975410967,95.02711771055307,0.006108799827463152,0.9821381596303799,0.006053601553904566,0.08818654539601485
3,0,0,0,0,30.588772112161955,0.10275587127926983,4.784615372748902,0.1,6.035651803795126,0.02,50.0,1926035175.4819875,0.001,0.08823611442458248,0.009647846555762517,0.11060668803462605,0.06889915716253639,94.76758094913423,0.006116919718994545,0.9821133241584455,0.0060616067705852985,0.08823611442458248
4,0,0,0,0,75.49693200286562,0.10106372484794876,5.560368480864318,0.1,9.679613446152988,0.02,50.0,1991895173.8794305,0.001,0.08857023495926175,0.01554905254548726,0.15810266625270505,0.09004076516638343,99.94005634811329,0.012498226538107119,0.9773323534372924,0.01218944216036992,0.08857023495926175
3,0,0,0,0,30.588772112161955,0.10275587127926983,4.465373305407191,0.1,5.834777035669938,0.02,50.0,1916075082.8466666,0.001,0.08935497124579525,0.009945878974615855,0.11224503209123964,0.07000475943860447,99.29444937325226,0.006299473614581708,0.9815458418519711,0.006241079673806843,0.08935497124579525
3,0,0,0,0,30.588772112161955,0.10275587127926983,4.767900257995709,0.1,5.133534039842287,0.02,50.0,1920227142.879071,0.001,0.08942237443501648,0.009924959835517479,0.11214284343028996,0.06996019859073868,94.21512885999735,0.0062880086663152646,0.9815888207696774,0.006229925228953462,0.08942237443501648
3,0,0,0,0,30.588772112161955,0.10266254894010898,4.592920440436773,0.1,4.862914793598462,0.02,50.0,1926600669.2939355,0.001,0.08951078077652319,0.010010308056330434,0.11259770308797391,0.07032442388057615,97.18298562061914,0.006339121370343765,0.9814235896763673,0.00628024704958796,0.08951078077652319
0,0,0,0,0,53.81603019283397,0.10668064706022726,19.87007281345555,0.1,6.78296089143878,0.02,50.0,1920824108.0535595,0.001,0.090484884040376,0.031226119666502804,0.19915711207597067,0.16020395895248762,2120.667445295584,0.019831777645220372,0.9421870822838382,0.019502764588323663,0.090484884040376
0,0,0,0,0,53.81603019283397,0.10668064706022726,19.87007281345555,0.1,6.78296089143878,0.02,50.0,1920824108.0535595,0.001,0.090484884040376,0.031226119666502804,0.19915711207597067,0.16020395895248762,2120.667445295584,0.019831777645220372,0.9421870822838382,0.019502764588323663,0.090484884040376
0,0,0,0,0,53.81603019283397,0.10668064706022726,19.87007281345555,0.1,6.78296089143878,0.02,50.0,1920824108.0535595,0.001,0.090484884040376,0.031226119666502804,0.19915711207597067,0.16020395895248762,2120.667445295584,0.019831777645220372,0.9421870822838382,0.019502764588323663,0.090484884040376
0,0,0,0,0,53.81603019283397,0.10668064706022726,19.87007281345555,0.1,6.78296089143878,0.02,50.0,1920824108.0535595,0.001,0.090484884040376,0.031226119666502804,0.19915711207597067,0.16020395895248762,2120.667445295584,0.019831777645220372,0.9421870822838382,0.019502764588323663,0.090484884040376
0,0,0,0,0,53.81603019283397,0.10668064706022726,19.87007281345555,0.1,6.78296089143878,0.02,50.0,1920824108.0535595,0.001,0.090484884040376,0.031226119666502804,0.19915711207597067,0.16020395895248762,2120.667445295584,0.019831777645220372,0.9421870822838382,0.019502764588323663,0.090484884040376
0,0,0,0,0,53.81603019283397,0.10668064706022726,19.87007281345555,0.1,6.78296089143878,0.02,50.0,1920824108.0535595,0.001,0.090484884040376,0.031226119666502804,0.19915711207597067,0.16020395895248762,2120.667445295584,0.019831777645220372,0.9421870822838382,0.019502764588323663,0.090484884040376
0,0,0,0,0,53.81603019283397,0.10668064706022726,19.87007281345555,0.1,6.78296089143878,0.02,50.0,1920824108.0535595,0.001,0.090484884040376,0.031226119666502804,0.19915711207597067,0.16020395895248762,2120.667445295584,0.019831777645220372,0.9421870822838382,0.019502764588323663,0.090484884040376
3,0,0,0,0,30.258551496646092,0.10275587127926983,4.472946661591453,0.1,4.707099646930144,0.02,50.0,1929637474.4634554,0.001,0.09061355032574528,0.010286743145403112,0.11409810578965028,0.07129375486202424,99.48848851271322,0.006509188872393113,0.9808989635509069,0.006447370060974451,0.09061355032574528
1,0,0,0,0,21.446371539805835,0.10096176408441722,15.253632734315286,0.1,14.07349936501156,0.02,50.0,1991577247.1771,0.001,0.09095516736349654,0.015585278387244711,0.14003869959091755,0.12013181438079,2117.051917878032,0.009805418691557625,0.9709283823228188,0.009732232741222369,0.09095516736349654
1,0,0,0,0,24.24032974554394,0.10128829887446215,11.882097008014833,0.1,16.647882632545933,0.02,50.0,2060037695.873854,0.001,0.09099817072736743,0.030760120549339423,0.20118324418370206,0.16544074453441954,1869.9371236849715,0.020237348870139546,0.9446867455325275,0.019941618409781665,0.09099817072736743
3,0,0,0,0,30.588772112161955,0.10261072248869062,4.747354935944962,0.1,5.245775603928477,0.02,50.0,1928160514.5714707,0.001,0.09126618845321388,0.010152304601216841,0.11352290188157375,0.07106960253896771,96.15474217175513,0.006443724625806712,0.9811943421228262,0.006384036969520197,0.09126618845321388
3,0,0,0,0,30.588772112161955,0.10248150881386804,4.58858335634122,0.1,5.744843612948681,0.02,50.0,1932335756.6724842,0.001,0.09130130779190629,0.010323173185812625,0.11432004563180254,0.07126077024832717,98.12470048337367,0.006534536416628707,0.9808366743527582,0.006471970154395381,0.09130130779190629
3,0,0,0,0,30.588772112161955,0.10248150881386804,4.58858335634122,0.1,5.744843612948681,0.02,50.0,1932335756.6724842,0.001,0.09130130779190629,0.010323173185812625,0.11432004563180254,0.07126077024832717,98.12470048337367,0.006534536416628707,0.9808366743527582,0.006471970154395381,0.09130130779190629
0,0,0,0,0,56.689255763458036,0.10346742051007132,15.441423015144556,0.1,9.194917527346377,0.02,50.0,1975033567.0148544,0.001,0.09135717733894691,0.028608904050121148,0.19129648720617076,0.15690980112963118,2132.534920380203,0.018297173008710328,0.9473303901865869,0.018034688760238924,0.09135717733894691
0,0,0,0,0,67.00044443553944,0.10186666919962667,18.921129988179796,0.1,5.9867476150441306,0.02,50.0,2071886843.7476172,0.001,0.0914740228602266,0.03254955008085218,0.2033208454208719,0.16414056588807663,2133.2501742972486,0.020669683091329043,0.9397307602769271,0.020293249481871972,0.0914740228602266
0,0,0,0,0,78.39347027240704,0.10084013627613721,24.11105794541168,0.1,16.27985241665132,0.02,50.0,1938472232.0744221,0.001,0.09169671596069326,0.02995360896906596,0.1947879988448778,0.15909762839543834,2182.483873751355,0.01897118224699606,0.9444207286794376,0.018667830721924742,0.09169671596069326
0,0,0,0,0,78.39347027240704,0.10084013627613721,24.11105794541168,0.1,16.27985241665132,0.02,50.0,1938472232.0744221,0.001,0.09169671596069326,0.02995360896906596,0.1947879988448778,0.15909762839543834,2182.483873751355,0.01897118224699606,0.9444207286794376,0.018667830721924742,0.09169671596069326
3,0,0,0,0,30.124214697269423,0.10275587127926983,4.381063724160915,0.1,4.707099646930144,0.02,50.0,1928160514.5714707,0.001,0.09200373249541073,0.010611964640761647,0.11584796972242134,0.07234866268484973,101.3028856240626,0.006710376044403526,0.9802843286344027,0.006644938133370285,0.09200373249541073
1,0,0,0,0,24.769265045765682,0.1007604393663227,11.356823499523038,0.1,8.484112004222647,0.02,50.0,2078468439.5959191,0.001,0.09204380523722033,0.030044747461833256,0.19902167800900866,0.1662107841248638,1833.054999648173,0.01980481415876076,0.9460620748309976,0.01953680746965722,0.09204380523722033
1,0,0,0,0,24.43511026994531,0.10128829887446215,11.882097008014833,0.1,16.647882632545933,0.02,50.0,2056628074.1414251,0.001,0.09209053210890533,0.030702123862016196,0.20084267659314983,0.16543319399588727,1898.4144256625364,0.020168890370550287,0.9447203313245633,0.01987694627299548,0.09209053210890533
3,0,0,0,0,30.102412760495913,0.10275587127926983,4.389808005916759,0.1,5.245775603928477,0.02,50.0,1928160514.5714707,0.001,0.09216971469237722,0.010598883781755157,0.11578763552486103,0.07222922694491037,101.2168026376142,0.0067033882702190305,0.9803116266913272,0.006637916559255595,0.09216971469237722
1,0,0,0,0,13.014280275735231,0.10561939598520245,12.08133860295452,0.1,12.92687988236732,0.02,50.0,2058111053.0612404,0.001,0.09219341766955391,0.03051035176210832,0.19612724097220724,0.15200775441302528,1504.484196748143,0.019232947325685125,0.9431757045529042,0.018854703713179023,0.09219341766955391
0,0,0,0,0,54.57803806090389,0.10662800741870117,15.919127504750902,0.1,0.39551444910856337,0.02,50.0,1998168980.3990767,0.001,0.09235296330147871,0.030308531263260056,0.19729481191942366,0.16127806514339332,2130.1596887997134,0.019462621405160377,0.9443843457345074,0.01916020097072564,0.09235296330147871
1,0,0,0,0,21.63682859018113,0.10755321333255358,26.609247458451485,0.1,5.863968794510543,0.02,50.0,1940867134.7563596,0.001,0.09271039526103647,0.01603918797844299,0.14250524651225197,0.12393065466435871,2145.133948179901,0.01015387264175885,0.970228409569294,0.010082743576029382,0.09271039526103647
3,0,0,0,0,34.279298469136876,0.10261050701198116,4.48960780849972,0.1,5.4048973258924295,0.02,50.0,1923498477.0324934,0.001,0.09333612158420777,0.010602143698300221,0.11595291094063201,0.07256559513215191,99.93128816579909,0.006722538777803069,0.9803454448205398,0.006657846768875167,0.09333612158420777
3,0,0,0,0,33.90442693547763,0.10275587127926983,4.421858464359492,0.1,5.461580644532922,0.02,50.0,1920227142.879071,0.001,0.09384861773499877,0.010901626043066357,0.11742119490072626,0.07312443154823925,100.07407720609167,0.006893868505957172,0.9797469397036789,0.006824772717187501,0.09384861773499877
0,0,0,0,0,64.57919014262443,0.10986492164979614,14.017933151434855,0.1,13.814212803400574,0.02,50.0,2007906972.580277,0.001,0.09419835493079073,0.03282953864083998,0.20437815532597098,0.16645802984805086,2201.489732842921,0.02088521518722336,0.9393003733007212,0.020529191734505826,0.09419835493079073
2,0,0,0,0,1.1049048961744437,0.10620730806673634,16.39414910444734,0.1,18.547343986741474,0.02,50.0,2030127850.815115,0.001,0.09438659768799357,0.020080346551715603,0.16497245293472323,0.11514475852355592,624.8591384108615,0.013607955113649735,0.964817406759464,0.013394098148522,0.09438659768799357
0,0,0,0,0,54.971837717915555,0.10867138755292456,19.684268103629652,0.1,10.658067396034301,0.02,50.0,2007734992.675195,0.001,0.09475383407514418,0.030550951441458942,0.19800724992721283,0.1623672043399107,2183.507727367761,0.019603435511868862,0.9439048447228309,0.019300918400730505,0.09475383407514418
0,0,0,0,0,84.60532608845351,0.1072281923927947,12.49738623477634,0.1,4.722758699742378,0.02,50.0,2034286992.8751473,0.001,0.09480418155042214,0.034181683726881254,0.20920733180873305,0.17567752907731007,2219.4887535441644,0.021883853841264664,0.9371233798733467,0.021556519641525364,0.09480418155042214
0,0,0,0,0,84.60532608845351,0.1072281923927947,12.49738623477634,0.1,4.722758699742378,0.02,50.0,2034286992.8751473,0.001,0.09480418155042214,0.034181683726881254,0.20920733180873305,0.17567752907731007,2219.4887535441644,0.021883853841264664,0.9371233798733467,0.021556519641525364,0.09480418155042214
0,0,0,0,0,84.60532608845351,0.1072281923927947,12.49738623477634,0.1,4.722758699742378,0.02,50.0,2034286992.8751473,0.001,0.09480418155042214,0.034181683726881254,0.20920733180873305,0.17567752907731007,2219.4887535441644,0.021883853841264664,0.9371233798733467,0.021556519641525364,0.09480418155042214
2,0,0,0,0,5.72517407063034,0.10996906698407968,12.889592105991165,0.1,3.60118824521137,0.02,50.0,1938302064.471794,0.001,0.09481715401142699,0.022662638357632187,0.16819608758461238,0.13521498864636072,1476.7534645709009,0.0141449619393853,0.9574627833331251,0.013983240036436684,0.09481715401142699
0,0,0,0,0,95.16102243075947,0.10211388740258211,15.774706987441359,0.1,8.502707030811198,0.02,50.0,2000464856.5790296,0.001,0.09507691621262737,0.03027029417673515,0.19549078540053683,0.1605317399943694,2291.0564386340816,0.019108323588259372,0.943685107783488,0.018797500264379593,0.09507691621262737
0,0,0,0,0,69.31279169357197,0.1077314602315371,27.88098974557656,0.1,11.042489557505958,0.02,50.0,2090829806.083894,0.001,0.09521238099195894,0.030727298752148614,0.19791121871755246,0.16356566789033897,2245.7528950760716,0.019584425247133445,0.9432726630694827,0.01928584797334988,0.09521238099195894
0,0,0,0,0,69.31279169357197,0.1077314602315371,27.88098974557656,0.1,11.042489557505958,0.02,50.0,2090829806.083894,0.001,0.09521238099195894,0.030727298752148614,0.19791121871755246,0.16356566789033897,2245.7528950760716,0.019584425247133445,0.9432726630694827,0.01928584797334988,0.09521238099195894
0,0,0,0,0,69.31279169357197,0.1077314602315371,27.88098974557656,0.1,11.042489557505958,0.02,50.0,2090829806.083894,0.001,0.09521238099195894,0.030727298752148614,0.19791121871755246,0.16356566789033897,2245.7528950760716,0.019584425247133445,0.9432726630694827,0.01928584797334988,0.09521238099195894
0,0,0,0,0,69.31279169357197,0.1077314602315371,27.88098974557656,0.1,11.042489557505958,0.02,50.0,2090829806.083894,0.001,0.09521238099195894,0.030727298752148614,0.19791121871755246,0.16356566789033897,2245.7528950760716,0.019584425247133445,0.9432726630694827,0.01928584797334988,0.09521238099195894
0,0,0,0,0,68.0781262916406,0.10995839591305497,17.58419771891875,0.1,10.960165510263707,0.02,50.0,2005559026.9337845,0.001,0.09540194952570269,0.03133165254868793,0.19939794672015698,0.1637167760688344,2261.874686521301,0.019879770578107282,0.9419472895199572,0.01956838340874664,0.09540194952570269
0,0,0,0,0,68.0781262916406,0.10995839591305497,17.58419771891875,0.1,10.960165510263707,0.02,50.0,2005559026.9337845,0.001,0.09540194952570269,0.03133165254868793,0.19939794672015698,0.1637167760688344,2261.874686521301,0.019879770578107282,0.9419472895199572,0.01956838340874664,0.09540194952570269
0,0,0,0,0,68.0781262916406,0.10995839591305497,17.46299338451043,0.1,10.960165510263707,0.02,50.0,2005559026.9337845,0.001,0.09540194952570269,0.03133165254868793,0.19939794672015698,0.1637167760688344,2261.874686521301,0.019879770578107282,0.9419472895199572,0.01956838340874664,0.09540194952570269
0,0,0,0,0,68.0781262916406,0.10995888036188636,17.58419771891875,0.1,10.960165510263707,0.02,50.0,2005559026.9337845,0.001,0.09540222672395066,0.03133150143677793,0.19939705112417502,0.16371590204466246,2261.8982305645013,0.019879591998508434,0.9419473765405932,0.01956821112114123,0.09540222672395066
0,0,0,0,0,68.0781262916406,0.10995888036188636,17.58419771891875,0.1,10.960165510263707,0.02,50.0,2005559026.9337845,0.001,0.09540222672395066,0.03133150143677793,0.19939705112417502,0.16371590204466246,2261.8982305645013,0.019879591998508434,0.9419473765405932,0.01956821112114123,0.09540222672395066
0,0,0,0,0,68.0781262916406,0.10995888036188636,17.58419771891875,0.1,10.960165510263707,0.02,50.0,2005559026.9337845,0.001,0.09540222672395066,0.03133150143677793,0.19939705112417502,0.16371590204466246,2261.8982305645013,0.019879591998508434,0.9419473765405932,0.01956821112114123,0.09540222672395066
0,0,0,0,0,68.13334601631128,0.10995839591305497,18.118546407895522,0.1,11.371463771084008,0.02,50.0,2005559026.9337845,0.001,0.09541982462287113,0.03130931792603487,0.199314245456444,0.16366352523517805,2263.0351660388606,0.019863084220935804,0.941982803428734,0.019552378023157086,0.09541982462287113
0,0,0,0,0,68.13334601631128,0.10995839591305497,18.118546407895522,0.1,11.371463771084008,0.02,50.0,2005559026.9337845,0.001,0.09541982462287113,0.03130931792603487,0.199314245456444,0.16366352523517805,2263.0351660388606,0.019863084220935804,0.941982803428734,0.019552378023157086,0.09541982462287113
0,0,0,0,0,68.13334601631128,0.10995839591305497,18.118546407895522,0.1,11.371463771084008,0.02,50.0,2005559026.9337845,0.001,0.09541982462287113,0.03130931792603487,0.199314245456444,0.16366352523517805,2263.0351660388606,0.019863084220935804,0.941982803428734,0.019552378023157086,0.09541982462287113
0,0,0,0,0,68.13334601631128,0.10995839591305497,17.995549449382708,0.1,10.960165510263707,0.02,50.0,2005559026.9337845,0.001,0.09541982462287113,0.03130931792603487,0.199314245456444,0.16366352523517805,2263.0351660388606,0.019863084220935804,0.941982803428734,0.019552378023157086,0.09541982462287113
0,0,0,0,0,68.13334601631128,0.10995839591305497,17.995549449382708,0.1,10.960165510263707,0.02,50.0,2005559026.9337845,0.001,0.09541982462287113,0.03130931792603487,0.199314245456444,0.16366352523517805,2263.0351660388606,0.019863084220935804,0.941982803428734,0.019552378023157086,0.09541982462287113
0,0,0,0,0,68.13334601631128,0.10995839591305497,18.118546407895522,0.1,11.371463771084008,0.02,50.0,2005559026.9337845,0.001,0.09541982462287113,0.03130931792603487,0.199314245456444,0.16366352523517805,2263.0351660388606,0.019863084220935804,0.941982803428734,0.019552378023157086,0.09541982462287113
0,0,0,0,0,68.13334601631128,0.10995839591305497,18.118546407895522,0.1,11.371463771084008,0.02,50.0,2005559026.9337845,0.001,0.09541982462287113,0.03130931792603487,0.199314245456444,0.16366352523517805,2263.0351660388606,0.019863084220935804,0.941982803428734,0.019552378023157086,0.09541982462287113
0,0,0,0,0,68.13334601631128,0.10995839591305497,17.995549449382708,0.1,10.960165510263707,0.02,50.0,2005559026.9337845,0.001,0.09541982462287113,0.03130931792603487,0.199314245456444,0.16366352523517805,2263.0351660388606,0.019863084220935804,0.941982803428734,0.019552378023157086,0.09541982462287113
0,0,0,0,0,68.13334601631128,0.10995839591305497,17.995549449382708,0.1,10.960165510263707,0.02,50.0,2005559026.9337845,0.001,0.09541982462287113,0.03130931792603487,0.199314245456444,0.16366352523517805,2263.0351660388606,0.019863084220935804,0.941982803428734,0.019552378023157086,0.09541982462287113
0,0,0,0,0,68.13334601631128,0.10995839591305497,17.995549449382708,0.1,10.960165510263707,0.02,50.0,2005559026.9337845,0.001,0.09541982462287113,0.03130931792603487,0.199314245456444,0.16366352523517805,2263.0351660388606,0.019863084220935804,0.941982803428734,0.019552378023157086,0.09541982462287113
0,0,0,0,0,57.87451289594847,0.104567195317647,29.561097902986422,0.1,12.80941197967436,0.02,50.0,1932744599.7488713,0.001,0.09568360073923382,0.037304061182132295,0.21672950943146635,0.1677445515974531,2006.2409268972995,0.02348584012920203,0.9304534230276971,0.022942456869753686,0.09568360073923382
0,0,0,0,0,74.44183772876472,0.1044504422297406,17.057796111376746,0.1,12.417164518111749,0.02,50.0,2079997558.692353,0.001,0.09578663029582321,0.029946311217977,0.1953277715661421,0.1620512395917861,2261.089430206811,0.019076469172497494,0.9446907240092375,0.018792309909183787,0.09578663029582321
0,0,0,0,0,65.77513789105298,0.10284778075103297,20.960562470066456,0.1,15.003778982578794,0.02,50.0,1935963892.1533537,0.001,0.0967821651562239,0.0255587536903278,0.18041686367144838,0.15208639594135304,2287.878544054261,0.016275122348520993,0.9527794398454563,0.016090735299864385,0.0967821651562239
0,0,0,0,0,87.17180458226225,0.10565222029826725,27.900038030726254,0.1,17.433477647110383,0.02,50.0,1916701726.081235,0.001,0.09689942085950734,0.028136839801359843,0.18933562508756344,0.15931210389640638,2325.3812048924738,0.01792398946364919,0.9480331760773153,0.017691561402292166,0.09689942085950734
0,0,0,0,0,64.74444199008794,0.10016426801399712,26.566707607610567,0.1,17.23107390350979,0.02,50.0,2038642607.8786743,0.001,0.09693394383054638,0.024702032063916027,0.17789570652164938,0.15133202290609368,2272.219985398333,0.015823441199418403,0.9545812559189228,0.015654732725608234,0.09693394383054638
0,0,0,0,0,77.57701632330664,0.1097915317648182,18.422501957600886,0.1,19.672404891474844,0.02,50.0,1906022331.3442397,0.001,0.09695890640158139,0.030318894924786455,0.19693393582406007,0.16419467362218954,2285.050177692531,0.019391487539577507,0.9441838211763927,0.019112836481429807,0.09695890640158139
0,0,0,0,0,95.56330567273537,0.10055996097352489,29.91068599392305,0.1,8.32120468224051,0.02,50.0,2046335227.083394,0.001,0.0971234232099576,0.025872766408296784,0.18125454654675757,0.15426936965099436,2363.8245676564825,0.016426605321935354,0.9520861910568599,0.016238404549394292,0.0971234232099576
4,0,0,0,0,93.8067973435666,0.10560522153153416,3.901441414625633,0.1,19.413706782756876,0.02,50.0,1931306001.129285,0.001,0.09735573275468436,0.011175544253735691,0.11920747107544859,0.07401351757962661,108.69164810088898,0.007105210580101955,0.9793270105077856,0.0070321389849965655,0.09735573275468436
0,0,0,0,0,93.56370609868831,0.10620215547115996,28.172897083984857,0.1,6.269371910043386,0.02,50.0,1987880975.6214888,0.001,0.09761590862228264,0.03001082125261538,0.1945541251081886,0.16087150206261347,2369.065440034661,0.01892565379830635,0.9441237880206635,0.01863623629188354,0.09761590862228264
0,0,0,0,0,73.69775859846224,0.10979760208829852,13.512279853474222,0.1,8.539831153031177,0.02,50.0,2095304819.6316707,0.001,0.09788231094044322,0.02897292314444278,0.1919744457630545,0.160948526831249,2349.855866216978,0.018427093913015977,0.946420141982228,0.01818277760418651,0.09788231094044322
0,0,0,0,0,95.12644684948671,0.10234433989640612,25.018479140091145,0.1,6.104668019745081,0.02,50.0,2038062343.2774227,0.001,0.09799844916731243,0.02629039202520219,0.1833151478526263,0.15672280752364293,2362.9047164103195,0.016802221716115118,0.9515705439202613,0.01661169400245863,0.09799844916731243
0,0,0,0,0,73.22259626933744,0.10037205784248937,22.845637560386542,0.1,3.7832247654402327,0.02,50.0,1900812270.4820452,0.001,0.09800185270110923,0.023710984011108237,0.17445922495035346,0.14975226482959256,2288.4700581882394,0.015218010585139018,0.9564720779949636,0.015068265348398543,0.09800185270110923
0,0,0,0,0,98.49555271658946,0.10433938462095124,21.37711972941569,0.1,16.24488232132606,0.02,50.0,1930559035.5541954,0.001,0.09874536444313514,0.02631807859047143,0.18288281169359774,0.15616191268829732,2405.672830969175,0.016723061406477967,0.9512935479802105,0.01653400648257404,0.09874536444313514
3,0,0,0,0,29.42088805775348,0.10281202200111449,4.699162424103702,0.1,5.474646202540571,0.02,50.0,1929400793.115688,0.001,0.09876118189285729,0.01200611173290174,0.12312843513319624,0.07623479121373855,96.96419823961553,0.0075803057691748565,0.9776670076850689,0.00749777551028952,0.09876118189285729
0,0,0,0,0,70.03338941881064,0.10753408241424477,12.106075396437697,0.1,17.26312405754185,0.02,50.0,2025429842.2913609,0.001,0.09876241926751506,0.031498789504026264,0.2014940199498766,0.17005379272059135,2246.4023367070895,0.020299920037780632,0.9423705150747339,0.020027509248039636,0.09876241926751506
1,0,0,0,0,41.5237975489154,0.10440922550839554,14.58659672389257,0.1,14.667086554528066,0.02,50.0,2089098356.6311307,0.001,0.09921414610773849,0.019174611717350902,0.15588631704559547,0.13567547715430936,2490.809662568011,0.012150271921019955,0.9644352620912102,0.012056803910538923,0.09921414610773849
3,0,0,0,0,29.42088805775348,0.10276419127306988,4.699162424103702,0.1,5.656406980247076,0.02,50.0,1929400793.115688,0.001,0.09947448677760788,0.012171720388144099,0.12396482856196506,0.07665015248427433,97.15756334323703,0.007683639360198695,0.97735609054665,0.0075989556418807796,0.09947448677760788
3,0,0,0,0,29.42088805775348,0.10276419127306988,4.699162424103702,0.1,5.656406980247076,0.02,50.0,1929400793.115688,0.001,0.09947448677760788,0.012171720388144099,0.12396482856196506,0.07665015248427433,97.15756334323703,0.007683639360198695,0.97735609054665,0.0075989556418807796,0.09947448677760788
3,0,0,0,0,29.42088805775348,0.10276419127306988,4.699162424103702,0.1,5.656406980247076,0.02,50.0,1929400793.115688,0.001,0.09947448677760788,0.012171720388144099,0.12396482856196506,0.07665015248427433,97.15756334323703,0.007683639360198695,0.97735609054665,0.0075989556418807796,0.09947448677760788
1,0,0,0,0,69.03073852674913,0.10583347728543477,11.620152134269949,0.1,8.959491432555138,0.02,50.0,1938877882.3408272,0.001,0.09992683972944477,0.033630725481241616,0.20870596522945764,0.17396356931540247,2350.7252053966154,0.021779089961179793,0.9387154583052808,0.021451716506321633,0.09992683972944477
0,0,0,0,0,67.89804422696987,0.10359949776704172,25.89235948735382,0.1,3.336032990518427,0.02,50.0,2052464399.7675602,0.001,0.10014061397403501,0.024400684969276738,0.1766373091095972,0.15148082069541868,2346.6392643208665,0.015600369484739699,0.9550652455668035,0.015442752628963174,0.10014061397403501
0,0,0,0,0,69.16150321746241,0.10319979516832262,19.804864607875036,0.1,6.2441586171288,0.02,50.0,1973572207.909628,0.001,0.10025630458043433,0.02475119007937083,0.17798082988521813,0.1522038315769393,2350.5298377974746,0.015838587903315476,0.9544527381765,0.01567459431830669,0.10025630458043433
1,0,0,0,0,35.863410061949,0.10204998626647846,13.926578988134791,0.1,12.105751969693491,0.02,50.0,1922624637.4382486,0.001,0.10032723708533092,0.01837311411020065,0.15256688517444109,0.13125803260985847,2399.7294672940266,0.011638327225915544,0.9659123831598008,0.011548000881332178,0.10032723708533092
2,0,0,0,0,35.31455227453729,0.10583708147557558,26.74019341086188,0.1,15.643411173436432,0.02,50.0,2031928534.3447278,0.001,0.10052334538934066,0.0204089225580103,0.15982808743724253,0.1341844224288372,2663.0379548333435,0.012772508766923422,0.9617727785961203,0.012661188831235239,0.10052334538934066
3,0,0,0,0,29.42088805775348,0.10269152105202423,4.699162424103702,0.1,5.656406980247076,0.02,50.0,1929400793.115688,0.001,0.100606914041539,0.012458616921991546,0.1253954912494593,0.07746901033372927,97.26842618799101,0.007862014612846614,0.9768159776900036,0.007773641484870733,0.100606914041539
4,0,0,0,0,41.72807973422764,0.1063788931661704,15.810592191986599,0.1,17.64384163170523,0.02,50.0,2018989820.2637177,0.001,0.10067124142394387,0.021283028134882413,0.16300251582945868,0.13838342819228647,2829.025100811788,0.013284910083366465,0.9600546964115804,0.01316757617495818,0.10067124142394387
1,0,0,0,0,49.35281452144904,0.10023454373917849,17.50558005401253,0.1,9.75534587770198,0.02,50.0,1948120732.4851131,0.001,0.10084250333942577,0.0193445934284801,0.15642423041511286,0.13564638667781748,2519.8473199839045,0.01223426993048016,0.9640646517428534,0.012139203942148135,0.10084250333942577
1,0,0,0,0,68.3596278860979,0.10049733413575102,20.045645763516614,0.1,7.659675727869054,0.02,50.0,1962621393.5078702,0.001,0.10095783966768249,0.020962686915498116,0.16281672300044445,0.14144384518362807,2585.34740681562,0.013254642644301727,0.9610518764517103,0.013146638604180461,0.10095783966768249
0,0,0,0,0,98.53421763974475,0.10807991795286487,15.826858400410012,0.1,3.5984708338269953,0.02,50.0,1981085922.5434444,0.001,0.10134790740242997,0.025711199044567843,0.18051937107361174,0.15531913012229442,2500.1454729229094,0.016293621666406164,0.9523144537397216,0.016123989065791974,0.10134790740242997
0,0,0,0,0,98.53421763974475,0.10807991795286487,15.826858400410012,0.1,3.5984708338269953,0.02,50.0,1981085922.5434444,0.001,0.10134790740242997,0.025711199044567843,0.18051937107361174,0.15531913012229442,2500.1454729229094,0.016293621666406164,0.9523144537397216,0.016123989065791974,0.10134790740242997
1,0,0,0,0,63.56897662161713,0.10224635204091012,12.532115002295296,0.1,5.222368753509891,0.02,50.0,2036410657.7945027,0.001,0.1018531718218956,0.026451094836376525,0.18363524979354268,0.1557894225296302,2505.884400568903,0.016860952483368406,0.9511719063399379,0.01666812845490722,0.1018531718218956
1,0,0,0,0,44.95495832064967,0.10777403498311158,15.459257154241222,0.1,19.439632721481576,0.02,50.0,1985576982.5308821,0.001,0.10197051786143654,0.019460687909133648,0.15661952208422553,0.1355263580966955,2587.607822382486,0.012264837348945606,0.9637489941170942,0.012166567476309429,0.10197051786143654
1,0,0,0,0,44.95495832064967,0.10777403498311158,15.459257154241222,0.1,19.439632721481576,0.02,50.0,1985576982.5308821,0.001,0.10197051786143654,0.019460687909133648,0.15661952208422553,0.1355263580966955,2587.607822382486,0.012264837348945606,0.9637489941170942,0.012166567476309429,0.10197051786143654
1,0,0,0,0,36.949302418545656,0.1038389612178144,17.392563872121258,0.1,6.977964841144672,0.02,50.0,1938478736.8630538,0.001,0.10215532605063346,0.01860776449921355,0.15336285527110274,0.13132173269823458,2458.526630160921,0.011760082688452602,0.9654143112756776,0.011667929560715804,0.10215532605063346
0,0,0,0,0,51.91123292973365,0.10560309695242302,15.157844861616127,0.1,10.074517009287183,0.02,50.0,2017348395.6321507,0.001,0.10284960353555073,0.039293784080962416,0.2224346476499919,0.1704732269102276,1962.0189124284686,0.024738586237588026,0.9267440876178307,0.024123215433347334,0.10284960353555073
0,0,0,0,0,72.75170231180259,0.10713691084902739,21.774561497152444,0.1,12.381670354545243,0.02,50.0,1969051722.4913473,0.001,0.1031690322977877,0.024583789155863414,0.17709116334454347,0.15232469221160427,2424.633174946769,0.01568064006736189,0.9546421963042997,0.015524914032057545,0.1031690322977877
5,0,0,0,0,89.70437503899844,0.10595257631825102,11.924916268136728,0.1,19.375489622296165,0.02,50.0,1937290788.902029,0.001,0.10336990620366887,0.03565159982597532,0.21249835805882353,0.1710048890660582,2616.6522129414952,0.022577776088847985,0.9338428114540609,0.022192308912815067,0.10336990620366887
1,0,0,0,0,55.77962373847184,0.10581937978200788,26.17392828722907,0.1,4.29568402851131,0.02,50.0,1922073392.236897,0.001,0.10358762007001254,0.019616187374221754,0.15700703276375283,0.13413661449439204,2670.575661458867,0.012325604168639077,0.963372451812752,0.012223821350225053,0.10358762007001254
1,0,0,0,0,55.77962373847184,0.10581937978200788,26.17392828722907,0.1,4.29568402851131,0.02,50.0,1922073392.236897,0.001,0.10358762007001254,0.019616187374221754,0.15700703276375283,0.13413661449439204,2670.575661458867,0.012325604168639077,0.963372451812752,0.012223821350225053,0.10358762007001254
1,0,0,0,0,55.77962373847184,0.10581937978200788,26.17392828722907,0.1,4.29568402851131,0.02,50.0,1922073392.236897,0.001,0.10358762007001254,0.019616187374221754,0.15700703276375283,0.13413661449439204,2670.575661458867,0.012325604168639077,0.963372451812752,0.012223821350225053,0.10358762007001254
1,0,0,0,0,55.77962373847184,0.10581937978200788,26.17392828722907,0.1,4.29568402851131,0.02,50.0,1922073392.236897,0.001,0.10358762007001254,0.019616187374221754,0.15700703276375283,0.13413661449439204,2670.575661458867,0.012325604168639077,0.963372451812752,0.012223821350225053,0.10358762007001254
1,0,0,0,0,27.234935007116334,0.1013142923852863,21.82565447607391,0.1,18.199751069126563,0.02,50.0,1997872090.907755,0.001,0.10365198353557598,0.01801424002643496,0.15043872647112982,0.12795366420109994,2322.2462809162025,0.011315905211127707,0.9663563120711814,0.011228873356488794,0.10365198353557598
0,0,0,0,0,82.33395843447673,0.10604963583312624,12.411131549015856,0.1,7.30000185835313,0.02,50.0,2009232414.749918,0.001,0.10385789473865892,0.02999203522554557,0.19679496452795378,0.1682409012441635,2336.471587679475,0.019364129031779295,0.9452095169889998,0.01912958491107562,0.10385789473865892
3,0,0,0,0,65.00355447362175,0.10565267236117938,12.046180193029837,0.1,10.481757769934147,0.02,50.0,1911506224.6400263,0.001,0.1043055538868135,0.028473752286083738,0.1892055749701372,0.15254908836359768,2731.012141215262,0.017899374799890105,0.9468527002461311,0.017664809605445423,0.1043055538868135
2,0,0,0,0,3.2752918392958916,0.10558819016493178,23.61828095705529,0.1,6.958949541195195,0.02,50.0,1976460580.8680196,0.001,0.1043056422449739,0.01880676426235954,0.15394833818122675,0.1210985329020621,1112.7705984595693,0.011850045414380677,0.9649608917590231,0.011734845795360861,0.1043056422449739
1,0,0,0,0,55.46160326101019,0.10594216853933242,13.906810389329625,0.1,10.183440152906536,0.02,50.0,2054844061.1902473,0.001,0.10469660486195081,0.020235484065804436,0.1600084556243085,0.13750928061562412,2658.8096885359187,0.01280135293563815,0.9624182099638076,0.012696196235193725,0.10469660486195081
1,0,0,0,0,55.46160326101019,0.10594216853933242,13.906810389329625,0.1,10.183440152906536,0.02,50.0,2057952609.1415021,0.001,0.10472270849254386,0.0202176265387426,0.15991953470538736,0.13739256155331087,2661.1700737771534,0.012787128790193798,0.9624445453813102,0.012682141428142193,0.10472270849254386
0,0,0,0,0,70.0244062897623,0.10012263724840896,11.938492499682884,0.1,3.7773450936246293,0.02,50.0,1958633566.0002358,0.001,0.10473289392190832,0.03791462005382587,0.22311388766550827,0.18361717422798302,1941.9103584102331,0.02488990343460852,0.9316943745013336,0.02446686938565315,0.10473289392190832
0,0,0,0,0,41.83299198298647,0.10837463099405305,19.60205330405927,0.1,1.4286744154472966,0.02,50.0,2029953154.0822861,0.001,0.10493486852134987,0.038853224187663044,0.2213551392308769,0.1694201331877226,1948.3355034237889,0.02449904883196045,0.9276536999823642,0.0239212293564776,0.10493486852134987
0,0,0,0,0,41.83299198298647,0.10837463099405305,19.60205330405927,0.1,1.4286744154472966,0.02,50.0,2029953154.0822861,0.001,0.10493486852134987,0.038853224187663044,0.2213551392308769,0.1694201331877226,1948.3355034237889,0.02449904883196045,0.9276536999823642,0.0239212293564776,0.10493486852134987
1,0,0,0,0,68.86989369916218,0.10074308261815615,15.206032147930237,0.1,5.756536467434682,0.02,50.0,1920768892.286642,0.001,0.10564647343816713,0.02048750284050231,0.16089398540066574,0.13737409014121787,2680.555326309501,0.012943437269054822,0.9619096774927869,0.012834953543827602,0.10564647343816713
2,0,0,0,0,8.002788956743755,0.10004396916102859,19.58585162227887,0.1,17.490828217313727,0.02,50.0,2092773686.1440628,0.001,0.105654126140721,0.018598457493213746,0.15350927688432486,0.13016250790867484,1850.0016691785404,0.011782549044774158,0.9654977561270939,0.011691060395250405,0.105654126140721
3,0,0,0,0,28.92295381053388,0.10266859241506539,4.668990949592859,0.1,5.336036525072663,0.02,50.0,1929400793.115688,0.001,0.10594213038631985,0.01395430069587101,0.1325944158687101,0.08228852785896044,98.14091081915764,0.008790639559782222,0.9739971566532551,0.00868205192652985,0.10594213038631985
1,0,0,0,0,81.66262787961261,0.10946383030099227,16.073876154236437,0.1,5.421121558954995,0.02,50.0,1971149547.3775275,0.001,0.10607009174808962,0.021339473096683804,0.16364230656472367,0.14114599739119338,2795.6014774548353,0.0133894022489115,0.9601103615918475,0.01327528250152173,0.10607009174808962
0,0,0,0,0,49.31375892524529,0.10827649022597197,12.445787773034978,0.1,4.2284492997333185,0.02,50.0,1936649882.061713,0.001,0.10629632582435378,0.04086626019845678,0.22786715019937737,0.18041231106437372,1960.4137832241954,0.025961719069992804,0.9243564771684606,0.02538956752826579,0.10629632582435378
3,0,0,0,0,46.463975814381776,0.10564427470247995,27.845697245880576,0.1,10.51459545343024,0.02,50.0,2085101805.2370627,0.001,0.10637935426615969,0.022544891055216135,0.16772034649581735,0.1405588669334482,2939.556266869739,0.014065057314338514,0.9576688302160694,0.013932735073037904,0.10637935426615969
3,0,0,0,0,46.463975814381776,0.10564427470247995,27.845697245880576,0.1,10.51459545343024,0.02,50.0,2085101805.2370627,0.001,0.10637935426615969,0.022544891055216135,0.16772034649581735,0.1405588669334482,2939.556266869739,0.014065057314338514,0.9576688302160694,0.013932735073037904,0.10637935426615969
1,0,0,0,0,94.08578588457924,0.10010291350930216,12.761661687966667,0.1,0.4499546868615192,0.02,50.0,2023016908.9415076,0.001,0.10659155925724867,0.028365972740502603,0.19001898385141575,0.15903219709857289,2622.6898707206556,0.0180536071119623,0.9475718407929034,0.01782741103320625,0.10659155925724867
1,0,0,0,0,94.08578588457924,0.10010291350930216,12.761661687966667,0.1,0.4499546868615192,0.02,50.0,2023016908.9415076,0.001,0.10659155925724867,0.028365972740502603,0.19001898385141575,0.15903219709857289,2622.6898707206556,0.0180536071119623,0.9475718407929034,0.01782741103320625,0.10659155925724867
1,0,0,0,0,70.23666773922714,0.10404232744562733,20.32997019678354,0.1,3.928137968546156,0.02,50.0,2036433566.251329,0.001,0.10768917577300344,0.020836530319607485,0.1620659949484,0.13745458190798587,2764.0303028794824,0.013132693359307406,0.961187850106359,0.013020176147636595,0.10768917577300344
1,0,0,0,0,70.23666773922714,0.10404232744562733,20.32997019678354,0.1,3.928137968546156,0.02,50.0,2036433566.251329,0.001,0.10768917577300344,0.020836530319607485,0.1620659949484,0.13745458190798587,2764.0303028794824,0.013132693359307406,0.961187850106359,0.013020176147636595,0.10768917577300344
3,0,0,0,0,52.506441808355866,0.10086535428957422,18.80514062812565,0.1,14.661824441825855,0.02,50.0,2080778586.2590456,0.001,0.10789384252985426,0.022449003254719734,0.16735059655891302,0.13955065228508381,2939.148285033643,0.014003111084312037,0.957843915014329,0.013870847785559548,0.10789384252985426
1,0,0,0,0,27.655681642767437,0.10909707231934701,18.41752295844483,0.1,14.645415214180138,0.02,50.0,2027394945.49747,0.001,0.10802953015485339,0.01876358545972464,0.1535961075652119,0.13123967913330503,2423.2748713308793,0.01179588212959207,0.9649784401032994,0.011706412387729095,0.10802953015485339
1,0,0,0,0,82.25691123016486,0.10004020680722478,23.091147772660896,0.1,1.7289833117368716,0.02,50.0,1915121551.6041818,0.001,0.10808767971290117,0.020895963063989352,0.16213674729302838,0.13681940942266757,2779.3935179037207,0.013144162411381673,0.9610165020799261,0.013030443309022253,0.10808767971290117
1,0,0,0,0,82.25691123016486,0.10004020680722478,23.091147772660896,0.1,1.7289833117368716,0.02,50.0,1915121551.6041818,0.001,0.10808767971290117,0.020895963063989352,0.16213674729302838,0.13681940942266757,2779.3935179037207,0.013144162411381673,0.9610165020799261,0.013030443309022253,0.10808767971290117
1,0,0,0,0,82.25691123016486,0.10004020680722478,23.091147772660896,0.1,1.7289833117368716,0.02,50.0,1915121551.6041818,0.001,0.10808767971290117,0.020895963063989352,0.16213674729302838,0.13681940942266757,2779.3935179037207,0.013144162411381673,0.9610165020799261,0.013030443309022253,0.10808767971290117
1,0,0,0,0,82.25691123016486,0.10004020680722478,23.091147772660896,0.1,1.7289833117368716,0.02,50.0,1915121551.6041818,0.001,0.10808767971290117,0.020895963063989352,0.16213674729302838,0.13681940942266757,2779.3935179037207,0.013144162411381673,0.9610165020799261,0.013030443309022253,0.10808767971290117
1,0,0,0,0,82.25691123016486,0.10004020680722478,23.091147772660896,0.1,1.7289833117368716,0.02,50.0,1915121551.6041818,0.001,0.10808767971290117,0.020895963063989352,0.16213674729302838,0.13681940942266757,2779.3935179037207,0.013144162411381673,0.9610165020799261,0.013030443309022253,0.10808767971290117
3,0,0,0,0,29.697873164020347,0.10223090134788232,4.626375820340543,0.1,5.13312717965756,0.02,50.0,1927860405.390303,0.001,0.10839921551654935,0.014150592150999222,0.1338191220531161,0.08259012684924663,100.93506603592041,0.008953778713533395,0.9737235098282472,0.00884194647852702,0.10839921551654935
3,0,0,0,0,31.55027298015876,0.10275709457684923,3.9445024569187663,0.1,5.245775603928477,0.02,50.0,1928160514.5714707,0.001,0.1084058257153834,0.012812867043593572,0.12679064125909714,0.07645410286404641,111.0246880590549,0.008037933355446532,0.9760456210173967,0.007929916774755392,0.1084058257153834
2,0,0,0,0,67.66526295529697,0.1095234920712176,10.712498437856667,0.1,6.636434039721323,0.02,50.0,2016922218.5863273,0.001,0.10846295413989127,0.04891400996229073,0.25237549914967816,0.1954673899292052,2223.3977386654315,0.0318466962855246,0.911262258125255,0.03103725451499611,0.10846295413989127
0,0,0,0,0,78.41493119215947,0.10648361964050952,22.321891995627755,0.1,6.293770113200559,0.02,50.0,2045504189.3690333,0.001,0.10848852679773668,0.02397791515681323,0.17539033312035598,0.1529880072643371,2512.1334020025,0.015380884476034721,0.9559623465880369,0.01524166829751954,0.10848852679773668
3,0,0,0,0,67.49706848354266,0.10459815597792782,24.33667213915911,0.1,13.37802364402222,0.02,50.0,1902468879.7089412,0.001,0.10854617919788417,0.022585927753166056,0.16785542843510248,0.13978140040350512,2995.580579073205,0.014087722427565905,0.9575849264871003,0.013953962632758745,0.10854617919788417
2,0,0,0,0,82.36373701249467,0.10433584240508052,25.734184410212865,0.1,9.80106375966489,0.02,50.0,2025986422.9592934,0.001,0.10864831354791221,0.021828915111442363,0.16516974023279024,0.1373716249637792,2962.444707943801,0.013640521544283704,0.9590648332318541,0.01351418099028431,0.10864831354791221
3,0,0,0,0,83.979930674877,0.10788094953156102,4.384720396823134,0.1,18.213555206822218,0.02,50.0,2064407274.8203502,0.001,0.10890242545155973,0.014444484878631453,0.1350167119067695,0.08316693257777477,107.07651765915742,0.009114756247057798,0.9731194816476967,0.008997303014320229,0.10890242545155973
3,0,0,0,0,83.979930674877,0.10788094953156102,4.384720396823134,0.1,18.213555206822218,0.02,50.0,2064407274.8203502,0.001,0.10890242545155973,0.014444484878631453,0.1350167119067695,0.08316693257777477,107.07651765915742,0.009114756247057798,0.9731194816476967,0.008997303014320229,0.10890242545155973
2,0,0,0,0,88.74666454445193,0.10803886065921134,10.529816304536668,0.1,15.060188264673826,0.02,50.0,1956556241.6122994,0.001,0.10915155258641251,0.04858989127107623,0.2495267891345075,0.19420123830559782,2340.6976079431415,0.031131809247888484,0.9106745840081524,0.03037476376378339,0.10915155258641251
2,0,0,0,0,88.74666454445193,0.10803886065921134,10.529816304536668,0.1,15.060188264673826,0.02,50.0,1956556241.6122994,0.001,0.10915155258641251,0.04858989127107623,0.2495267891345075,0.19420123830559782,2340.6976079431415,0.031131809247888484,0.9106745840081524,0.03037476376378339,0.10915155258641251
0,0,0,0,0,61.603950568882134,0.10399552804237204,11.703775998042103,0.1,14.640505342433404,0.02,50.0,2010938757.3675373,0.001,0.10915899709453936,0.04066326456054673,0.2299028741603064,0.18790071345991052,1952.7486516436675,0.026427665773584835,0.9261203382698755,0.025930465496619672,0.10915899709453936
1,0,0,0,0,87.86190811645935,0.1009478738350586,19.263748756069734,0.1,14.189217367301625,0.02,50.0,1903959605.1665761,0.001,0.10918942439346713,0.02129697471619156,0.16376486365398318,0.1379650793496228,2803.625503677952,0.01340946528380385,0.9602988366082371,0.013291605139821541,0.10918942439346713
1,0,0,0,0,87.86190811645935,0.1009478738350586,19.263748756069734,0.1,14.189217367301625,0.02,50.0,1903959605.1665761,0.001,0.10918942439346713,0.02129697471619156,0.16376486365398318,0.1379650793496228,2803.625503677952,0.01340946528380385,0.9602988366082371,0.013291605139821541,0.10918942439346713
1,0,0,0,0,87.86190811645935,0.1009478738350586,19.263748756069734,0.1,14.189217367301625,0.02,50.0,1903959605.1665761,0.001,0.10918942439346713,0.02129697471619156,0.16376486365398318,0.1379650793496228,2803.625503677952,0.01340946528380385,0.9602988366082371,0.013291605139821541,0.10918942439346713
4,0,0,0,0,66.55526099739478,0.10565786362270412,20.048933638957863,0.1,18.946216266462926,0.02,50.0,2015371033.5098639,0.001,0.10935100258142444,0.023097913033014245,0.16974920975295643,0.14154391914857584,3009.481277857309,0.014407397105876598,0.9566242164703312,0.01426952840588994,0.10935100258142444
4,0,0,0,0,66.55526099739478,0.10565786362270412,20.048933638957863,0.1,18.946216266462926,0.02,50.0,2015371033.5098639,0.001,0.10935100258142444,0.023097913033014245,0.16974920975295643,0.14154391914857584,3009.481277857309,0.014407397105876598,0.9566242164703312,0.01426952840588994,0.10935100258142444
4,0,0,0,0,66.55526099739478,0.10565786362270412,20.048933638957863,0.1,18.48478410011992,0.02,50.0,2017587395.0516224,0.001,0.10935641079693789,0.02309667629583016,0.16974169500004466,0.14156321096187816,3011.061796003192,0.01440612151074409,0.956625362538969,0.014268284586551024,0.10935641079693789
4,0,0,0,0,66.55526099739478,0.10565786362270412,20.048933638957863,0.1,18.48478410011992,0.02,50.0,2017587395.0516224,0.001,0.10935641079693789,0.02309667629583016,0.16974169500004466,0.14156321096187816,3011.061796003192,0.01440612151074409,0.956625362538969,0.014268284586551024,0.10935641079693789
4,0,0,0,0,66.55526099739478,0.10565786362270412,20.048933638957863,0.1,18.48478410011992,0.02,50.0,2017587395.0516224,0.001,0.10935641079693789,0.02309667629583016,0.16974169500004466,0.14156321096187816,3011.061796003192,0.01440612151074409,0.956625362538969,0.014268284586551024,0.10935641079693789
4,0,0,0,0,66.55526099739478,0.10565786362270412,20.048933638957863,0.1,18.48478410011992,0.02,50.0,2017587395.0516224,0.001,0.10935641079693789,0.02309667629583016,0.16974169500004466,0.14156321096187816,3011.061796003192,0.01440612151074409,0.956625362538969,0.014268284586551024,0.10935641079693789
4,0,0,0,0,66.55526099739478,0.10565786362270412,20.048933638957863,0.1,18.48478410011992,0.02,50.0,2017587395.0516224,0.001,0.10935641079693789,0.02309667629583016,0.16974169500004466,0.14156321096187816,3011.061796003192,0.01440612151074409,0.956625362538969,0.014268284586551024,0.10935641079693789
4,0,0,0,0,66.55526099739478,0.10565786362270412,20.048933638957863,0.1,18.48478410011992,0.02,50.0,2017587395.0516224,0.001,0.10935641079693789,0.02309667629583016,0.16974169500004466,0.14156321096187816,3011.061796003192,0.01440612151074409,0.956625362538969,0.014268284586551024,0.10935641079693789
4,0,0,0,0,66.55526099739478,0.10565786362270412,20.048933638957863,0.1,18.48478410011992,0.02,50.0,2017587395.0516224,0.001,0.10935641079693789,0.02309667629583016,0.16974169500004466,0.14156321096187816,3011.061796003192,0.01440612151074409,0.956625362538969,0.014268284586551024,0.10935641079693789
4,0,0,0,0,66.55526099739478,0.10565786362270412,20.048933638957863,0.1,18.48478410011992,0.02,50.0,2017587395.0516224,0.001,0.10935641079693789,0.02309667629583016,0.16974169500004466,0.14156321096187816,3011.061796003192,0.01440612151074409,0.956625362538969,0.014268284586551024,0.10935641079693789
0,0,0,0,0,60.810734893703945,0.10249605837918468,11.646357288238283,0.1,16.83554361712849,0.02,50.0,1991527195.7695074,0.001,0.10974010943322676,0.0406892140110028,0.23042308471791315,0.18760089771068036,1913.30155862965,0.02654739898545929,0.9263132175960623,0.026040833471988087,0.10974010943322676
3,0,0,0,0,28.071079399860384,0.10275587127926983,4.72520367493974,0.1,5.834777035669938,0.02,50.0,1926035175.4819875,0.001,0.1097704865116688,0.0128427385767738,0.12695722134477525,0.0762090990782449,98.13762981648713,0.008059068025793127,0.975995363470938,0.007949930693767829,0.1097704865116688
3,0,0,0,0,31.68633916845895,0.10275587127926983,4.5516287545095935,0.1,5.834777035669938,0.02,50.0,1920227142.879071,0.001,0.1100236293849972,0.012918096287670724,0.12732829308343702,0.07642936504171924,100.11329567479721,0.008106247109770818,0.9758542556305628,0.007996010780762487,0.1100236293849972
0,0,0,0,0,85.8563236171146,0.10483963273241755,19.986777233039845,0.1,8.31876492867503,0.02,50.0,2050282965.2084353,0.001,0.11004556266174814,0.022912548490851063,0.17107532728763958,0.1499963699160579,2552.3965247524525,0.0146333838032865,0.9577694005714983,0.014510117097006777,0.11004556266174814
4,0,0,0,0,75.89198703158387,0.10925530941429097,24.400697334708884,0.1,0.6562530980592292,0.02,50.0,2031791789.1554618,0.001,0.11055870359269931,0.023274956418422182,0.17055211261916572,0.14119507009797838,2996.0100877090813,0.014544011559430296,0.9563528389105967,0.014403180691718606,0.11055870359269931
3,0,0,0,0,82.35184739731231,0.10410178875413122,10.788607014042935,0.1,11.329738293375001,0.02,50.0,2017816003.2825897,0.001,0.11071796060932845,0.049836047541467504,0.25205053020367324,0.1925005931350222,2376.7129692854414,0.0317647348879764,0.9079975562670533,0.0309646774236499,0.11071796060932845
4,0,0,0,0,73.01777477145161,0.10954127614873228,19.165591563007126,0.1,16.530750960005616,0.02,50.0,2094674215.5585737,0.001,0.11094184825243145,0.02324818359624026,0.17040816105617554,0.14125264659678421,3005.7316029194767,0.01451947067727373,0.9563848195928378,0.014379544497421555,0.11094184825243145
4,0,0,0,0,93.90968829819506,0.10257084506919832,23.77049687954522,0.1,16.810373992371968,0.02,50.0,1918381661.3859794,0.001,0.11111194372997302,0.023090021159085504,0.16970256906992282,0.14060047232453332,3079.807556445143,0.01439948097446596,0.9566320517434689,0.014259703847028021,0.11111194372997302
1,0,0,0,0,98.86684418197541,0.1026051045683672,22.519468078459397,0.1,4.1066820216647315,0.02,50.0,1910290333.696535,0.001,0.11114092047098578,0.02210774363036961,0.16679493627762565,0.1394961943166938,2856.4118460478817,0.013910275383928599,0.958764830461268,0.013782835741995203,0.11114092047098578
1,0,0,0,0,30.069936086965274,0.10067694016723895,17.238128056214883,0.1,3.244336020595832,0.02,50.0,2061919742.3526533,0.001,0.11174886328837805,0.019419344233861283,0.1559128621148504,0.13323385731730883,2440.5376106396593,0.012154410286422175,0.9636291432221141,0.012058501098126976,0.11174886328837805
4,0,0,0,0,91.49298306948874,0.10449012832786053,28.66029104094669,0.1,2.929317439383981,0.02,50.0,2041773663.4385269,0.001,0.11186602912411839,0.02319934787971356,0.17013716112700217,0.14040214085304722,3066.472888184625,0.014473326798177748,0.9564399362633695,0.014332471015827481,0.11186602912411839
0,0,0,0,0,85.21190476489095,0.10210573531780281,11.186093065289628,0.1,3.6528338088684653,0.02,50.0,2090603564.8656776,0.001,0.11190403837579865,0.040685726152637255,0.22955174164994444,0.18892290796463165,1997.525769729743,0.02634700104726142,0.9258572486014858,0.025871158760252724,0.11190403837579865
1,0,0,0,0,92.11997227451306,0.10439641658647644,19.460563678271715,0.1,15.859502589079938,0.02,50.0,2000180893.4818864,0.001,0.1119795491390636,0.02180728579561002,0.16524265358805726,0.13742510376391065,2919.289187096486,0.013652567282411345,0.9591650376735931,0.013527528038444273,0.1119795491390636
1,0,0,0,0,92.11997227451306,0.10439641658647644,19.460563678271715,0.1,15.859502589079938,0.02,50.0,2000180893.4818864,0.001,0.1119795491390636,0.02180728579561002,0.16524265358805726,0.13742510376391065,2919.289187096486,0.013652567282411345,0.9591650376735931,0.013527528038444273,0.1119795491390636
1,0,0,0,0,92.11997227451306,0.10439641658647644,19.460563678271715,0.1,15.859502589079938,0.02,50.0,2000180893.4818864,0.001,0.1119795491390636,0.02180728579561002,0.16524265358805726,0.13742510376391065,2919.289187096486,0.013652567282411345,0.9591650376735931,0.013527528038444273,0.1119795491390636
1,0,0,0,0,92.11997227451306,0.10439641658647644,19.460563678271715,0.1,15.859502589079938,0.02,50.0,2000180893.4818864,0.001,0.1119795491390636,0.02180728579561002,0.16524265358805726,0.13742510376391065,2919.289187096486,0.013652567282411345,0.9591650376735931,0.013527528038444273,0.1119795491390636
1,0,0,0,0,97.75790352971698,0.10383484967280099,15.125810265839547,0.1,15.62919730148992,0.02,50.0,2040455649.3276224,0.001,0.11206117009185004,0.022411523331845706,0.16791320770169932,0.1399833758678694,2884.782253555538,0.014097422660337009,0.958188908434634,0.013966663124668183,0.11206117009185004
1,0,0,0,0,97.75790352971698,0.10383484967280099,15.125810265839547,0.1,15.62919730148992,0.02,50.0,2040455649.3276224,0.001,0.11206117009185004,0.022411523331845706,0.16791320770169932,0.1399833758678694,2884.782253555538,0.014097422660337009,0.958188908434634,0.013966663124668183,0.11206117009185004
0,0,0,0,0,98.36197224794287,0.10110686800106873,18.16378058957608,0.1,11.582281340054653,0.02,50.0,1977830908.2751884,0.001,0.11208098801838146,0.0222492399978588,0.16792310932710722,0.1469742769346324,2601.8270119081526,0.014099085323041802,0.9587337324275682,0.013983093138269035,0.11208098801838146
0,0,0,0,0,98.36197224794287,0.10110686800106873,18.16378058957608,0.1,11.582281340054653,0.02,50.0,1977830908.2751884,0.001,0.11208098801838146,0.0222492399978588,0.16792310932710722,0.1469742769346324,2601.8270119081526,0.014099085323041802,0.9587337324275682,0.013983093138269035,0.11208098801838146
0,0,0,0,0,98.36197224794287,0.10110686800106873,18.16378058957608,0.1,11.582281340054653,0.02,50.0,1977830908.2751884,0.001,0.11208098801838146,0.0222492399978588,0.16792310932710722,0.1469742769346324,2601.8270119081526,0.014099085323041802,0.9587337324275682,0.013983093138269035,0.11208098801838146
0,0,0,0,0,50.662630879995355,0.10569024118711232,13.781027994139643,0.1,19.082605738991344,0.02,50.0,1926162752.0109258,0.001,0.11212302396297746,0.0415823300810816,0.22808206425855584,0.17177718589885976,1925.690610814408,0.026010714018221998,0.9220838991055793,0.025311176806473146,0.11212302396297746
0,0,0,0,0,52.57944353524434,0.10223709540890492,28.62312600535658,0.1,3.177466384935523,0.02,50.0,1907895876.6032677,0.001,0.1123448015932963,0.041377089303030606,0.22760045866740777,0.17014438072431873,1879.288679173775,0.025900984392807195,0.9225119992397814,0.025180812122093905,0.1123448015932963
1,0,0,0,0,92.11997227451306,0.10420374775985661,19.460563678271715,0.1,16.232246290581557,0.02,50.0,1995871428.7134159,0.001,0.11240853731826206,0.02185693883628755,0.16553682260860936,0.13824027324695815,2909.0577565469202,0.0137012198196771,0.9591130501249547,0.013576951988462168,0.11240853731826206
1,0,0,0,0,92.11997227451306,0.10439641658647644,19.460563678271715,0.1,16.232246290581557,0.02,50.0,1995871428.7134159,0.001,0.11244237155822945,0.02186665855815243,0.16547938215331226,0.13784691591434178,2920.110275755913,0.01369171295892098,0.9590584683769742,0.013566476218112987,0.11244237155822945
0,0,0,0,0,48.4466551866131,0.10383938114217413,24.654814753155037,0.1,14.190895573161512,0.02,50.0,2039082275.5470083,0.001,0.11257324510627481,0.04217771604037665,0.23033395479264682,0.17355096991938695,1866.1934354528062,0.026526865365210536,0.9213036323842357,0.0257854269570369,0.11257324510627481
3,0,0,0,0,31.121219141692738,0.10271435049473164,3.8944038761644872,0.1,5.336036525072663,0.02,50.0,1928958438.6890814,0.001,0.11257459442623557,0.013924317237587538,0.13212883479286472,0.07949426538428986,111.87094163211384,0.008729014491860069,0.9739533096890484,0.008603743878601423,0.11257459442623557
3,0,0,0,0,29.97066460436792,0.10253674578189542,4.561922504191788,0.1,5.336036525072663,0.02,50.0,1928958438.6890814,0.001,0.11263670212169252,0.02931493755589787,0.2034842900527487,0.14103724992431704,108.80414195107338,0.02070292814913558,0.9505903738283235,0.020288895487553988,0.11263670212169252
4,0,0,0,0,37.84918587974562,0.10085238976753502,19.485079300372387,0.1,1.4445457314611951,0.02,50.0,1976439603.3011775,0.001,0.11268959950352664,0.023675054590165313,0.17180856549236107,0.14351451586052708,2875.334102117769,0.014759091588271461,0.955521031738749,0.014619218531812965,0.11268959950352664
0,0,0,0,0,49.86688653425617,0.10461698744117234,19.142184423251468,0.1,19.19874413228167,0.02,50.0,1967462435.2871866,0.001,0.11274322502900658,0.04175458433139426,0.22894405304461665,0.17221135104281515,1891.402335830992,0.02620768971224812,0.9219693282239314,0.025486545702777478,0.11274322502900658
3,0,0,0,0,25.941774178928675,0.10225857039128804,18.473814084197677,0.1,13.074526193106596,0.02,50.0,2011290625.9770737,0.001,0.1128066468873773,0.02314082435813799,0.16998350311670257,0.14308193654616813,2708.770468878834,0.014447195665913019,0.9565740420266704,0.014314889526457403,0.1128066468873773
3,0,0,0,0,25.941774178928675,0.10225857039128804,18.473814084197677,0.1,13.074526193106596,0.02,50.0,2011290625.9770737,0.001,0.1128066468873773,0.02314082435813799,0.16998350311670257,0.14308193654616813,2708.770468878834,0.014447195665913019,0.9565740420266704,0.014314889526457403,0.1128066468873773
1,0,0,0,0,6.565375165475276,0.10568038147948156,19.765604159083484,0.1,17.99391842563373,0.02,50.0,2028802545.4853997,0.001,0.1128270162396896,0.030206550155440232,0.19473206256847403,0.13258241840930363,1081.7581065720726,0.01896028809608604,0.9435521717060666,0.01844676449201912,0.1128270162396896
2,0,0,0,0,55.46160326101019,0.10591123880522238,12.868305676007852,0.1,10.183440152906536,0.02,50.0,2054844061.1902473,0.001,0.11324344725431526,0.03074243994697297,0.19666703681372272,0.15720446085380835,2691.9790489033326,0.019338961684545086,0.942649444107362,0.019068118037480514,0.11324344725431526
4,0,0,0,0,65.92029219923371,0.10993838833581922,10.936778635313223,0.1,17.500515972053016,0.02,50.0,2051273068.5236666,0.001,0.11463590292178652,0.050951660781294636,0.2558290481171976,0.1933618789106546,2309.4111501207426,0.03272425093027569,0.9065177162329945,0.031856960388237474,0.11463590292178652
1,0,0,0,0,30.945936481230074,0.10493224396640326,25.363365302972188,0.1,5.844097110097036,0.02,50.0,2071371623.9201794,0.001,0.11536989234636424,0.020190699878658028,0.15900018324692516,0.1364682121162959,2507.020815695444,0.012640529136277891,0.9621922350557883,0.012539823648287192,0.11536989234636424
3,0,0,0,0,34.747202331495046,0.10269515999484402,4.126787328558922,0.1,5.689979049971273,0.02,50.0,1934001754.3099022,0.001,0.115377183483383,0.014517366745050761,0.13490266818787003,0.08080531985816408,107.27046862224694,0.00909936494210328,0.9728406290480718,0.008964157073601414,0.115377183483383
1,0,0,0,0,33.42094719777964,0.10643492473663878,23.88305054989556,0.1,14.630426236196213,0.02,50.0,1917128091.741606,0.001,0.1155272983624194,0.020211905098391353,0.1592487112014656,0.1370041344786362,2504.4391291966763,0.0126800760096639,0.9622138270279113,0.012580794796490598,0.1155272983624194
3,0,0,0,0,30.588772112161955,0.10293559211569316,4.282578958115908,0.1,5.732476817189022,0.02,50.0,1926035175.4819875,0.001,0.11564222936170773,0.014561638480339473,0.1351070884608927,0.08086186458639219,104.72268041309685,0.009126962676189742,0.9727574513099778,0.008990918242905262,0.11564222936170773
3,0,0,0,0,38.84037426725079,0.1062321428514938,11.135187859831603,0.1,4.191398252356215,0.02,50.0,2004289546.520045,0.001,0.11566591456067513,0.050710860682933165,0.2551003528533654,0.19036890422622937,2166.4494923085585,0.032538095012955764,0.9068860194204529,0.03166407732264984,0.11566591456067513
3,0,0,0,0,38.84037426725079,0.1062321428514938,11.135187859831603,0.1,4.191398252356215,0.02,50.0,2004289546.520045,0.001,0.11566591456067513,0.050710860682933165,0.2551003528533654,0.19036890422622937,2166.4494923085585,0.032538095012955764,0.9068860194204529,0.03166407732264984,0.11566591456067513
3,0,0,0,0,38.84037426725079,0.1062321428514938,11.135187859831603,0.1,4.191398252356215,0.02,50.0,2004289546.520045,0.001,0.11566591456067513,0.050710860682933165,0.2551003528533654,0.19036890422622937,2166.4494923085585,0.032538095012955764,0.9068860194204529,0.03166407732264984,0.11566591456067513
0,0,0,0,0,47.73354291925589,0.1062487209557543,16.429721393172503,0.1,18.282409279291915,0.02,50.0,1969607529.4471822,0.001,0.11651553189520897,0.042738177575730237,0.23117684014490567,0.1730832018338404,1903.6110542558029,0.026721365709691632,0.919889261403513,0.025976462802286257,0.11651553189520897
1,0,0,0,0,31.434700052952387,0.10493224396640326,25.363365302972188,0.1,5.844097110097036,0.02,50.0,2071371623.9201794,0.001,0.11657273519766587,0.020565029810474224,0.16058659606887243,0.1381758310269334,2503.043478708251,0.0128940274184936,0.9615359646082376,0.012790969775561444,0.11657273519766587
3,0,0,0,0,30.628346273208713,0.10271435049473164,3.907499422942585,0.1,5.336036525072663,0.02,50.0,1931011438.5614874,0.001,0.11660869463559731,0.015102453737603803,0.13755670019731714,0.08237552066487197,111.60133136885584,0.009460922884587296,0.9717339742720243,0.009316425313812297,0.11660869463559731
3,0,0,0,0,30.588772112161955,0.10269515999484402,4.229049749636305,0.1,6.6063008550938465,0.02,50.0,1936797803.1884172,0.001,0.11719067828420399,0.015013712898089313,0.137170155536061,0.08183549523076324,106.05007040887422,0.00940782578489358,0.9719058838377873,0.009263838040781337,0.11719067828420399
3,0,0,0,0,30.588772112161955,0.10269515999484402,4.121870124621774,0.1,6.014953087772103,0.02,50.0,1932336174.47563,0.001,0.11762106235730839,0.01523219979169008,0.1381492898115784,0.08249634363253228,107.51057055358211,0.009542613137721739,0.9714920980157171,0.009395329725384718,0.11762106235730839
3,0,0,0,0,30.588772112161955,0.10269515999484402,4.1665494600588024,0.1,6.014953087772103,0.02,50.0,1932336174.47563,0.001,0.1177287031461604,0.015237974643676412,0.1381793576563868,0.08244512411948113,106.83276809447439,0.00954676744116583,0.9714825418837989,0.009399369467524711,0.1177287031461604
1,0,0,0,0,38.93280746039214,0.10870564413760593,11.4024904786366,0.1,7.357425198594063,0.02,50.0,1994899799.0867712,0.001,0.11774152147941042,0.03605451764537353,0.2151736012641173,0.1770738492803176,2252.715969498894,0.023149839340484674,0.9338345663098858,0.022776622660776916,0.11774152147941042
3,0,0,0,0,30.588772112161955,0.10275587127926983,4.3260795036473265,0.1,5.860448964066765,0.02,50.0,1926035175.4819875,0.001,0.11777595215761102,0.03397941186895691,0.22689251368398453,0.1679486111612821,120.48674030706998,0.02574010638291855,0.9467955419969536,0.02521129931006217,0.11777595215761102
3,0,0,0,0,30.628346273208713,0.10272052280586501,4.24606428384372,0.1,5.336036525072663,0.02,50.0,1928793535.7839134,0.001,0.11780920407813422,0.01526213835321244,0.13828814865527397,0.0825931494674447,105.44467932129274,0.009561806029251576,0.9714370862242122,0.009414423672002282,0.11780920407813422
3,0,0,0,0,30.588772112161955,0.10275623400450104,4.296313707622022,0.1,5.245775603928477,0.02,50.0,1928160514.5714707,0.001,0.11786684280479565,0.015262346286622217,0.1382899913979616,0.08259769349990875,104.67662821094773,0.00956206086042415,0.9714369877189156,0.00941473196104959,0.11786684280479565
4,0,0,0,0,67.7935529105053,0.10020604810585217,10.982369965585628,0.1,18.06971120876881,0.02,50.0,1909140492.090495,0.001,0.1180447130329694,0.051056331169969084,0.25487092093475644,0.19186566681460626,2350.7256547686,0.03247959316906543,0.9055979468279224,0.03163751637224786,0.1180447130329694
3,0,0,0,0,30.628346273208713,0.10271435049473164,4.351048095337038,0.1,5.336036525072663,0.02,50.0,1928958438.6890814,0.001,0.11812297676491236,0.015304006964273607,0.1384780993991733,0.0826676891057341,103.78761787607118,0.009588092006603662,0.9713588581344965,0.009439948692574831,0.11812297676491236
2,0,0,0,0,1.7251992839316488,0.10664175462299307,11.701916055609308,0.1,17.55898216904791,0.02,50.0,1990740788.8437514,0.001,0.1183311243976567,0.032809816333276086,0.20177963463611476,0.15949076916585392,819.1890618251405,0.02035751047694198,0.9381348033352777,0.020033971006503393,0.1183311243976567
4,0,0,0,0,29.70938001254958,0.10556638718754417,14.669555402273845,0.1,2.018518343291769,0.02,50.0,1926425468.3939588,0.001,0.11853882147675543,0.024515164692527167,0.17480281099114864,0.14720269819822046,2765.7344390067246,0.015278011365203617,0.9539314775437179,0.015131430893478136,0.11853882147675543
1,0,0,0,0,33.0696797787496,0.10453061813940802,25.136843939797554,0.1,10.674601379122567,0.02,50.0,2029584355.2690794,0.001,0.11866257189681831,0.02105080848497375,0.16253178935580906,0.14010289480762217,2511.6616655174594,0.013208291275600545,0.9606499846931554,0.013101758154386339,0.11866257189681831
1,0,0,0,0,33.0696797787496,0.10453061813940802,25.136843939797554,0.1,10.674601379122567,0.02,50.0,2029584355.2690794,0.001,0.11866257189681831,0.02105080848497375,0.16253178935580906,0.14010289480762217,2511.6616655174594,0.013208291275600545,0.9606499846931554,0.013101758154386339,0.11866257189681831
1,0,0,0,0,33.0696797787496,0.10453061813940802,25.136843939797554,0.1,10.674601379122567,0.02,50.0,2029584355.2690794,0.001,0.11866257189681831,0.02105080848497375,0.16253178935580906,0.14010289480762217,2511.6616655174594,0.013208291275600545,0.9606499846931554,0.013101758154386339,0.11866257189681831
1,0,0,0,0,33.0696797787496,0.10453061813940802,25.136843939797554,0.1,10.674601379122567,0.02,50.0,2029584355.2690794,0.001,0.11866257189681831,0.02105080848497375,0.16253178935580906,0.14010289480762217,2511.6616655174594,0.013208291275600545,0.9606499846931554,0.013101758154386339,0.11866257189681831
1,0,0,0,0,33.0696797787496,0.10453061813940802,25.136843939797554,0.1,10.674601379122567,0.02,50.0,2029584355.2690794,0.001,0.11866257189681831,0.02105080848497375,0.16253178935580906,0.14010289480762217,2511.6616655174594,0.013208291275600545,0.9606499846931554,0.013101758154386339,0.11866257189681831
1,0,0,0,0,33.0696797787496,0.10453061813940802,25.136843939797554,0.1,10.674601379122567,0.02,50.0,2029584355.2690794,0.001,0.11866257189681831,0.02105080848497375,0.16253178935580906,0.14010289480762217,2511.6616655174594,0.013208291275600545,0.9606499846931554,0.013101758154386339,0.11866257189681831
4,0,0,0,0,73.09782161540896,0.10225160003223493,9.894765539664249,0.1,10.19137833691108,0.02,50.0,1974316062.1738977,0.001,0.11871095720648583,0.0567217384189171,0.2691898450755001,0.20302885886974142,2228.939838832562,0.03623158634588587,0.89546790674401,0.035173002516985914,0.11871095720648583
3,0,0,0,0,30.628346273208713,0.10271435049473164,4.336154442106354,0.1,5.336036525072663,0.02,50.0,1928793535.7839134,0.001,0.11881358619246613,0.03336012003710307,0.2245790652188409,0.16610713542333036,119.0790932865037,0.0252178782672842,0.9476413158333196,0.024704915115625087,0.11881358619246613
3,0,0,0,0,30.330597753218797,0.10275587127926983,3.9032868295798675,0.1,5.534689682179478,0.02,50.0,1928160514.5714707,0.001,0.11895390086086388,0.015838042134194884,0.14083752415386375,0.0846093271163132,111.7847161346218,0.009917604104895079,0.9703476024641056,0.00976046188054039,0.11895390086086388
3,0,0,0,0,30.64229535098165,0.10270501594787852,4.422564945115942,0.1,6.756418844362619,0.02,50.0,1920227142.879071,0.001,0.1194663293184734,0.015600395560215374,0.13980446284290085,0.08332832083456052,102.67955613899093,0.009772643915396022,0.9708015172685395,0.009618481521335879,0.1194663293184734
3,0,0,0,0,30.64229535098165,0.10270501594787852,4.402432857896628,0.1,5.834777035669938,0.02,50.0,1920227142.879071,0.001,0.1195141104519668,0.015668824319245378,0.1401058355024315,0.08366457574837197,102.74300708052606,0.009814822570917196,0.9706718382679889,0.00966002585940759,0.1195141104519668
0,0,0,0,0,47.788302961373994,0.1008841859862557,20.76317976953191,0.1,16.35717787897448,0.02,50.0,2010639327.0138628,0.001,0.11974526626469112,0.04324719893051199,0.23234705144612783,0.1709607564811063,1823.154597340923,0.026992576157854786,0.9188253479332879,0.026184323623852045,0.11974526626469112
0,0,0,0,0,47.788302961373994,0.1008841859862557,20.76317976953191,0.1,16.35717787897448,0.02,50.0,2010639327.0138628,0.001,0.11974526626469112,0.04324719893051199,0.23234705144612783,0.1709607564811063,1823.154597340923,0.026992576157854786,0.9188253479332879,0.026184323623852045,0.11974526626469112
3,0,0,0,0,34.534499619766216,0.10779315654570203,9.392128414663912,0.1,7.041117939470295,0.02,50.0,2071321059.2870576,0.001,0.11985397797911301,0.05797187360533477,0.27327655233437664,0.2014991316868526,1993.2810249969086,0.03734003702788165,0.8938871743806079,0.03617144541718674,0.11985397797911301
2,0,0,0,0,40.39464319583338,0.1097925222901451,16.55795987192083,0.1,9.37583424071794,0.02,50.0,1960547927.5293586,0.001,0.11991225023292473,0.02344724990628232,0.1710093222653063,0.1441114974272347,2876.1967220136667,0.014622094150819692,0.9559607199976382,0.014486558895160685,0.11991225023292473
2,0,0,0,0,42.006080765252655,0.10210625317717296,22.373970184329934,0.1,12.228825688084385,0.02,50.0,1951392519.8347824,0.001,0.11993074028307793,0.023453972271063404,0.17104125098130335,0.14421111471605852,2860.6192748934236,0.014627554768624602,0.9559510535565794,0.0144917641391199,0.11993074028307793
3,0,0,0,0,30.588772112161955,0.1025594137670453,3.863526750501076,0.1,5.5519563327436305,0.02,50.0,1926035175.4819875,0.001,0.12002504994900605,0.021104549766305346,0.16823147864787688,0.11563446954227558,129.9124184611767,0.014150915204025529,0.9626703029217084,0.013887661690186352,0.12002504994900605
4,0,0,0,0,31.058042375559577,0.10023150463272773,4.225773319842492,0.1,18.38059993344403,0.02,50.0,1905757722.2100267,0.001,0.1202052091125884,0.015473221765403675,0.13926483706230672,0.08299365474955825,109.18939043043927,0.009697347420995418,0.9710497380976437,0.009546258003957527,0.1202052091125884
3,0,0,0,0,30.588772112161955,0.10275587127926983,4.559976833260882,0.1,4.913726096499906,0.02,50.0,1928160514.5714707,0.001,0.12023524498463656,0.029465896804808538,0.20325718113314936,0.14066406715168034,107.88871191918206,0.020656740841096942,0.9499794059465311,0.020234456335552275,0.12023524498463656
4,0,0,0,0,76.48198108605195,0.10759409876349606,9.71509459840461,0.1,17.227795438424366,0.02,50.0,2050951735.200017,0.001,0.12023724323465523,0.05690123991520117,0.2699505791943145,0.20362482966346424,2221.7087067536327,0.03643665760367293,0.8953480680245662,0.03536302445447441,0.12023724323465523
2,0,0,0,0,41.11994727450792,0.10561115249210182,29.413287257251614,0.1,11.842881694520148,0.02,50.0,2021360607.025516,0.001,0.1202940754730934,0.02366299842230863,0.17178936732156266,0.1441322474749665,2835.867893720954,0.01475579336237139,0.9555535231045045,0.01461712525777948,0.1202940754730934
1,0,0,0,0,48.1051353646412,0.10560649521446772,10.843069599026926,0.1,4.761964897630957,0.02,50.0,2060794393.4920678,0.001,0.12057142278038302,0.044625334894591966,0.24187574029996295,0.19527230279995,1975.7371544855328,0.02925193687282756,0.9195034030546244,0.028656378443522257,0.12057142278038302
1,0,0,0,0,48.1051353646412,0.10560649521446772,10.843069599026926,0.1,4.761964897630957,0.02,50.0,2060794393.4920678,0.001,0.12057142278038302,0.044625334894591966,0.24187574029996295,0.19527230279995,1975.7371544855328,0.02925193687282756,0.9195034030546244,0.028656378443522257,0.12057142278038302
1,0,0,0,0,36.507043906031775,0.10979997232977635,10.721376864431395,0.1,11.129963915930288,0.02,50.0,2091852830.2382371,0.001,0.12102550513960386,0.043323605897865824,0.23857918590145913,0.19376495998912358,1910.0141633312014,0.0284600139727015,0.9219946796100841,0.02791179409048757,0.12102550513960386
1,0,0,0,0,37.693352346059285,0.10820635724120851,9.858923730182697,0.1,16.569160991073485,0.02,50.0,2080391078.5630853,0.001,0.12116823366764373,0.053920392433336545,0.26540183661443745,0.20523060936260623,1878.5906285866602,0.03521906743915827,0.9024431825802475,0.03428437382393435,0.12116823366764373
0,0,0,0,0,96.26271772434633,0.10149327107080126,10.845275420536968,0.1,3.10436478711609,0.02,50.0,1947502831.4097674,0.001,0.12172338751226519,0.04726872251797837,0.2487171001705264,0.20028390888375644,1988.0214856699492,0.03093009795861783,0.914607820176847,0.030277596869976088,0.12172338751226519
0,0,0,0,0,96.26271772434633,0.10149327107080126,10.845275420536968,0.1,3.10436478711609,0.02,50.0,1947502831.4097674,0.001,0.12172338751226519,0.04726872251797837,0.2487171001705264,0.20028390888375644,1988.0214856699492,0.03093009795861783,0.914607820176847,0.030277596869976088,0.12172338751226519
3,0,0,0,0,60.17219786586481,0.10617595972290604,11.931514370468895,0.1,10.042268015128943,0.02,50.0,1990720562.9595873,0.001,0.12206647473883106,0.03910717627796505,0.22187695263908572,0.17533991336620197,2611.373240595161,0.024614691056203543,0.9270770248712581,0.024158658330981717,0.12206647473883106
2,0,0,0,0,52.229213722849515,0.10024441749867746,28.65577043731312,0.1,5.887965669328807,0.02,50.0,2001459082.6639788,0.001,0.12211291425158072,0.024456446566808503,0.174596881723113,0.146478595224713,2917.319025788937,0.015242035553717354,0.9540432610693121,0.015094272908385057,0.12211291425158072
3,0,0,0,0,79.63805746384337,0.10568336918830984,10.266993409665025,0.1,2.2034945129303303,0.02,50.0,1920295943.7523568,0.001,0.12217437066097345,0.03777345639702944,0.21830891189254809,0.17303981394266363,2685.2201630770546,0.023829390505854163,0.9296903898568949,0.023408670049142703,0.12217437066097345
3,0,0,0,0,79.63805746384337,0.10568336918830984,10.266993409665025,0.1,2.2034945129303303,0.02,50.0,1920295943.7523568,0.001,0.12217437066097345,0.03777345639702944,0.21830891189254809,0.17303981394266363,2685.2201630770546,0.023829390505854163,0.9296903898568949,0.023408670049142703,0.12217437066097345
3,0,0,0,0,79.63805746384337,0.10568336918830984,10.266993409665025,0.1,2.2034945129303303,0.02,50.0,1920295943.7523568,0.001,0.12217437066097345,0.03777345639702944,0.21830891189254809,0.17303981394266363,2685.2201630770546,0.023829390505854163,0.9296903898568949,0.023408670049142703,0.12217437066097345
1,0,0,0,0,35.29633290740789,0.10289751046489655,27.139508091491773,0.1,2.8543422204915134,0.02,50.0,2010484304.2049277,0.001,0.12258469035026431,0.02149524053840187,0.1638969016219234,0.1417809899430838,2596.29931771259,0.013431097180633221,0.959688424960138,0.013321430045635555,0.12258469035026431
2,0,0,0,0,59.59623493127243,0.10593294071498514,25.595163354119904,0.1,1.7017465085094758,0.02,50.0,1900832639.477301,0.001,0.12258659215098966,0.02482562044444267,0.1759833402372871,0.14732741527691467,2933.5101505880452,0.015485068020536374,0.9533797572331093,0.015331759123506154,0.12258659215098966
3,0,0,0,0,54.80560361740918,0.1038637098242095,11.402024600289614,0.1,4.841749476729353,0.02,50.0,2054765119.6130564,0.001,0.1226010734556913,0.04023089942768859,0.22605447444653234,0.17713003106142847,2523.413205764928,0.02555031270864897,0.9255143982278856,0.025046989729914544,0.1226010734556913
1,0,0,0,0,36.949302418545656,0.1035409767429556,17.392563872121258,0.1,6.977964841144672,0.02,50.0,1938478736.8630538,0.001,0.12299228138436524,0.02197255871761559,0.16607238572817828,0.1435507552751734,2538.077112971471,0.013790018650724418,0.9589348477929717,0.01367650531818823,0.12299228138436524
2,0,0,0,0,89.77688711226841,0.10902573575911377,9.883141951845833,0.1,13.589296981962004,0.02,50.0,2065777938.5266922,0.001,0.1231645879963309,0.05510616265954012,0.2666845734249696,0.20529396884148102,2195.387294957146,0.035560330851429,0.8992868964548673,0.03456079781279179,0.1231645879963309
2,0,0,0,0,68.28432705084334,0.10076472492150573,25.730818937143873,0.1,4.382584146862224,0.02,50.0,1955252159.0980654,0.001,0.12331198753549821,0.02497047587242948,0.17649213033336394,0.1478858460328213,2974.29063240641,0.015574736034804564,0.9531061311731124,0.01542035789631848,0.12331198753549821
2,0,0,0,0,69.54979518141275,0.1094304767093394,28.368633130031085,0.1,15.568182839482397,0.02,50.0,1938145826.8611681,0.001,0.12361890402590109,0.0252684677116334,0.17755954288622222,0.14860365216373955,2989.893878144368,0.015763695634982096,0.9525537307761802,0.015605010743099652,0.12361890402590109
0,0,0,0,0,47.236944174660564,0.10406543844637146,19.74820407524609,0.1,0.34604745481191457,0.02,50.0,1928528102.3540945,0.001,0.12383580129460098,0.0446372748249769,0.23618436658435024,0.1741048531973185,1826.6150240686618,0.02789152750942537,0.9162893147720695,0.027042540472943074,0.12383580129460098
2,0,0,0,0,77.12119121799948,0.10208409461080913,14.99965221045607,0.1,12.821528959457098,0.02,50.0,1935601018.0727353,0.001,0.12385544937954479,0.025090451350241953,0.17679993629687035,0.1485161558598826,3051.9414644091426,0.015629108737288705,0.9528330825528671,0.015474693738161351,0.12385544937954479
3,0,0,0,0,27.682083493599293,0.10223090134788232,4.626375820340543,0.1,5.4048973258924295,0.02,50.0,1927860405.390303,0.001,0.12400453528582936,0.016295174855902133,0.14299486373663312,0.08572714892662887,102.44248197801969,0.010223765527529138,0.9695382033778942,0.010061171483734602,0.12400453528582936
2,0,0,0,0,77.58837753353036,0.10763286143182324,20.85394513544416,0.1,7.949542262253061,0.02,50.0,2033955325.920568,0.001,0.12401785051277858,0.025167305131877243,0.17706111503535021,0.14867044558957024,3095.5347203972015,0.015675319228780762,0.9526847277608976,0.01552000391828398,0.12401785051277858
4,0,0,0,0,32.00492349509051,0.10639404160018893,9.349965862962549,0.1,18.052310996405474,0.02,50.0,2022665640.7069204,0.001,0.12405285262747368,0.05299320283215046,0.2613312533805408,0.19763071849200223,1981.1442522759914,0.03414701199672222,0.9030323518851836,0.03317275076534571,0.12405285262747368
2,0,0,0,0,77.38374428271959,0.10047816681036302,23.580713810421535,0.1,8.155499290665237,0.02,50.0,2082661722.8230116,0.001,0.12417167826017417,0.025223095087825834,0.17725850873788906,0.14888139439677667,3071.986271281373,0.015710289459990145,0.9525803584472242,0.015554350330459056,0.12417167826017417
2,0,0,0,0,79.67076200426784,0.109476301551341,19.118568066498803,0.1,16.33031869330603,0.02,50.0,1951947937.6297371,0.001,0.12419514565268724,0.025322845841535935,0.17767739634432272,0.148654285634769,3061.239417831163,0.015784628585848774,0.952421313895194,0.01562679316358724,0.12419514565268724
2,0,0,0,0,77.69612036728141,0.10946509769950588,29.734593972709323,0.1,7.555339971584363,0.02,50.0,1927005395.077827,0.001,0.12421310579076844,0.025445911413970845,0.178130499764375,0.1492650796537998,3031.8143146412085,0.015865237473153004,0.9521991827241209,0.015705241943720485,0.12421310579076844
2,0,0,0,0,77.69612036728141,0.10946509769950588,29.734593972709323,0.1,7.555339971584363,0.02,50.0,1927005395.077827,0.001,0.12421310579076844,0.025445911413970845,0.178130499764375,0.1492650796537998,3031.8143146412085,0.015865237473153004,0.9521991827241209,0.015705241943720485,0.12421310579076844
2,0,0,0,0,82.82946850115091,0.10618561281605139,23.878142425079446,0.1,2.461090825572533,0.02,50.0,1976186949.9324937,0.001,0.12433624195401743,0.025313984477581025,0.17765131740588141,0.14891862658326097,3059.4368780598597,0.015779995288022614,0.9524400407467827,0.015622376225471246,0.12433624195401743
2,0,0,0,0,33.50653264296659,0.1035945554445149,4.924568505962259,0.1,3.270250405826578,0.02,50.0,2070973949.0347495,0.001,0.12456409324298252,0.015729060902162573,0.1403719688014775,0.08175919040815999,96.76462838901818,0.009852144812601486,0.9705581348888616,0.009674510087138813,0.12456409324298252
1,0,0,0,0,39.264739437151086,0.10135736781786753,12.771343204476397,0.1,5.127725526939588,0.02,50.0,2048446823.239836,0.001,0.12464283838154658,0.02954242620230868,0.19323250377137616,0.16415058694263068,2427.507408002329,0.018669400256877453,0.9450871799250185,0.018442741252434745,0.12464283838154658
2,0,0,0,0,83.16127262195832,0.10920449048105485,28.506571100026136,0.1,15.153834588267085,0.02,50.0,2012670063.2954779,0.001,0.12464292600731758,0.025509183860771112,0.17826931003894309,0.14953109001508774,3089.3336766513594,0.015889973450880408,0.9520459918494839,0.01573025319269026,0.12464292600731758
2,0,0,0,0,94.98902381081561,0.10187282326401764,15.026819044318238,0.1,12.9887783013113,0.02,50.0,1952654070.3322802,0.001,0.12474884390641777,0.025465140009075,0.17810336693956708,0.14937239407957115,3108.8039222365387,0.015860404657605038,0.9521238108374951,0.01570164477415039,0.12474884390641777
2,0,0,0,0,84.64269656632787,0.10544672685709706,15.984773496622607,0.1,7.263889972913088,0.02,50.0,2091084276.1845417,0.001,0.12475624346604614,0.025523578276510993,0.1782942834020832,0.1494387030923559,3115.5048149269487,0.01589442574693118,0.9520083991544694,0.01573465853885406,0.12475624346604614
2,0,0,0,0,94.3139627730167,0.10900269550456622,14.905626285463606,0.1,8.115850592887266,0.02,50.0,1900817592.8725164,0.001,0.12477000055285098,0.025508990271735192,0.17833142344259387,0.1494370326812869,3087.412336469128,0.015901048293530857,0.952072478445788,0.01574110067823324,0.12477000055285098
4,0,0,0,0,38.06707071394172,0.10568071937403412,10.793000411710208,0.1,11.066085315766273,0.02,50.0,1931680414.3411586,0.001,0.12477461018142719,0.05187559079903854,0.25763266210523594,0.19393531576214262,2179.387033514412,0.03318729429171534,0.9045183840172073,0.03227751839677082,0.12477461018142719
2,0,0,0,0,92.73876310422145,0.10799698180330854,23.75673156019147,0.1,7.450172150686405,0.02,50.0,1901305235.4525707,0.001,0.1247869093423633,0.025537867586932952,0.17835194605534438,0.1495676895895179,3110.2763390628224,0.015904708330864235,0.9519847608155734,0.01574484153678629,0.1247869093423633
2,0,0,0,0,93.12652235993531,0.10928295948716127,23.610750273177892,0.1,10.26790130168903,0.02,50.0,1984982261.060367,0.001,0.12483095842806935,0.02554194634433298,0.17836316670527144,0.14969805309013723,3126.0409521993893,0.015906709618566228,0.9519758346288779,0.015746981724558448,0.12483095842806935
1,0,0,0,0,36.19069481954788,0.1011834112518555,16.524083520544984,0.1,11.866732358832177,0.02,50.0,2047787950.1453934,0.001,0.12499514115346771,0.021973788361804986,0.1658289877015824,0.1440727313325308,2565.925999165135,0.013749626581065783,0.9588365008164702,0.013637995768151397,0.12499514115346771
2,0,0,0,0,92.22740661969668,0.10077691419623631,28.24420222687467,0.1,11.47857623099612,0.02,50.0,2019428130.1669035,0.001,0.12505751490489742,0.02598159581934182,0.1800715349070706,0.15020000670175232,3053.23699068072,0.016212878841894172,0.9512247312332803,0.016045317909363824,0.12505751490489742
2,0,0,0,0,92.27954774571256,0.10019938909067619,13.651470494174221,0.1,18.039834267726253,0.02,50.0,2027613936.3867216,0.001,0.12507520701492103,0.025715867736705398,0.1790106078046986,0.15017427928090415,3082.7186836589185,0.01602239885330381,0.9516660382020242,0.015859991635544336,0.12507520701492103
2,0,0,0,0,94.85507806192732,0.10802595949113719,28.422451084780892,0.1,14.337945412709956,0.02,50.0,1912371095.1414158,0.001,0.12508911045775,0.025924691231716437,0.17980678722333077,0.15022657483930157,3077.1629139755787,0.016165240365788074,0.951303256747784,0.0159991328695048,0.12508911045775
5,0,0,0,0,32.812190200401474,0.10275587127926983,4.909216574575224,0.1,5.834777035669938,0.02,50.0,1926056389.910099,0.001,0.12554617379225902,0.024798884099818154,0.1979442482737841,0.1095335969052521,110.10869013386329,0.019590962712336738,0.9630492993293919,0.01887364565767914,0.12554617379225902
1,0,0,0,0,32.50836803858162,0.1030086389655182,9.397309029389845,0.1,7.352514279461007,0.02,50.0,1992795920.64069,0.001,0.12555278469128428,0.052922951909962226,0.26485195442529824,0.20358846671308445,1698.6501354376014,0.035073278881450135,0.9054278110235096,0.03413595832702382,0.12555278469128428
2,0,0,0,0,84.28986848568901,0.10637365467397497,9.361830372876652,0.1,12.313427701369895,0.02,50.0,1985585330.9234712,0.001,0.1256043216600612,0.05603638409439886,0.2690055507751435,0.20660907781507742,2148.686985037099,0.036181993173919146,0.8976367037578151,0.035143552946947695,0.1256043216600612
3,0,0,0,0,98.46949730632008,0.10635674986094758,3.0093443049137276,0.1,18.261714693351387,0.02,50.0,2091198449.2451673,0.001,0.12564487607361538,0.019682934496371575,0.1648205071452124,0.11583670723288789,147.28041051457575,0.013582899787802504,0.9660836511836339,0.013330473725185824,0.12564487607361538
0,0,0,0,0,56.574950802631065,0.10950315328883903,10.13366817552982,0.1,6.6324017630514,0.02,50.0,1922725405.87404,0.001,0.1259229464338787,0.048963664224962095,0.24956732007806612,0.1959867255955784,1831.0764475891626,0.03114192362547395,0.9094522743762322,0.030335083740543924,0.1259229464338787
4,0,0,0,0,71.5137489402837,0.10225160003223493,9.894765539664249,0.1,10.84128717867663,0.02,50.0,1974316062.1738977,0.001,0.12603499017873676,0.052873937716051325,0.2619305502725127,0.20456609467401848,2129.6399651901547,0.03430380658303066,0.9037957563069005,0.0333897721971868,0.12603499017873676
4,0,0,0,0,71.5137489402837,0.10225160003223493,9.894765539664249,0.1,10.84128717867663,0.02,50.0,1974316062.1738977,0.001,0.12603499017873676,0.052873937716051325,0.2619305502725127,0.20456609467401848,2129.6399651901547,0.03430380658303066,0.9037957563069005,0.0333897721971868,0.12603499017873676
3,0,0,0,0,11.840191778777546,0.10232023007625649,12.172662246254973,0.1,7.883686935945173,0.02,50.0,1985981963.078884,0.001,0.12786362798128303,0.031201589849083063,0.19681988598419312,0.1621341085602896,2159.506720619125,0.01936903375941539,0.941189112608359,0.01911067561628807,0.12786362798128303
0,0,0,0,0,40.571511089412674,0.10173693942761497,12.120688726955903,0.1,9.790753361762661,0.02,50.0,1954736326.2081654,0.001,0.12867257318017417,0.046912636886807954,0.24350797075209055,0.18400914400439744,1693.306499593524,0.02964806590990049,0.9128033641670746,0.028801577918694008,0.12867257318017417
4,0,0,0,0,71.5137489402837,0.10225160003223493,9.329760319047287,0.1,10.84128717867663,0.02,50.0,1974316062.1738977,0.001,0.12889995365405116,0.05420337569821988,0.265177905198478,0.20665230783124497,2104.5519388149705,0.0351596607027265,0.9013612893122955,0.034199158680068634,0.12889995365405116
4,0,0,0,0,71.5137489402837,0.10225160003223493,9.329760319047287,0.1,10.84128717867663,0.02,50.0,1974316062.1738977,0.001,0.12889995365405116,0.05420337569821988,0.265177905198478,0.20665230783124497,2104.5519388149705,0.0351596607027265,0.9013612893122955,0.034199158680068634,0.12889995365405116
5,0,0,0,0,30.588772112161955,0.10275587127926983,4.916575308466576,0.1,3.7725656375664975,0.02,50.0,1932548777.4778485,0.001,0.12902898715687017,0.02735208315081332,0.20710724657999055,0.11789562635041975,111.78909519721107,0.021446705792972504,0.9588687030142248,0.02064729060486385,0.12902898715687017
0,0,0,0,0,36.86145321029142,0.10379776101761812,13.846694902689336,0.1,13.839608730553143,0.02,50.0,2001802911.8706713,0.001,0.1290706217589757,0.04437802494621863,0.23616097613654738,0.173564662777554,1742.459062426077,0.027886003324883453,0.9171405912706659,0.027067019830067436,0.1290706217589757
2,0,0,0,0,0.14100922678626254,0.10137804215715697,14.373979293307213,0.1,15.189384229679332,0.02,50.0,2080914410.3267426,0.001,0.12917076465251187,0.02725926768260039,0.18567651813449257,0.13182877853060548,398.78790151046445,0.017237884693274273,0.9493575053423053,0.01695392412966053,0.12917076465251187
3,0,0,0,0,30.588772112161955,0.10275587127926983,4.555843073400056,0.1,6.14068186345889,0.02,50.0,1926035175.4819875,0.001,0.12952330455022798,0.03220378416191977,0.21197449404544327,0.14590712620043872,109.9698376518716,0.022466593062910833,0.945076103273726,0.021955186030710026,0.12952330455022798
3,0,0,0,0,30.588772112161955,0.10275587127926983,4.555843073400056,0.1,6.14068186345889,0.02,50.0,1926035175.4819875,0.001,0.12952330455022798,0.03220378416191977,0.21197449404544327,0.14590712620043872,109.9698376518716,0.022466593062910833,0.945076103273726,0.021955186030710026,0.12952330455022798
0,0,0,0,0,35.91115770050402,0.10480780517181616,29.812095827668056,0.1,13.343549513776614,0.02,50.0,2046963829.9640944,0.001,0.1299683410509085,0.04535626798526646,0.23895830954224204,0.17610246544698643,1733.6141700051755,0.02855053684964298,0.9154303593649454,0.027694748917211517,0.1299683410509085
0,0,0,0,0,35.91115770050402,0.10480780517181616,29.812095827668056,0.1,13.343549513776614,0.02,50.0,2046963829.9640944,0.001,0.1299683410509085,0.04535626798526646,0.23895830954224204,0.17610246544698643,1733.6141700051755,0.02855053684964298,0.9154303593649454,0.027694748917211517,0.1299683410509085
0,0,0,0,0,35.91115770050402,0.10480780517181616,29.812095827668056,0.1,13.343549513776614,0.02,50.0,2046963829.9640944,0.001,0.1299683410509085,0.04535626798526646,0.23895830954224204,0.17610246544698643,1733.6141700051755,0.02855053684964298,0.9154303593649454,0.027694748917211517,0.1299683410509085
0,0,0,0,0,35.91115770050402,0.10480780517181616,29.812095827668056,0.1,13.343549513776614,0.02,50.0,2046963829.9640944,0.001,0.1299683410509085,0.04535626798526646,0.23895830954224204,0.17610246544698643,1733.6141700051755,0.02855053684964298,0.9154303593649454,0.027694748917211517,0.1299683410509085
0,0,0,0,0,35.91115770050402,0.10480780517181616,29.812095827668056,0.1,13.343549513776614,0.02,50.0,2046963829.9640944,0.001,0.1299683410509085,0.04535626798526646,0.23895830954224204,0.17610246544698643,1733.6141700051755,0.02855053684964298,0.9154303593649454,0.027694748917211517,0.1299683410509085
5,0,0,0,0,24.093089903833942,0.1010004016789627,19.467639359699152,0.1,13.131956010611106,0.02,50.0,2027632081.9855418,0.001,0.1301490314914472,0.02598550212540124,0.18032829916546755,0.15424552235421174,2806.004319189856,0.016259147739955182,0.9513196709752246,0.016101542228310117,0.1301490314914472
1,0,0,0,0,41.205611740208724,0.10145094608657845,17.00300491492789,0.1,7.200334992686526,0.02,50.0,1957208327.8990085,0.001,0.13089942052998077,0.023450981620221398,0.17130777237551023,0.14955851767194606,2616.75982020719,0.014673176438129813,0.9560674729548982,0.014549258211561486,0.13089942052998077
1,0,0,0,0,34.34035340742159,0.10436673621624927,9.741454560384064,0.1,7.665333333497153,0.02,50.0,2030644908.163258,0.001,0.13098458828692194,0.050597193921264216,0.259189132598805,0.20342803747471805,1717.7489413212793,0.03358950322866046,0.9097181944626603,0.032764887570299946,0.13098458828692194
1,0,0,0,0,22.480410246063165,0.10573252909065972,9.621457125558043,0.1,3.057324223686111,0.02,50.0,1929989055.6009922,0.001,0.1312704784038512,0.04817487967869559,0.2530810944669181,0.19701300326630553,1529.5759320728089,0.03202502018828657,0.9141421148436834,0.031280397649494196,0.1312704784038512
1,0,0,0,0,22.480410246063165,0.10573252909065972,9.621457125558043,0.1,3.057324223686111,0.02,50.0,1929989055.6009922,0.001,0.1312704784038512,0.04817487967869559,0.2530810944669181,0.19701300326630553,1529.5759320728089,0.03202502018828657,0.9141421148436834,0.031280397649494196,0.1312704784038512
1,0,0,0,0,22.480410246063165,0.10573252909065972,9.621457125558043,0.1,3.057324223686111,0.02,50.0,1929989055.6009922,0.001,0.1312704784038512,0.04817487967869559,0.2530810944669181,0.19701300326630553,1529.5759320728089,0.03202502018828657,0.9141421148436834,0.031280397649494196,0.1312704784038512
1,0,0,0,0,22.480410246063165,0.10573252909065972,9.621457125558043,0.1,3.057324223686111,0.02,50.0,1929989055.6009922,0.001,0.1312704784038512,0.04817487967869559,0.2530810944669181,0.19701300326630553,1529.5759320728089,0.03202502018828657,0.9141421148436834,0.031280397649494196,0.1312704784038512
1,0,0,0,0,22.32101130168144,0.10577400858861388,9.621457125558043,0.1,3.057324223686111,0.02,50.0,1929989055.6009922,0.001,0.13147163865817213,0.04795476265734748,0.25225349357652854,0.1966358600623186,1532.3297080616776,0.03181591251078186,0.9143879203339994,0.03108166451753214,0.13147163865817213
3,0,0,0,0,31.130850917841425,0.10276327467347675,4.0919571754205135,0.1,4.843765376785686,0.02,50.0,1927687879.3901188,0.001,0.1323427191383964,0.025130335797326188,0.18124101851269497,0.11724219058340887,134.1972801048278,0.01642415339575952,0.9545552385990183,0.016044105645143823,0.1323427191383964
1,0,0,0,0,76.50150010250852,0.10234337265568288,9.521879937402668,0.1,6.500111312670977,0.02,50.0,2017529488.9430177,0.001,0.1324407886124106,0.05413816016799168,0.26763773369150284,0.21080878033474787,1932.4864489646557,0.0358149782477619,0.9031077486848055,0.03487864662248423,0.1324407886124106
1,0,0,0,0,39.50614606423773,0.10314045452569534,25.08225877861891,0.1,6.557910904993425,0.02,50.0,2085141485.8714476,0.001,0.13277947954907257,0.024003682914055576,0.17332914070203514,0.151380047452057,2643.707481699671,0.015021495508252948,0.9550378798057383,0.014892290554741252,0.13277947954907257
1,0,0,0,0,41.895507637144966,0.10940000588750677,22.79249844229227,0.1,2.6832190135895364,0.02,50.0,1922466842.2948992,0.001,0.13283136349554756,0.02348286352480767,0.17116229280051154,0.14934151039360016,2737.580888116553,0.014648265238364024,0.9559030738068238,0.014524611202330687,0.13283136349554756
3,0,0,0,0,32.53711663087522,0.10572345806274201,4.484442211910441,0.1,0.6086969141812107,0.02,50.0,2093554027.589766,0.001,0.13286159671225997,0.02480615822575121,0.17704542573772336,0.1254488736029494,155.9038484472738,0.015672541387325857,0.9538820691512563,0.015385592292172888,0.13286159671225997
3,0,0,0,0,32.53711663087522,0.10572345806274201,4.484442211910441,0.1,0.6086969141812107,0.02,50.0,2093554027.589766,0.001,0.13286159671225997,0.02480615822575121,0.17704542573772336,0.1254488736029494,155.9038484472738,0.015672541387325857,0.9538820691512563,0.015385592292172888,0.13286159671225997
1,0,0,0,0,51.61501728117867,0.10253134516075584,11.325954567041043,0.1,6.793158903804828,0.02,50.0,1958387405.8617718,0.001,0.13303309652637052,0.03844945353766126,0.2208094039227812,0.18409827301980042,2388.8610890239656,0.02437839643036697,0.9287180798786521,0.023978926169269194,0.13303309652637052
5,0,0,0,0,70.51713038369085,0.10641593700226426,12.235086434310373,0.1,18.91016574442538,0.02,50.0,2072676555.1264422,0.001,0.1335446731024285,0.03405659725185417,0.20610323640292535,0.1707530172673158,2892.459363552051,0.02123927202788007,0.9360363105588729,0.02093378701261528,0.1335446731024285
5,0,0,0,0,55.96069770921451,0.10569528900139727,2.34712218142895,0.1,10.044529072245354,0.02,50.0,2064273158.2015674,0.001,0.13388689459844622,0.06377305332164313,0.30465093362111806,0.22025388115315608,152.4779035138303,0.046406095678109445,0.8957040455101116,0.04468970865636906,0.13388689459844622
1,0,0,0,0,50.29243674076146,0.10264841855274791,11.598330920227362,0.1,15.039749738968379,0.02,50.0,2042700687.0691285,0.001,0.13416319923432318,0.038767542706401384,0.22109762803330277,0.18486610372822343,2421.0456095780605,0.024442080560976354,0.9278063789542735,0.02404239303277548,0.13416319923432318
3,0,0,0,0,98.70616755859464,0.10956746766903315,28.52953028781128,0.1,19.164138087903577,0.02,50.0,2007835890.1502526,0.001,0.13509836315392337,0.027255945173057374,0.18415926753241016,0.15733143529765564,3182.6613431553656,0.01695731790903691,0.9487139245442282,0.01678295848660868,0.13509836315392337
3,0,0,0,0,97.92938041791943,0.10406056682941922,20.60248042832782,0.1,19.09929067135565,0.02,50.0,2029298636.7610686,0.001,0.13578235769263147,0.02780244675438441,0.18604415696847085,0.15846099108964834,3134.9853136248685,0.017306214171054508,0.9477063438845125,0.01712246912531857,0.13578235769263147
3,0,0,0,0,97.92938041791943,0.10406056682941922,20.60248042832782,0.1,19.09929067135565,0.02,50.0,2029298636.7610686,0.001,0.13578235769263147,0.02780244675438441,0.18604415696847085,0.15846099108964834,3134.9853136248685,0.017306214171054508,0.9477063438845125,0.01712246912531857,0.13578235769263147
1,0,0,0,0,45.46278353768108,0.10277218935203886,15.399755367513585,0.1,7.3757369904314425,0.02,50.0,1900014384.504858,0.001,0.13587529888458755,0.024326555497224574,0.17427230117997708,0.15279942163540483,2698.5307616654563,0.015185417479282322,0.9543441224609102,0.015055769435424181,0.13587529888458755
3,0,0,0,0,97.15602573637436,0.10418607152333757,16.189302906733218,0.1,3.6051537515247283,0.02,50.0,2076133172.149069,0.001,0.13595585034158741,0.027629484940460143,0.18543915297140695,0.15817042406739235,3160.495603833358,0.017193839727376436,0.9480206762290112,0.017013620876078515,0.13595585034158741
0,0,0,0,0,89.80421967883834,0.10000513237599923,9.965865260989228,0.1,8.206238530000766,0.02,50.0,1985851167.4188685,0.001,0.13619496458739755,0.053241241390254546,0.2643093389642242,0.20930755801935183,1816.3088109629452,0.03492971333185259,0.9040318598068076,0.03408324819521259,0.13619496458739755
1,0,0,0,0,45.05288869753509,0.10578218538934103,19.87807444254916,0.1,18.464238475636012,0.02,50.0,1914012799.2202196,0.001,0.13658657460191842,0.024328598765811796,0.17414727949402373,0.15257368813919836,2758.3613933185497,0.01516363747758481,0.9542864915616586,0.015033486255135009,0.13658657460191842
0,0,0,0,0,58.290787525733585,0.10506298814206566,10.996830708378543,0.1,17.54609144298505,0.02,50.0,2041853509.7653027,0.001,0.1370791839689106,0.0530088557842244,0.2640593053047352,0.2085835421303669,1692.499988370378,0.034863658359009675,0.9046523502236079,0.03399094378015185,0.1370791839689106
1,0,0,0,0,42.07499207909215,0.10602819862578702,18.016020706985596,0.1,15.096173898705317,0.02,50.0,2073506958.901426,0.001,0.1375666412353945,0.02468752198868184,0.1754533759451258,0.15378500718326915,2754.527046158437,0.015391943565270825,0.9536227950233591,0.015258665428899178,0.1375666412353945
1,0,0,0,0,42.07499207909215,0.10602819862578702,18.016020706985596,0.1,15.096173898705317,0.02,50.0,2073506958.901426,0.001,0.1375666412353945,0.02468752198868184,0.1754533759451258,0.15378500718326915,2754.527046158437,0.015391943565270825,0.9536227950233591,0.015258665428899178,0.1375666412353945
1,0,0,0,0,42.07499207909215,0.10602819862578702,18.016020706985596,0.1,15.096173898705317,0.02,50.0,2073506958.901426,0.001,0.1375666412353945,0.02468752198868184,0.1754533759451258,0.15378500718326915,2754.527046158437,0.015391943565270825,0.9536227950233591,0.015258665428899178,0.1375666412353945
4,0,0,0,0,99.1135597153452,0.1096113674504647,25.411234657948125,0.1,13.701065543535506,0.02,50.0,2091705139.3279858,0.001,0.13757465699572013,0.027916273787489735,0.18633943692201863,0.1596365632916581,3206.1197910395736,0.01736119287620748,0.947455204086185,0.01717995453484428,0.13757465699572013
4,0,0,0,0,99.1135597153452,0.1096113674504647,25.411234657948125,0.1,13.701065543535506,0.02,50.0,2091705139.3279858,0.001,0.13757465699572013,0.027916273787489735,0.18633943692201863,0.1596365632916581,3206.1197910395736,0.01736119287620748,0.947455204086185,0.01717995453484428,0.13757465699572013
2,0,0,0,0,15.187329699023454,0.10924846506854853,12.957882996806873,0.1,1.3023759424952013,0.02,50.0,2087550666.8742542,0.001,0.13762058966760843,0.0309272935426664,0.196022703505495,0.16841069102730533,2248.0328945288384,0.0192124501448016,0.9417380718623157,0.018978072575820938,0.13762058966760843
3,0,0,0,0,69.37267642463368,0.10571117767378668,27.43577709890326,0.1,9.55303911174443,0.02,50.0,2081023305.356188,0.001,0.13770202810973636,0.02776912449895179,0.18587723244496943,0.159307577610718,3086.160925398272,0.017275172770700595,0.9477449881351288,0.01709494364405946,0.13770202810973636
5,0,0,0,0,30.334230570607588,0.1027317782212912,4.935652707284339,0.1,4.913726096499906,0.02,50.0,1928186315.587454,0.001,0.13774559872481434,0.027908600012841463,0.20919239670958023,0.11558903258276208,114.66194618378984,0.021880729420549194,0.9580263686051432,0.02100166529886824,0.13774559872481434
1,0,0,0,0,13.333300646855115,0.10965458441607531,9.918442858277247,0.1,19.209318544411637,0.02,50.0,1961995756.1460977,0.001,0.1378964749548499,0.04488377174051948,0.24362178843535298,0.19098116937178983,1273.1445008252838,0.029675787900219946,0.9196309326321149,0.029067658239803448,0.1378964749548499
5,0,0,0,0,18.14497404029714,0.10561439267108355,20.29921075741554,0.1,9.155443813542513,0.02,50.0,1997915279.068518,0.001,0.13854405438049244,0.027939331682663576,0.18708838158134622,0.15996503973204673,2655.191538596716,0.017501031261363702,0.94770463400097,0.017317245543983104,0.13854405438049244
2,0,0,0,0,11.287827458303456,0.10024916885112319,9.319624387705154,0.1,9.41386162456299,0.02,50.0,2078904195.5184743,0.001,0.13854657330743547,0.05167408881856145,0.2605014609070709,0.19586568041646574,1332.2785103456263,0.03393050556735908,0.906924216928633,0.032973514351564814,0.13854657330743547
5,0,0,0,0,51.21130192734482,0.10059886545551941,12.660214507084977,0.1,16.775793853960767,0.02,50.0,2063216086.9653606,0.001,0.1399982321770945,0.03545142936064374,0.210040952644069,0.17587550783183406,2824.951052324798,0.022058600893814017,0.9332986375500869,0.021732306769779247,0.1399982321770945
4,0,0,0,0,87.08267932862073,0.10434168971001566,23.554493253855085,0.1,3.82548951431126,0.02,50.0,2085293423.1891563,0.001,0.1402905102789468,0.028154281855285186,0.1871198713771931,0.1612281335499405,3188.241226349503,0.017506923132108644,0.9470018811239695,0.017325375097890297,0.1402905102789468
4,0,0,0,0,94.22331145709484,0.10019852918448917,22.040125484337214,0.1,2.386850808875637,0.02,50.0,1947655774.32933,0.001,0.14059184314290674,0.028284279923971912,0.18757147136029698,0.16163029448751257,3216.6538517083345,0.017591528434133353,0.9467659665997381,0.01740844078373009,0.14059184314290674
4,0,0,0,0,94.22331145709484,0.10019852918448917,22.040125484337214,0.1,2.386850808875637,0.02,50.0,1947655774.32933,0.001,0.14059184314290674,0.028284279923971912,0.18757147136029698,0.16163029448751257,3216.6538517083345,0.017591528434133353,0.9467659665997381,0.01740844078373009,0.14059184314290674
4,0,0,0,0,85.50359023980477,0.10237079528105938,17.90960396571832,0.1,12.47538756588793,0.02,50.0,2087931743.510587,0.001,0.1408153099215747,0.02824411823200338,0.18741362030839093,0.16161664281997656,3187.1418384853355,0.01756193253854886,0.9468307818166027,0.017379671946568816,0.1408153099215747
3,0,0,0,0,52.586050793887885,0.1043679821559205,26.419979626678828,0.1,6.504752344733779,0.02,50.0,2035261753.4487553,0.001,0.14087198038816107,0.027836096275856724,0.18610193889988647,0.16104868446107728,3053.4509700225894,0.017316965831148536,0.9476192660198242,0.017141647669153257,0.14087198038816107
4,0,0,0,0,73.02799810415245,0.10998796433229982,26.603888357077995,0.1,14.748213900556262,0.02,50.0,1983246414.793798,0.001,0.14110483387447142,0.028343587740322425,0.18774167244654189,0.16190071975461223,3138.3157517862655,0.01762346778651231,0.9466427990341206,0.01744007684592757,0.14110483387447142
4,0,0,0,0,74.90043419267487,0.10901520644953877,13.57729550900012,0.1,1.3424829636418865,0.02,50.0,1987126163.4976432,0.001,0.1411474324544218,0.028172256951400847,0.1872301438231559,0.1615918383803387,3174.820791192736,0.01752756337801982,0.9469901247107101,0.017347271591467484,0.1411474324544218
3,0,0,0,0,46.463975814381776,0.10591039898482084,27.845697245880576,0.1,10.51459545343024,0.02,50.0,2085101805.2370627,0.001,0.14193631093011166,0.02778515623208165,0.18603749261901803,0.1614908499945712,3053.2189825610553,0.017304974329985595,0.9477610859963609,0.01713255096387879,0.14193631093011166
3,0,0,0,0,46.463975814381776,0.10591039898482084,27.845697245880576,0.1,10.51459545343024,0.02,50.0,2085101805.2370627,0.001,0.14193631093011166,0.02778515623208165,0.18603749261901803,0.1614908499945712,3053.2189825610553,0.017304974329985595,0.9477610859963609,0.01713255096387879,0.14193631093011166
2,0,0,0,0,2.0202485791482463,0.10309128896944139,19.434806291866128,0.1,16.321999296899126,0.02,50.0,2047690870.6403868,0.001,0.14195900885470253,0.026264722253026052,0.18138480327762274,0.1490286876525177,977.9090057824428,0.016450223430030952,0.9508347804933187,0.0162559863528031,0.14195900885470253
4,0,0,0,0,72.49568958104695,0.10960023560242863,29.7828908973969,0.1,3.672200319110774,0.02,50.0,1903141245.0849693,0.001,0.142087701030718,0.028358510910211434,0.18778882474503705,0.16223842551187093,3127.800334224407,0.017632321349561123,0.9466137134482712,0.01744975144486847,0.142087701030718
1,0,0,0,0,3.756805060434883,0.10036042654144606,23.691474998020535,0.1,0.8474281267989285,0.02,50.0,1997339634.5934477,0.001,0.1423012290535411,0.03247260415194886,0.20369105737222876,0.13554761285142622,705.3010745713055,0.02074502342670829,0.9401630408224898,0.020129620491041854,0.1423012290535411
4,0,0,0,0,68.3560135447728,0.10761900870952675,27.732519595411684,0.1,12.404600265857491,0.02,50.0,2055904306.3169923,0.001,0.14240875545924958,0.02834011982007883,0.1878275407299296,0.16275375043721563,3176.6396264054806,0.01763959252832668,0.9466919831658328,0.01745903197848491,0.14240875545924958
5,0,0,0,0,75.64344578495208,0.10723127672231426,29.22266003298045,0.1,17.294991919154334,0.02,50.0,2095163695.8711953,0.001,0.142487494040838,0.02848381097228094,0.1882210979019543,0.16287823189192968,3186.594622731308,0.017713590847708533,0.9463856754037168,0.017530548421321575,0.142487494040838
3,0,0,0,0,42.60373288454279,0.10915808707033602,14.829500907542533,0.1,9.320318241479375,0.02,50.0,1996109199.54151,0.001,0.14250494611331255,0.028018485795828132,0.18670175544873974,0.16172510242262722,2969.5783795390485,0.017428772743820507,0.9472721837494874,0.017252293211725268,0.14250494611331255
4,0,0,0,0,72.04127764943637,0.10638400627072232,16.19819519513627,0.1,9.133922060736873,0.02,50.0,1917361743.9204614,0.001,0.14262447719527516,0.02860034290701169,0.18857615928303087,0.16303181764569363,3126.9124662426466,0.017780483924969514,0.9461533194682232,0.017594928399062272,0.14262447719527516
5,0,0,0,0,78.10248924096099,0.10407730016912156,22.099568011619304,0.1,12.539753397866319,0.02,50.0,2094909848.4005778,0.001,0.14267879550894347,0.02860601352621252,0.1885952543250094,0.16305600407589174,3179.9449706211512,0.01778408497695749,0.9461428198588591,0.01759876486563066,0.14267879550894347
5,0,0,0,0,78.15929209039912,0.10433718431799069,27.20651865482904,0.1,10.606476693245815,0.02,50.0,1997215512.2871156,0.001,0.14286654792946651,0.02900995880299636,0.18991964365893227,0.16356087562532312,3122.9405395473327,0.018034735523767904,0.9453811868788039,0.01784091756204945,0.14286654792946651
5,0,0,0,0,71.8302733100294,0.10945000457068874,20.84059087311415,0.1,6.736752802024921,0.02,50.0,2015673082.6176782,0.001,0.14288763802867754,0.028492685791692195,0.18830511566808647,0.1631514087275249,3182.956829828933,0.017729408293385714,0.9463930000455927,0.017547098528974073,0.14288763802867754
5,0,0,0,0,69.41707382845955,0.10960843693387771,22.280969148029346,0.1,5.093695350720004,0.02,50.0,2072469984.3133698,0.001,0.1429066061807357,0.02849689903681303,0.18831264787543767,0.16314974961264095,3179.600009332302,0.01773082667492929,0.9463822654521249,0.017548458932141315,0.1429066061807357
5,0,0,0,0,78.15929209039912,0.10438118630473943,28.152442143322446,0.1,10.606476693245815,0.02,50.0,1997215512.2871156,0.001,0.14291571658015523,0.028977897605780796,0.18981328350606377,0.16355822294256642,3127.2142248120817,0.01801454129767667,0.9454409376753096,0.017821390144396765,0.14291571658015523
5,0,0,0,0,78.15929209039912,0.10438118630473943,28.39745752246595,0.1,10.606476693245815,0.02,50.0,1997215512.2871156,0.001,0.14291571658015523,0.028977897605780796,0.18981328350606377,0.16355822294256642,3127.2142248120817,0.01801454129767667,0.9454409376753096,0.017821390144396765,0.14291571658015523
4,0,0,0,0,97.93417191158954,0.10416942739391385,2.9551997896993645,0.1,1.8283100290591292,0.02,50.0,1937386635.3524566,0.001,0.14296483916532715,0.0276231754608976,0.20187924125162723,0.11412040044877393,105.3606140596568,0.020377614024166355,0.9554705145200628,0.01965136624405442,0.14296483916532715
1,0,0,0,0,65.41377114582362,0.10177336151322984,9.980826314443936,0.1,16.824579557104496,0.02,50.0,1927412086.7346015,0.001,0.1430650688103141,0.04560768122772019,0.2412683165728241,0.1988125957240593,2359.9401033759227,0.029105200290942233,0.9158865299197979,0.028518480360050454,0.1430650688103141
3,0,0,0,0,44.813275387068835,0.10205851917128297,23.606337138353414,0.1,18.536002396451558,0.02,50.0,2096191442.2839115,0.001,0.14312107158512916,0.0280092715568901,0.1867509760013063,0.16239629994120552,3037.3678451809283,0.01743796351872024,0.9473243430207136,0.01726360973135844,0.14312107158512916
5,0,0,0,0,69.43004773037879,0.10622050913284851,18.196257379884802,0.1,17.46001787513476,0.02,50.0,2052046696.9001334,0.001,0.14372225376826842,0.02901073166202059,0.18990712026677486,0.16394311200830758,3113.2336694171477,0.018032357164009645,0.9453730611759539,0.017840092078456438,0.14372225376826842
4,0,0,0,0,72.81449927282964,0.10024228402748626,14.556620909679594,0.1,8.448829393785918,0.02,50.0,1927894737.1380987,0.001,0.14403946043167537,0.028711220064265037,0.1889458276374041,0.16384159194026088,3152.6551889640814,0.017850262890791814,0.9459465465309641,0.017665373635629325,0.14403946043167537
0,0,0,0,0,40.32877891024978,0.10564280874328398,19.661039047627998,0.1,4.050103536057759,0.02,50.0,1948051527.8399644,0.001,0.14420250190596606,0.050808881393137356,0.2514292513952727,0.18120842162772044,1716.536971763035,0.03160833422859363,0.9043898418895939,0.030497249248222585,0.14420250190596606
1,0,0,0,0,50.20508067267242,0.10895958349306999,22.22882845695569,0.1,3.676717821859112,0.02,50.0,1912056358.0723941,0.001,0.1446160008941128,0.026380007376740525,0.18128525489577815,0.15942191515002493,2843.984025880844,0.01643217182131363,0.9504083763272634,0.01628447658295738,0.1446160008941128
5,0,0,0,0,63.00622530814432,0.10944922830760556,25.36453726298076,0.1,9.005299542477312,0.02,50.0,2023158679.4236972,0.001,0.144855834115649,0.028753190401515888,0.1891965320402693,0.1643564287466604,3162.195379022915,0.01789766386803232,0.9459172476870225,0.017714047646707254,0.144855834115649
1,0,0,0,0,79.13314871379247,0.10477112198021046,9.653619891145118,0.1,1.1257082468291117,0.02,50.0,2096903558.5421958,0.001,0.14497521582610606,0.06341733939202768,0.2838653487200147,0.22323072305026287,2185.8840866097453,0.040289768101967764,0.8826183275978325,0.0390875728513928,0.14497521582610606
3,0,0,0,0,36.977381896185555,0.1095495212621698,27.083549042380334,0.1,11.947989493291024,0.02,50.0,1935107852.547551,0.001,0.1452512082791531,0.028090521416132344,0.18724707848393915,0.16309602556237698,2967.4663834970943,0.017530734200385235,0.9472699750804577,0.01735799562940177,0.1452512082791531
1,0,0,0,0,77.42420253062812,0.10394796821398328,10.280385740406775,0.1,3.37101920489362,0.02,50.0,2069038229.175777,0.001,0.14533790505060745,0.06104907789912589,0.27985571645162705,0.22081026985294128,2164.32753642744,0.03915961101532674,0.8878754993720094,0.038007243209943774,0.14533790505060745
4,0,0,0,0,62.24315513889459,0.10446365952424876,27.556575872007972,0.1,4.836117131271093,0.02,50.0,1909674779.4684567,0.001,0.14545719087998926,0.028856513101441654,0.18947052653554683,0.16484291934865752,3124.7810961069545,0.017949540212828678,0.9456938834917947,0.01776501065620923,0.14545719087998926
3,0,0,0,0,41.032776913359434,0.10238213662728783,15.306381058452143,0.1,13.188031873489933,0.02,50.0,1911679812.4304044,0.001,0.14550741910700765,0.02828273642247147,0.1876255479608914,0.16348162062779414,2963.981335570844,0.01760167312381238,0.946794782547324,0.017425872755653812,0.14550741910700765
2,0,0,0,0,17.352780907406164,0.10890600864041963,9.107137310148365,0.1,5.431752191876548,0.02,50.0,1963893789.1193266,0.001,0.145610797512338,0.06854800366902945,0.29546883583703126,0.22539937879324487,1626.0451915935632,0.043650916475445264,0.8733587928792741,0.04210746736635905,0.145610797512338
3,0,0,0,0,38.441981095508055,0.10596077761772811,27.81828674406061,0.1,0.6847980970666132,0.02,50.0,1901402784.3798802,0.001,0.14561737863407187,0.028271267918016957,0.1875957898570459,0.1632858230289202,2936.466650504541,0.01759609018604446,0.9468199840407139,0.01742027831773395,0.14561737863407187
5,0,0,0,0,65.69042597514266,0.10421178092691054,23.294868207796473,0.1,14.051192225073613,0.02,50.0,1952731009.2465827,0.001,0.14596232522025293,0.029055616606453814,0.19006391877716605,0.16512760832911794,3133.787196105801,0.018062146610466585,0.9452929534029093,0.017874347270881035,0.14596232522025293
4,0,0,0,0,54.30549661174338,0.10727595844821755,27.206592343160963,0.1,2.299101532210819,0.02,50.0,1937398382.7964885,0.001,0.14650277609189938,0.029125594369878036,0.19029038114946642,0.1654438220202924,3062.690352153828,0.018105214579004603,0.945160186118084,0.01791667497392283,0.14650277609189938
4,0,0,0,0,46.87723556471439,0.10995219446525717,14.364541323149696,0.1,14.238533880605921,0.02,50.0,2072591898.6940913,0.001,0.1470937880932751,0.028924840439156815,0.18976907798174206,0.165340156876965,3079.2448459423554,0.01800615147902025,0.9455982186538578,0.017822903136815137,0.1470937880932751
5,0,0,0,0,62.72405927460249,0.10009626853506796,28.260566593157176,0.1,6.768188744093673,0.02,50.0,2036364925.8358335,0.001,0.14715749806585682,0.029237811685907195,0.19072544639366476,0.1662107253087048,3168.41578395507,0.018188097951031344,0.9449795229327158,0.018000110899908085,0.14715749806585682
2,0,0,0,0,16.59757476513401,0.10081651385123173,29.87376030515747,0.1,12.985091462235467,0.02,50.0,1904353903.4047036,0.001,0.147198133659044,0.026473929515080943,0.18197293561291894,0.1603485945066766,2388.917587516411,0.016557074647791773,0.9503867424612443,0.016410246405010754,0.147198133659044
2,0,0,0,0,69.85622712741049,0.10097142179054877,12.356580886421373,0.1,18.260355292724487,0.02,50.0,2029986559.8043,0.001,0.1473441278612373,0.06720337676993532,0.2950088165160987,0.2248767311333456,1897.9915857748344,0.04351510091111461,0.877523979559483,0.04200736680341739,0.1473441278612373
5,0,0,0,0,59.641782477515584,0.10432281605955769,26.591769680037388,0.1,16.588399168878645,0.02,50.0,1930871138.7778735,0.001,0.14779057208007157,0.029262860685052506,0.1908054372705184,0.1663599014562756,3132.22776195207,0.018203357445996868,0.944931631757151,0.018015722784668384,0.14779057208007157
1,0,0,0,0,26.637947674663263,0.10906089662850164,9.250463311174753,0.1,12.58702588499161,0.02,50.0,1949216977.3715777,0.001,0.14973184982788235,0.05675877168252666,0.27405241992738816,0.2140848412295615,1521.0421780621882,0.03755236443402875,0.8984262780709782,0.036555493395409255,0.14973184982788235
2,0,0,0,0,17.5721068359567,0.10920666961212394,25.608033058416158,0.1,16.290640593402777,0.02,50.0,2047160574.8591127,0.001,0.14987790352562175,0.02714271875579692,0.18449945205735002,0.16295981496508213,2547.1301204077104,0.0170200239047312,0.9492376599250497,0.016867407223354097,0.14987790352562175
2,0,0,0,0,19.337855083798406,0.10540247499664795,10.95932380538114,0.1,14.96984383367627,0.02,50.0,2046224777.559205,0.001,0.14995536294806364,0.06907459254491663,0.29524407087501703,0.22824454078219625,1733.9714520641053,0.043584530693426035,0.871448596468272,0.042099855368373386,0.14995536294806364
4,0,0,0,0,46.07155910448052,0.10042280610520203,17.926423056823314,0.1,3.894835394648953,0.02,50.0,2041818862.7426882,0.001,0.15041929098358553,0.02991860653632998,0.19281843782030247,0.16826133327363915,3036.4928408248143,0.018589474981730927,0.9436467531696056,0.018393107081656857,0.15041929098358553
0,0,0,0,0,31.55883101619701,0.1025424354516632,24.141332188197243,0.1,9.592598060054833,0.02,50.0,2069786708.9586241,0.001,0.15078983439748073,0.0511077743359266,0.2529763222546315,0.1809537514201151,1609.410934525798,0.03199850981073959,0.9043039417719704,0.03087207272049046,0.15078983439748073
0,0,0,0,0,96.38740222049577,0.10177881012694025,9.248909452105725,0.1,16.89007450663571,0.02,50.0,1906851200.2344787,0.001,0.15091825606049136,0.0610257041906459,0.2820362690188581,0.22032772589313698,1742.4191072559975,0.039772228521038844,0.8893828525802709,0.03866085591282627,0.15091825606049136
2,0,0,0,0,30.588772112161955,0.10288356809085596,4.909216574575224,0.1,6.014953087772103,0.02,50.0,1932336174.47563,0.001,0.1512775479212429,0.02216993387204344,0.16633401937501324,0.09844988259836578,96.78316441832861,0.013833503000723639,0.958378394094877,0.013505570121434655,0.1512775479212429
1,0,0,0,0,56.553299574557585,0.10364427074809278,24.241845749544805,0.1,14.54267637867084,0.02,50.0,1935193490.819184,0.001,0.1514725094971402,0.027968419997438335,0.18651226579398172,0.1647168451295306,2907.224779991003,0.017393412645802443,0.9473565628487446,0.01723203498130386,0.1514725094971402
3,0,0,0,0,30.588772112161955,0.10275587127926983,4.063071088852404,0.1,4.913726096499906,0.02,50.0,1928186315.587454,0.001,0.15208738430957358,0.023249967926760026,0.1703206097871316,0.10193398230956771,110.30533230620885,0.014504555059130172,0.956344068715437,0.014153232666110916,0.15208738430957358
0,0,0,0,0,31.004715674353537,0.10031308127639058,16.2503353137134,0.1,10.515250571525314,0.02,50.0,2081848133.0816917,0.001,0.15221530776886494,0.050899717385283386,0.25223893093918615,0.1792927201490076,1592.59390725291,0.03181223914067176,0.9045628333772895,0.030687495676008463,0.15221530776886494
2,0,0,0,0,4.274132606587984,0.10503606430030027,26.893486733866833,0.1,12.527291818545569,0.02,50.0,2045092790.4807804,0.001,0.152305534094618,0.028906600319526285,0.19377820236493484,0.16502464182526205,1518.3416069274135,0.018774995855892818,0.947452989265329,0.018545433346576184,0.152305534094618
1,0,0,0,0,58.811358085428274,0.10339675925643715,25.165563893296508,0.1,18.216781432716402,0.02,50.0,1900588803.349334,0.001,0.1530971436428989,0.028422974691317413,0.18799663999115915,0.16612752466166436,2933.0312860917725,0.01767136832398275,0.9464899437849017,0.017505588789202026,0.1530971436428989
1,0,0,0,0,58.129801849446714,0.10508312248431224,15.320219644023803,0.1,5.4358108851497065,0.02,50.0,1937468388.0063956,0.001,0.15354236499678875,0.02844019353809761,0.18805447757211177,0.16610836951821223,2939.6184844496506,0.017682243267459943,0.9464579224970812,0.017516539301413683,0.15354236499678875
1,0,0,0,0,58.129801849446714,0.10508312248431224,15.320219644023803,0.1,5.4358108851497065,0.02,50.0,1937468388.0063956,0.001,0.15354236499678875,0.02844019353809761,0.18805447757211177,0.16610836951821223,2939.6184844496506,0.017682243267459943,0.9464579224970812,0.017516539301413683,0.15354236499678875
0,0,0,0,0,58.38232767903034,0.10357397541589311,9.541881812389608,0.1,1.0533863371559105,0.02,50.0,2001970339.0954442,0.001,0.15400040394176784,0.05945663851654011,0.2782335859094004,0.21655871303181543,1590.765701812299,0.03870696416400185,0.8921274546608706,0.03763572105884688,0.15400040394176784
1,0,0,0,0,57.88356140296416,0.10863427337366281,22.299141757916185,0.1,10.510738004705845,0.02,50.0,1942009149.8681643,0.001,0.1541205811169846,0.028999650815564604,0.18998654814782723,0.16763783605007923,2908.748914683683,0.018047444238563335,0.9454452005047658,0.01787421989034982,0.1541205811169846
5,0,0,0,0,93.69538292140932,0.10379447717375692,2.8927280799926485,0.1,11.534256490545776,0.02,50.0,1967776890.5806499,0.001,0.15414257313427338,0.023607830680953783,0.1736555455663525,0.10169392390108462,131.9238914985195,0.015078124252973764,0.9564895209870928,0.014628769376324631,0.15414257313427338
5,0,0,0,0,93.69538292140932,0.10379447717375692,2.8927280799926485,0.1,11.534256490545776,0.02,50.0,1967776890.5806499,0.001,0.15414257313427338,0.023607830680953783,0.1736555455663525,0.10169392390108462,131.9238914985195,0.015078124252973764,0.9564895209870928,0.014628769376324631,0.15414257313427338
1,0,0,0,0,73.94932786795805,0.1089109005136603,11.313593070855147,0.1,9.678308144574977,0.02,50.0,1970876216.881064,0.001,0.15432296854434494,0.04391872341713807,0.2348128054776415,0.19830750261391675,2616.7606990185027,0.027568526808140353,0.9179308178285339,0.027081038223988753,0.15432296854434494
3,0,0,0,0,22.090133366412033,0.10913150695129539,9.004256888644203,0.1,17.16257026563744,0.02,50.0,1953329074.3149037,0.001,0.15455185424387166,0.07174094162877026,0.3007923746317637,0.23031133291063682,1802.8637662127583,0.04523802631830765,0.866418922646817,0.043591370101750015,0.15455185424387166
1,0,0,0,0,72.03843451067975,0.10513304301987303,10.24486379204334,0.1,16.436602041096126,0.02,50.0,2024064033.7825923,0.001,0.1548136364649442,0.042624949195538976,0.23054587327894502,0.1966145126346191,2664.881486437198,0.026575699842975687,0.9199268023151467,0.026139785563149043,0.1548136364649442
3,0,0,0,0,30.628346273208713,0.10253674578189542,4.029101869923264,0.1,5.336036525072663,0.02,50.0,1928958438.6890814,0.001,0.15504591851562932,0.024182566688840446,0.17365329917223188,0.10444797012297855,111.06274801095233,0.015077734156700332,0.9545728240694993,0.014702336464828988,0.15504591851562932
2,0,0,0,0,30.588772112161955,0.10265843480196224,4.909216574575224,0.1,6.014953087772103,0.02,50.0,1932336174.47563,0.001,0.15513422825500056,0.02333188576532817,0.1705841177699429,0.1012712560180812,96.7705104859504,0.014549470617674875,0.9561758122234808,0.01419244768375184,0.15513422825500056
1,0,0,0,0,75.90377024193239,0.10246953391190436,11.351710406997837,0.1,19.183993206726026,0.02,50.0,2004721873.6129088,0.001,0.15558278017083485,0.04487667699974726,0.237206343022682,0.20012144019930478,2585.290767048578,0.02813342458509714,0.9160557340327358,0.027621582108017448,0.15558278017083485
2,0,0,0,0,27.47970423235415,0.10097439392645427,29.274306768244685,0.1,8.054895885492158,0.02,50.0,1975960742.0461333,0.001,0.15694804305742796,0.02917890793232708,0.19096452168557712,0.1694049561447393,2787.924163467039,0.018233724271300628,0.9452823301919445,0.01806185530727373,0.15694804305742796
0,0,0,0,0,77.04456402486555,0.10055738976933068,9.662950153558684,0.1,15.669210894749693,0.02,50.0,2078208946.6806433,0.001,0.15722880289582886,0.060326766956917056,0.2789872440442197,0.21858803775325183,1636.7340923106021,0.038916941169694505,0.889716972872897,0.03786366230582659,0.15722880289582886
5,0,0,0,0,97.88998134065446,0.10953713792211585,8.961233498992911,0.1,16.851572294460492,0.02,50.0,1936404441.6832304,0.001,0.1578795010323888,0.07687952109848273,0.3148059265507281,0.23557957264433954,1848.6901000831515,0.0495513856957312,0.8593548296284304,0.047552522047583964,0.1578795010323888
2,0,0,0,0,28.860362558367633,0.10020358780822153,16.848868430998888,0.1,15.833491853924441,0.02,50.0,1983367415.8816068,0.001,0.15789984685821148,0.029456126751558828,0.19177993923130032,0.17017726591826976,2809.217059563687,0.01838977254578062,0.9447223801016253,0.01821516685771378,0.15789984685821148
5,0,0,0,0,97.5697398439638,0.10953713792211585,8.961233498992911,0.1,16.851572294460492,0.02,50.0,1936404441.6832304,0.001,0.15805161038932025,0.07685169330243469,0.3146096134672282,0.23552053089090383,1853.419973522134,0.049489604442999366,0.8593034326922162,0.04749869865868516,0.15805161038932025
0,0,0,0,0,31.063596518833418,0.10169712789489133,22.477516510651192,0.1,10.778285109613602,0.02,50.0,2022471405.5870597,0.001,0.15848790123563095,0.05266508895621676,0.25655582458466253,0.18108122386992875,1550.061747380428,0.032910445564158064,0.9012407431289796,0.03169552565297173,0.15848790123563095
2,0,0,0,0,29.061222944674693,0.10590219363659487,15.655790071315211,0.1,0.3564020637370958,0.02,50.0,2012708538.648258,0.001,0.15853054523851054,0.02965032816917704,0.19217849122319278,0.17045812775990454,2820.6009395540264,0.018466286244411392,0.9442535740063698,0.018289606571367398,0.15853054523851054
1,0,0,0,0,61.42302649216836,0.10305119966482122,21.615004992759786,0.1,11.833973698200532,0.02,50.0,2007462024.60947,0.001,0.15871568016106688,0.02984753788589879,0.1925752128186578,0.1703520032116579,2975.1590435963462,0.018542606296075674,0.9437742884045139,0.018363140111293585,0.15871568016106688
2,0,0,0,0,12.039349044744322,0.10429948782218183,11.561267574516588,0.1,10.113797923195323,0.02,50.0,2012599854.582044,0.001,0.15996316900568455,0.043071435057144336,0.23112776723785247,0.19479045894215746,1921.8294132385665,0.026710022394177454,0.9187519353959329,0.02624129387964014,0.15996316900568455
2,0,0,0,0,12.039349044744322,0.10429948782218183,11.561267574516588,0.1,10.113797923195323,0.02,50.0,2012599854.582044,0.001,0.15996316900568455,0.043071435057144336,0.23112776723785247,0.19479045894215746,1921.8294132385665,0.026710022394177454,0.9187519353959329,0.02624129387964014,0.15996316900568455
0,0,0,0,0,35.11969500741895,0.10977490592088811,15.447808416398324,0.1,15.297786125212324,0.02,50.0,1941025203.9964626,0.001,0.1604792133002908,0.05580410268523477,0.26327061680353075,0.1875539180497569,1664.3505613386285,0.03465570883605576,0.8948496450000142,0.033330721678538275,0.1604792133002908
1,0,0,0,0,65.3261181595664,0.10335269715746302,21.03046563504558,0.1,14.063732386389008,0.02,50.0,1958012894.5533543,0.001,0.16063394149463786,0.03056219801577005,0.19482801006577197,0.17245831945023438,2979.234591250221,0.018978976753094273,0.9424102857046531,0.01879151802292473,0.16063394149463786
5,0,0,0,0,92.24408180547569,0.10851129505332935,4.801582761848941,0.1,4.698949731668247,0.02,50.0,2084207437.7420344,0.001,0.161338436127914,0.03516612120857558,0.23293057180126028,0.1319199500197098,132.25089908405712,0.027128325639831037,0.9460790224643538,0.02588369341196728,0.161338436127914
2,0,0,0,0,6.668082863805439,0.10070815334754657,19.305414980382068,0.1,19.133918261461574,0.02,50.0,1973299841.7473035,0.001,0.16154042058755458,0.03052443876606436,0.19754100445387898,0.1706023995493674,1797.6241349769673,0.019511224220323718,0.9437780606272075,0.019285367781185617,0.16154042058755458
0,0,0,0,0,61.669723663446845,0.10574686944812522,9.07678738890129,0.1,7.529594692291508,0.02,50.0,2095346699.7213054,0.001,0.16194507620477494,0.06551606633547878,0.29338993534408514,0.22604432174403807,1549.8543995305345,0.043038827080603234,0.8820370420698116,0.04172729092889894,0.16194507620477494
1,0,0,0,0,68.86989369916218,0.10093020753561624,14.7622502968368,0.1,5.756536467434682,0.02,50.0,1920768892.286642,0.001,0.16227957455912193,0.031168029026051217,0.19674338579479508,0.1742182553696643,2953.5837624454043,0.01935397992699979,0.9412658564094954,0.019159245942104275,0.16227957455912193
1,0,0,0,0,63.93103620352692,0.10416137395514463,23.40804711139958,0.1,4.233193193353891,0.02,50.0,2066280334.0570488,0.001,0.16264735684279027,0.030910917248258823,0.1959366382064534,0.17340248919923662,3030.806346410289,0.01919558309582331,0.941753303062725,0.019004811487895325,0.16264735684279027
1,0,0,0,0,65.58855062170979,0.10096660016343915,20.038844389616276,0.1,10.804948314018947,0.02,50.0,2045318220.5582469,0.001,0.16307165785920122,0.031188472612883565,0.1967818147025555,0.17430201892270566,2980.341360665485,0.019361541298815448,0.9412153543209575,0.019167702042578314,0.16307165785920122
1,0,0,0,0,69.98638041370168,0.10307737091409722,14.275216204431699,0.1,14.582552792152146,0.02,50.0,1920217775.4024663,0.001,0.16328522349929683,0.031358157055434766,0.19731755620271968,0.17473330152929056,2990.4102231448646,0.01946710899290672,0.9408960641319998,0.019270843603965145,0.16328522349929683
5,0,0,0,0,84.93375698049996,0.10064469881124641,2.5457644917147615,0.1,17.827986845885505,0.02,50.0,1926506821.233284,0.001,0.16335382593488307,0.02713080315731553,0.18818898570117615,0.11234173485061905,142.54009113642672,0.01770754716961874,0.9508815995380586,0.017118274716745225,0.16335382593488307
0,0,0,0,0,30.4115069149304,0.10516123776138941,21.20807619233052,0.1,6.336175267747319,0.02,50.0,2014640374.3039997,0.001,0.1637797243683125,0.05505162108253904,0.2618841122172957,0.18473616493574674,1568.1955798203726,0.03429164411592056,0.8965084326620179,0.03298697381473791,0.1637797243683125
2,0,0,0,0,7.069924463685652,0.10271176409769843,19.886152335319785,0.1,12.397358110072624,0.02,50.0,2039807013.8559787,0.001,0.16383850841021702,0.03113249541573332,0.20001633474372627,0.17293210698364,1906.1153018714845,0.020003267082157182,0.9428993051392557,0.019767717014676153,0.16383850841021702
1,0,0,0,0,82.76332937074895,0.10280065393876534,12.407219148529412,0.1,6.497693980183495,0.02,50.0,1960919331.5097332,0.001,0.1653985561039578,0.03924053510938959,0.22056329110726655,0.19163395598906247,2874.054674462162,0.024324082692034402,0.925954409250115,0.02399042493385288,0.1653985561039578
2,0,0,0,0,81.22849019452411,0.1086505783939487,12.374310021005142,0.1,1.784292107818305,0.02,50.0,1914476370.9492483,0.001,0.16544124517160305,0.09191943998072291,0.33787991073720935,0.26133776660865227,1938.6592399763124,0.05708141703989228,0.8267918398240056,0.05461335482554391,0.16544124517160305
1,0,0,0,0,69.10266174634924,0.10393473336835711,14.983934382603215,0.1,19.75635356273776,0.02,50.0,2016626343.6822495,0.001,0.16544694851851768,0.031883801710117454,0.19892509560380864,0.1761377303576549,3038.222301457516,0.019785596830492205,0.939887053570757,0.01958370372879032,0.16544694851851768
1,0,0,0,0,91.00018534590315,0.10217434047133353,11.813724880755224,0.1,13.42410870020161,0.02,50.0,2098882784.2072687,0.001,0.1657110138226873,0.04730744204965223,0.24217387468209792,0.20633461871862951,2739.9255301294697,0.029324092789270232,0.9107314096761231,0.028797286598250097,0.1657110138226873
1,0,0,0,0,69.354634070806,0.10220077680798743,22.985664356322854,0.1,10.077045036174814,0.02,50.0,2046390742.5140612,0.001,0.16620093324338822,0.032067047567933514,0.19948278923229276,0.1767374552000984,3027.8134906388127,0.01989669159994767,0.9395354551734328,0.019693187735910125,0.16620093324338822
0,0,0,0,0,57.625602162815554,0.10925572003071679,9.775375607989067,0.1,4.0877699145170725,0.02,50.0,1975812038.3874342,0.001,0.16621814642346155,0.0658884632800695,0.28935162902883327,0.22411069644489773,1590.7534918508754,0.041862182610819774,0.8780502151583478,0.04055487043737267,0.16621814642346155
1,0,0,0,0,72.88772187579669,0.10626827646488235,25.18317847234262,0.1,14.749449025734323,0.02,50.0,1974341484.3948023,0.001,0.1674895806998621,0.03256274077364946,0.2009993468279114,0.1779309304379732,3051.8769661940537,0.02020036871262351,0.93859172441729,0.01999019275421201,0.1674895806998621
1,0,0,0,0,70.78741523279056,0.10395286755160871,15.08666491046941,0.1,0.9108443709987957,0.02,50.0,2053817695.3725927,0.001,0.16765908053975812,0.032516980853893374,0.20085237478201706,0.17790855575967449,3052.0290741990475,0.02017083822778792,0.9386753530185272,0.01996191648641026,0.16765908053975812
1,0,0,0,0,70.48464312013272,0.10602777294994634,23.497389775112424,0.1,1.1251642778979485,0.02,50.0,2051748172.8395693,0.001,0.16771595321202296,0.03272182447290971,0.20148866729755419,0.17834087900217346,3045.1632877016636,0.02029884152467224,0.9382912153145362,0.02008636349890322,0.16771595321202296
4,0,0,0,0,10.895723663739993,0.10762237987032092,2.631270346206741,0.1,5.098053956775684,0.02,50.0,1991265544.3083405,0.001,0.16777919591807422,0.06991955563440308,0.30651883109929934,0.21159039649665007,142.40730572385866,0.046976896909240395,0.876547574006884,0.04489603805712984,0.16777919591807422
1,0,0,0,0,71.58669626595218,0.10308427008979416,20.27223425910951,0.1,10.822458520932155,0.02,50.0,2047779821.6261022,0.001,0.1679822134635556,0.0326907244810256,0.20137861665781248,0.17834370444003705,3049.1097468063863,0.020276673623507095,0.9383431568514312,0.020065379757978924,0.1679822134635556
3,0,0,0,0,47.36570318592654,0.10723663784350762,2.3457370039303362,0.1,15.3739190424685,0.02,50.0,1951937402.0144265,0.001,0.16970563218975782,0.08211271444027055,0.3371779821295067,0.24128213419710842,155.96766180642481,0.05684449581646298,0.8589281087708451,0.05418535430896902,0.16970563218975782
1,0,0,0,0,74.79885375376935,0.10901741711334961,23.99396331215828,0.1,19.631245003619515,0.02,50.0,2004245816.1163871,0.001,0.1701526430540514,0.033182421678799215,0.20296018098538676,0.17904890265237194,3151.197898203047,0.020596417532810475,0.9374502353138937,0.020377001452856265,0.1701526430540514
1,0,0,0,0,77.56186506555946,0.10117085872588034,21.290005683340407,0.1,16.079880581775473,0.02,50.0,1990769503.9048808,0.001,0.171275682432272,0.03340306246701574,0.20365734204453106,0.1797812055446793,3113.3754956774014,0.02073815648432156,0.9370454902400311,0.020516707056827982,0.171275682432272
1,0,0,0,0,77.56186506555946,0.10117085872588034,21.290005683340407,0.1,15.105853801706685,0.02,50.0,1990769503.9048808,0.001,0.171275682432272,0.03340306246701574,0.20365734204453106,0.1797812055446793,3113.3754956774014,0.02073815648432156,0.9370454902400311,0.020516707056827982,0.171275682432272
1,0,0,0,0,62.189467462549956,0.10711821611080023,9.428394488039572,0.1,8.768540790836246,0.02,50.0,1987794081.517952,0.001,0.17175323919203955,0.08728527661823368,0.33341235062913566,0.24854802223969233,1609.071053720178,0.055581897776022855,0.8387401727499411,0.0531652307948484,0.17175323919203955
1,0,0,0,0,78.64469191201606,0.10127132769408016,22.5026602096464,0.1,16.079880581775473,0.02,50.0,1990769503.9048808,0.001,0.17194978643319317,0.03365601407990336,0.20440876031508498,0.1804305704997068,3118.0859772582594,0.020891470646774928,0.936560051242797,0.020666696124340238,0.17194978643319317
1,0,0,0,0,80.47241594635565,0.1047244952639993,26.00172649292899,0.1,10.49906634152648,0.02,50.0,1966590308.2002075,0.001,0.1723802383461219,0.03383004238170051,0.20480219352499274,0.18137523353174362,3127.384545179364,0.020971969236324287,0.936167786945755,0.02074739670947618,0.1723802383461219
5,0,0,0,0,14.463456886031185,0.102905274876561,4.003521187373803,0.1,12.460516889588513,0.02,50.0,1995491885.4075527,0.001,0.17302579006520924,0.030054751078084883,0.1935739003981165,0.11394520039185388,125.98879866229287,0.018735427457669967,0.9435334938076136,0.018124325539146783,0.17302579006520924
1,0,0,0,0,81.66262787961261,0.1096893249786198,16.073876154236437,0.1,5.421121558954995,0.02,50.0,1969707889.7001674,0.001,0.17391245148164672,0.034286011361460186,0.20632136530906206,0.1819828735738893,3210.1817114127116,0.021284252891497716,0.9353765522086274,0.021050818336068054,0.17391245148164672
2,0,0,0,0,10.894278392066868,0.10992609044281657,20.07813966986986,0.1,10.019910485551723,0.02,50.0,2052714307.8108454,0.001,0.17474850646815296,0.03395393962160542,0.20670745326368198,0.17977193664205599,2256.911648364916,0.021363985617378636,0.9366695010351987,0.021115468657043134,0.17474850646815296
0,0,0,0,0,30.43363775970042,0.10590814090563058,26.60325681390199,0.1,15.153520304828577,0.02,50.0,2009233542.8952093,0.001,0.17489650661947592,0.05998091856097611,0.27262757646694225,0.19063888509170057,1544.1276796953828,0.037162897725119215,0.8867770328220245,0.03560261211181943,0.17489650661947592
4,0,0,0,0,20.41400672667742,0.1080984119199177,2.4843163833253943,0.1,1.1635730111308145,0.02,50.0,2030747081.9481113,0.001,0.17536879421295237,0.03482118849472466,0.20782977548110565,0.12909687660810784,101.85037196111591,0.02159660778826339,0.9343214565235324,0.02081646555285451,0.17536879421295237
2,0,0,0,0,12.238527034823116,0.10110799301827535,24.466506355158714,0.1,1.700528491204239,0.02,50.0,1910980258.4821076,0.001,0.17600060402205067,0.03455468837723546,0.20957460489826737,0.18137450527068197,2300.3503846646927,0.02196075750913244,0.9360594729305242,0.021692158446281196,0.17600060402205067
1,0,0,0,0,89.9356395144857,0.1054735521702045,29.869608585744274,0.1,4.928920659621349,0.02,50.0,1927947832.0807781,0.001,0.17697354337418417,0.03522269964663454,0.2089785120014236,0.1845210789848732,3190.8513744233887,0.02183600923916457,0.9335416894026022,0.021591691803491995,0.17697354337418417
2,0,0,0,0,12.40749989661292,0.10707628274552645,29.802011829804133,0.1,9.40229488741554,0.02,50.0,1967121725.7638826,0.001,0.17736207347835622,0.03478273252985551,0.21002129484005405,0.18223051058916245,2354.3186547622504,0.02205447214314646,0.93551799323449,0.021786921274395365,0.17736207347835622
1,0,0,0,0,85.51158446159369,0.10528242070537583,21.196485654888953,0.1,2.133198911918832,0.02,50.0,2062575140.4320452,0.001,0.17780877664316533,0.03546312125773213,0.20972615018163804,0.18514073109482954,3208.143331076208,0.021992529035005495,0.933105496889239,0.021744885634453086,0.17780877664316533
1,0,0,0,0,89.42638238442333,0.10844093957612833,15.153462994704059,0.1,14.355178153465948,0.02,50.0,1971991820.213456,0.001,0.17789101322467835,0.03562692491813005,0.21016065959885855,0.18551722425669376,3213.114291424257,0.02208375142151365,0.9327723369230984,0.021833637251323722,0.17789101322467835
0,0,0,0,0,33.506373165125844,0.10224160704538805,22.5225794438936,0.1,12.494224387903726,0.02,50.0,2093357740.8189158,0.001,0.178492231309331,0.06124334275722891,0.27462528303789085,0.18851718702369236,1517.8847770240168,0.03770952304182083,0.8838444112401522,0.036009837016520815,0.178492231309331
1,0,0,0,0,89.39216181751561,0.10306179005726777,27.731989369103555,0.1,11.383695461087198,0.02,50.0,2039297531.0012279,0.001,0.17919681991110067,0.03595553147010817,0.21115914522583434,0.18643745400543946,3202.2039644811484,0.0222940923062525,0.9321677771475619,0.0220397942519584,0.17919681991110067
3,0,0,0,0,40.61372708176924,0.10091832482188837,2.7678720333018436,0.1,18.71548967160495,0.02,50.0,1906214726.0980442,0.001,0.17988400516804715,0.06266224815420256,0.28597897802019767,0.1901260172207913,149.6944936569618,0.040891987934738354,0.8865404780003809,0.0390299706239985,0.17988400516804715
3,0,0,0,0,40.61372708176924,0.10091832482188837,2.7678720333018436,0.1,18.71548967160495,0.02,50.0,1906214726.0980442,0.001,0.17988400516804715,0.06266224815420256,0.28597897802019767,0.1901260172207913,149.6944936569618,0.040891987934738354,0.8865404780003809,0.0390299706239985,0.17988400516804715
2,0,0,0,0,13.216508484969488,0.10288223440117428,27.519627834903734,0.1,4.574057067838615,0.02,50.0,2032012888.8778234,0.001,0.1803862137915945,0.03563306056376153,0.2123423613441079,0.1845282575395023,2427.1053019796855,0.022544639210595845,0.9338272896121852,0.022266391006607524,0.1803862137915945
1,0,0,0,0,13.775905900707507,0.10672493481517577,8.861236381908594,0.1,1.5701836914286529,0.02,50.0,2060622345.0983539,0.001,0.1807652591808656,0.06840952304386533,0.30016150112514756,0.2288702257188602,1081.470804117745,0.045048463378850975,0.8770813377377679,0.04363268950533583,0.1807652591808656
2,0,0,0,0,48.86644497059118,0.10647756133324991,10.710772869576985,0.1,5.647104380109622,0.02,50.0,1999848370.4736488,0.001,0.18130535406447626,0.06473811850994854,0.28325752488601214,0.2332674261047189,2388.7457728203085,0.04011741270227489,0.8778135679388129,0.03903944855566885,0.18130535406447626
1,0,0,0,0,92.0949038501984,0.10146886721477141,28.469491652521103,0.1,18.136718535451198,0.02,50.0,2097940258.9186118,0.001,0.1819642506986144,0.03678081552046051,0.21369592452583203,0.18848942650993328,3260.060244260837,0.02283297407947505,0.9306742211172401,0.022566248038042653,0.1819642506986144
2,0,0,0,0,52.37785294116721,0.10390408223314124,10.775221611300818,0.1,2.3088768011972487,0.02,50.0,1950811624.9565547,0.001,0.1820710460328923,0.06506921849808733,0.28451916368016594,0.2338212877454693,2365.2319977731154,0.04047557725063053,0.8775456185911801,0.0393593702452917,0.1820710460328923
2,0,0,0,0,15.014887585869655,0.10464445061744346,21.63086360049812,0.1,6.285091664320146,0.02,50.0,1922712369.0314393,0.001,0.1824578598916792,0.0361836547213533,0.21351001929396915,0.18596546083238563,2468.5208974158636,0.022793264169455537,0.9325721006575519,0.02251161371419625,0.1824578598916792
0,0,0,0,0,33.2341993906713,0.10563945857393496,16.92964327988644,0.1,10.400497926017959,0.02,50.0,1960085039.5275095,0.001,0.18295950118177012,0.06306995973944347,0.27886372822290584,0.19266460754632092,1509.8714454743827,0.038882489459189346,0.8804926096066302,0.037114590539505984,0.18295950118177012
2,0,0,0,0,88.14540239808566,0.10543396486944481,9.337670177683108,0.1,16.16794170649744,0.02,50.0,2039879528.8219578,0.001,0.18302961062454,0.07400740580844933,0.30268174236422735,0.24426183487440387,2380.5301005827546,0.04580811858032225,0.8601942573259208,0.04435805233260254,0.18302961062454
1,0,0,0,0,98.69076036405973,0.1021257222085859,14.010086555264387,0.1,14.818141135268235,0.02,50.0,2024762406.3317547,0.001,0.18329908395111275,0.037446268690082676,0.21530036960096674,0.1900828654049564,3223.0736692226983,0.02317712457515644,0.9292590617084228,0.02290202004607824,0.18329908395111275
1,0,0,0,0,97.47344966713653,0.10844186829844116,20.30253894879233,0.1,14.765143731944372,0.02,50.0,2056199273.1491463,0.001,0.18340121953542762,0.037479395985354005,0.21542371688818507,0.19014125156678946,3254.010507432534,0.023203688898960458,0.929210620813061,0.022928251270246915,0.18340121953542762
2,0,0,0,0,91.93395417712138,0.10644480914382264,9.612162037481095,0.1,16.822517284417003,0.02,50.0,1907781233.2175443,0.001,0.18351603774438616,0.07401056069204687,0.3028727846517694,0.2441241835485707,2374.7598063657156,0.045865961841358556,0.8603187086563471,0.04441016451552017,0.18351603774438616
2,0,0,0,0,97.52296191622455,0.10156077382863062,9.41940828934577,0.1,7.957117041390589,0.02,50.0,1992818594.939971,0.001,0.18388015208186823,0.07429363452128224,0.30316298411530834,0.24486160210019453,2395.3484835865725,0.04595389746884934,0.8595803123563743,0.04449904662692998,0.18388015208186823
5,0,0,0,0,98.21837544615727,0.10031555369786649,3.583238076629048,0.1,12.401315083624153,0.02,50.0,2007131783.053944,0.001,0.18433877812658908,0.03411688622578639,0.20564389565025443,0.1272810165424696,115.91084205209164,0.021144705909106366,0.9356146930352935,0.02048958453515905,0.18433877812658908
3,0,0,0,0,28.16915612917745,0.10042590271151801,12.781318829676424,0.1,18.531906139612698,0.02,50.0,2031433554.7273223,0.001,0.18472150908916726,0.04414281048240452,0.23327744304046202,0.2047020442605987,2773.101673697921,0.027209182715748,0.916345391395397,0.026810318739224338,0.18472150908916726
3,0,0,0,0,28.16915612917745,0.10042590271151801,12.781318829676424,0.1,18.531906139612698,0.02,50.0,2031433554.7273223,0.001,0.18472150908916726,0.04414281048240452,0.23327744304046202,0.2047020442605987,2773.101673697921,0.027209182715748,0.916345391395397,0.026810318739224338,0.18472150908916726
3,0,0,0,0,28.16915612917745,0.10042590271151801,12.781318829676424,0.1,18.531906139612698,0.02,50.0,2031433554.7273223,0.001,0.18472150908916726,0.04414281048240452,0.23327744304046202,0.2047020442605987,2773.101673697921,0.027209182715748,0.916345391395397,0.026810318739224338,0.18472150908916726
5,0,0,0,0,8.589896220287757,0.10089492552296074,19.84668867685322,0.1,16.947392019062626,0.02,50.0,2045643043.7137659,0.001,0.1854651929375064,0.03978026540195915,0.2223298689478251,0.18798845077968782,2305.9077433188536,0.024715285313178542,0.9250681143908861,0.024292223431952243,0.1854651929375064
4,0,0,0,0,69.59297200764883,0.10812143723257836,2.631275142006225,0.1,16.663912278621957,0.02,50.0,2006151469.0072274,0.001,0.18560559863635984,0.06753777586845369,0.3001512285497381,0.20408699423811275,153.1132052102294,0.04504537999995855,0.8799799671050577,0.043020703686614994,0.18560559863635984
5,0,0,0,0,6.76969031820765,0.10989923533607053,1.8473386182897316,0.1,0.48866610310468517,0.02,50.0,1924044603.911495,0.001,0.18590187436504668,0.04106831553838171,0.22548346082391188,0.1382678065837293,107.0224262152049,0.0254213955525643,0.922422204494711,0.024458524935454102,0.18590187436504668
4,0,0,0,0,6.010702693361081,0.10747719676692198,12.712063996471052,0.1,1.3236766812817489,0.02,50.0,1932909368.8466923,0.001,0.18596893660407993,0.04917904393262841,0.2462489718672664,0.20257936676411098,1884.4860207313452,0.03031927807284288,0.906814835727872,0.029653563179437535,0.18596893660407993
2,0,0,0,0,17.134200317325785,0.1062641022978726,15.836478338287868,0.1,13.429592652337343,0.02,50.0,2024973479.963673,0.001,0.1878515683890676,0.037754136693815436,0.21725563482308313,0.18957186700038586,2591.3296786763544,0.023600005431190427,0.9292195570267262,0.02330282472205037,0.1878515683890676
2,0,0,0,0,78.38381222555475,0.10530411734190331,10.545235967947699,0.1,16.63765332346917,0.02,50.0,1956482992.811662,0.001,0.18798197928328161,0.06710405511647599,0.2882321093701604,0.2381893718594186,2506.232789320987,0.041538874435986056,0.8732438566290475,0.0403949603560438,0.18798197928328161
2,0,0,0,0,79.9348474274858,0.10492573694236357,10.693138188924879,0.1,15.128556203154284,0.02,50.0,1967900026.5625882,0.001,0.18818743157482096,0.06712251318502621,0.2881181870465564,0.23839422537496485,2517.391317867269,0.04150604485349722,0.8731057273747395,0.040369945104182826,0.18818743157482096
5,0,0,0,0,31.62060707263646,0.10258970204778366,10.143919558881908,0.1,1.6618508114755062,0.02,50.0,2056810532.4949734,0.001,0.18920137321127803,0.05214052164976885,0.25296270006620053,0.21940100752070657,2720.1544804129244,0.03199506381239127,0.9008534100630168,0.03140974469430647,0.18920137321127803
1,0,0,0,0,43.86658429328867,0.1055403418199417,12.055326361645477,0.1,19.343546695242832,0.02,50.0,1997783699.5067906,0.001,0.18996639013879912,0.07956937359641353,0.321025182228234,0.24779266453035242,1423.9417711687565,0.051528583812335424,0.8550021169074042,0.049641529646766894,0.18996639013879912
3,0,0,0,0,44.8299933461681,0.10027881087571536,2.5939945937867255,0.1,6.622573607113126,0.02,50.0,1928639142.7925634,0.001,0.1909206312282483,0.03460188535098049,0.2089469963711873,0.1204028039148872,127.35853581671326,0.02182942364627048,0.9355957040046962,0.02093377352252293,0.1909206312282483
4,0,0,0,0,10.583337024921159,0.10762237987032092,2.631270346206741,0.1,5.098053956775684,0.02,50.0,1991265544.3083405,0.001,0.1917343287872898,0.07894238072138182,0.3218954927975082,0.21967566883140296,144.11132428491558,0.051808354141675325,0.8577448905926364,0.049182262746858524,0.1917343287872898
3,0,0,0,0,30.588772112161955,0.10275587127926983,3.499146646381366,0.1,5.659525492813259,0.02,50.0,1926977295.570268,0.001,0.19289868255326112,0.05299944647477632,0.26614330768756483,0.18270331174328558,125.63414942980751,0.03541613011343891,0.9059728153487697,0.03405695747350824,0.19289868255326112
1,0,0,0,0,2.587216753136856,0.10557280907593565,16.195819618408496,0.1,11.577986431105538,0.02,50.0,1976456320.104387,0.001,0.19335148172521077,0.04649903554771248,0.24388904563877545,0.15427741478873278,531.491445744833,0.029740933291296345,0.9143987258539832,0.02844983008086303,0.19335148172521077
4,0,0,0,0,2.376233712453464,0.10086029387413106,1.1097206520458072,0.1,18.781951395013007,0.02,50.0,1904818654.0324259,0.001,0.19545154674550913,0.13332636890612762,0.4121741773392008,0.27957615628002636,408.24651910623453,0.08494377623262347,0.753780914855696,0.07864210709199301,0.19545154674550913
3,0,0,0,0,77.11061271945756,0.10314372474925002,9.537321469397755,0.1,12.019710610250005,0.02,50.0,2002639751.2964857,0.001,0.1955689043991656,0.07807115133409293,0.30953222590354523,0.252216633271957,2427.6797703646466,0.047905099436401685,0.8515413942379608,0.046365681188678426,0.1955689043991656
2,0,0,0,0,62.659669681029335,0.10152259942540472,4.4049500671410975,0.1,1.6988862541769851,0.02,50.0,1998641149.5664153,0.001,0.19559523538858054,0.036774897037527676,0.21365518166718753,0.1321837786710363,114.37892225036144,0.022824268326619455,0.9306736359703531,0.022028266056879645,0.19559523538858054
2,0,0,0,0,25.000872316596986,0.10970944426198696,18.36329214977488,0.1,10.114311630004382,0.02,50.0,2022246512.3985121,0.001,0.19740835511864493,0.04110409469773663,0.22695179986204747,0.197316734134809,2905.67855018809,0.025753559730311425,0.9230779903782712,0.02539815302297317,0.19740835511864493
0,0,0,0,0,26.883399440128564,0.10615371901748782,15.566122686070065,0.1,7.3552816722494425,0.02,50.0,2009227711.8217025,0.001,0.1981425612207205,0.06782537699876369,0.28934282750705553,0.19921329407937993,1401.3342455472969,0.04185963591488885,0.8715878938055284,0.03986359202759129,0.1981425612207205
4,0,0,0,0,39.47392855577469,0.10047921532467491,17.336374644892114,0.1,0.9042583733748852,0.02,50.0,2089490303.6865516,0.001,0.19912431713076903,0.04187754821166425,0.22838397080246872,0.20100899735054611,3224.7038689012115,0.02607961905975144,0.9212606171005392,0.0257366101440383,0.19912431713076903
2,0,0,0,0,27.517356802040922,0.10479455834547881,20.725756440841735,0.1,10.141157093782473,0.02,50.0,1978025454.311805,0.001,0.19917896131678595,0.04177151091744587,0.228174508370904,0.1983820700848395,2914.19520779413,0.02603180313515187,0.9215025042572015,0.025671585423560288,0.19917896131678595
2,0,0,0,0,28.635324315860686,0.10866487332829598,18.89732991439945,0.1,3.0043675140473813,0.02,50.0,1928826291.7396898,0.001,0.19942158088214715,0.04185604193962272,0.22838030634655462,0.19858926949151331,2924.2646527655475,0.02607878216347307,0.9213303519160281,0.025717502438431402,0.19942158088214715
3,0,0,0,0,20.943529582436998,0.1000273211125273,21.422562837440292,0.1,16.08697615565189,0.02,50.0,1923249108.6134624,0.001,0.19976934723955722,0.04225983072480102,0.23087831363173844,0.20113988712316977,2898.385786248713,0.026652397852717693,0.9213228259070045,0.026260609164332243,0.19976934723955722
2,0,0,0,0,27.150827283114264,0.10687245721371649,28.086166853944473,0.1,9.449189223010894,0.02,50.0,2073429228.106418,0.001,0.1999090486772168,0.042049712969168235,0.22917929883881294,0.19909783578488827,2961.2800412675806,0.02626157550812496,0.9211112996217308,0.025894012069402592,0.1999090486772168
2,0,0,0,0,75.3288671478368,0.10178271920703948,10.34797875897179,0.1,1.3985350842152917,0.02,50.0,2001615634.7142832,0.001,0.19992414946400375,0.05659358297449571,0.26332487960083656,0.22667360444153442,2920.6505833321353,0.034669996108397536,0.8922513810046085,0.03399894714882197,0.19992414946400375
4,0,0,0,0,39.169085898606696,0.10081262504542073,29.885847876694115,0.1,1.7287588018297644,0.02,50.0,1968872913.0899487,0.001,0.2003708342522347,0.042306204159755056,0.22973692595274753,0.20176904827142028,3219.385226869551,0.026389527573109098,0.9205548838047377,0.0260339841873539,0.2003708342522347
2,0,0,0,0,30.844621233200606,0.10696497116321646,16.190634317101924,0.1,13.091664924167667,0.02,50.0,1962823868.6576686,0.001,0.20145923794010304,0.04266871057366371,0.23041421017716437,0.20066360459794813,2971.547952183237,0.026545354125783238,0.9197101243812819,0.026171374069409024,0.20145923794010304
2,0,0,0,0,80.23872572445121,0.10679488692828636,10.382120579938398,0.1,19.131342106525228,0.02,50.0,2095137344.6264522,0.001,0.20155177727954818,0.05691342733822882,0.26395866714885097,0.22760711538250505,2980.415381189796,0.034837088981498954,0.8915751164960681,0.03416725556989138,0.20155177727954818
2,0,0,0,0,56.44042647051211,0.10516313545902513,12.910451414571494,0.1,2.5813952413824035,0.02,50.0,1945116716.2529304,0.001,0.2016983655554764,0.0509970350536048,0.2502311628269561,0.21866638149673484,3013.750164361436,0.03130781742486531,0.903061457146003,0.0307886093646731,0.2016983655554764
2,0,0,0,0,86.9890013736858,0.1068343702800515,1.5494663547638923,0.1,1.2648184575443757,0.02,50.0,2050779256.8339996,0.001,0.2019675874343108,0.04587115919757637,0.2423370000535203,0.15596691060071502,114.000275439025,0.02936361079746995,0.915611227868842,0.028201694013411924,0.2019675874343108
2,0,0,0,0,31.62342857368526,0.10213174859863676,13.674919167377658,0.1,7.205558101995833,0.02,50.0,1956726759.781039,0.001,0.20206400199689564,0.04290960486445123,0.23106303484896518,0.2012530126246,2984.4798298841233,0.02669506303680705,0.919256464204379,0.026316180591229008,0.20206400199689564
2,0,0,0,0,31.62342857368526,0.10213174859863676,13.40070821686236,0.1,7.205558101995833,0.02,50.0,1956726759.781039,0.001,0.20206400199719557,0.04290960486436496,0.23106303484879753,0.20125301262432255,2984.479829891708,0.02669506303676831,0.9192564642045762,0.026316180591190595,0.20206400199719557
2,0,0,0,0,31.862847572303163,0.10216227212079416,16.91291684373622,0.1,10.860603553688142,0.02,50.0,1951040248.279198,0.001,0.2021162068582573,0.04294702402526665,0.23120593295056827,0.20134604482328464,2986.484335073692,0.026728091715771334,0.9192088005859109,0.026348059879675433,0.2021162068582573
3,0,0,0,0,15.214887798548585,0.10876297188381766,4.735240870935863,0.1,16.549044869460957,0.02,50.0,2096146339.4285645,0.001,0.20213142493820163,0.0387267493215561,0.21888996687789017,0.131863799647848,116.58630165522669,0.023956408799901928,0.9268091227945842,0.023060653636994905,0.20213142493820163
3,0,0,0,0,79.00747135131063,0.10471942081624185,10.591442154373661,0.1,17.6259636999997,0.02,50.0,2005484155.890429,0.001,0.20233844377449248,0.07227641015918544,0.2977677450488379,0.24776772114932089,2590.1158736288608,0.04433281499573486,0.8625218677927632,0.04307954104402809,0.20233844377449248
3,0,0,0,0,75.97292547598221,0.10480063144486271,10.993881443744701,0.1,9.76314180809433,0.02,50.0,1930777970.964854,0.001,0.20241938896833903,0.07183678640433484,0.296234452215802,0.247888836538403,2632.0351347832366,0.04387742533979814,0.8629247044450795,0.04268128115374077,0.20241938896833903
3,0,0,0,0,73.00506830700118,0.10369826237804468,10.507998592818266,0.1,11.635700902411214,0.02,50.0,1995019100.0719233,0.001,0.2025138839241655,0.07271688498600101,0.29900181093291733,0.24795589139305443,2542.730300971429,0.044701041470582015,0.8619128134780213,0.043407554273766254,0.2025138839241655
3,0,0,0,0,71.95152956202479,0.10358744850362862,10.941065670493531,0.1,6.60169022964408,0.02,50.0,1911645339.676966,0.001,0.20261894305556374,0.07169727847221086,0.29578308155534694,0.247959193480776,2633.420261543994,0.04374381566718851,0.863077974982737,0.042562078030882335,0.20261894305556374
2,0,0,0,0,61.17128724508133,0.10222146582913662,12.726707791121964,0.1,19.542944962083258,0.02,50.0,1923533630.7277148,0.001,0.2026493864945582,0.051329088929144465,0.25103684851477026,0.2193577868571867,3044.6699686394813,0.031509749656113854,0.9024257861004508,0.030985446930109305,0.2026493864945582
2,0,0,0,0,33.44368132556282,0.10190831291441228,20.383068467721415,0.1,3.1311652798524436,0.02,50.0,1913456705.0153062,0.001,0.2027222478361447,0.043189477188409695,0.23202261516240696,0.20190566567612567,3020.1049489758198,0.0269172469734012,0.9188419856432372,0.026530834119618204,0.2027222478361447
5,0,0,0,0,5.9220412942869105,0.10641136088912402,19.1556594734364,0.1,3.2674554877140993,0.02,50.0,2050729080.109376,0.001,0.20315114513103083,0.048176704954272585,0.24344833965354912,0.19509908289265532,1933.7386580630462,0.02963354704003491,0.9085559265791728,0.028951062032975802,0.20315114513103083
4,0,0,0,0,47.170580029894204,0.10262233869894137,9.451813205480715,0.1,11.16124149059226,0.02,50.0,2054420738.3367026,0.001,0.2035856346586458,0.08133526848744682,0.3158136971671583,0.25654012708299706,2324.485342620003,0.049869145659194786,0.8452437782466318,0.0481914983255273,0.2035856346586458
4,0,0,0,0,3.2210976931278905,0.10158537710707916,6.595591600717898,0.1,6.441302659715206,0.02,50.0,1982833937.9885352,0.001,0.20420835889291156,0.14630307193004602,0.41341726206581914,0.31310451405878104,1110.7356403392741,0.0854569162869991,0.7117225649028445,0.08010538008158752,0.20420835889291156
2,0,0,0,0,36.02749534754346,0.10752410039477772,21.631283789311283,0.1,15.52907081406105,0.02,50.0,1982618301.326464,0.001,0.20476351788916694,0.044025129376567385,0.23459319380048652,0.20391121500754353,3120.5203895631485,0.027516983288756312,0.9174558630852068,0.027111099468850725,0.20476351788916694
1,0,0,0,0,2.059444767228745,0.10800460983419659,18.618506522517727,0.1,12.005871833685845,0.02,50.0,2012923436.3406906,0.001,0.20512884442086507,0.04958675867167427,0.2518598493853201,0.15818536498332025,476.42463517172297,0.031716691866198056,0.9087164187822145,0.030254451490968226,0.20512884442086507
0,0,0,0,0,25.407550465455213,0.10219019712291617,21.025315542610098,0.1,6.070881052774129,0.02,50.0,1948861219.3528795,0.001,0.20519307452842456,0.06830476842779726,0.29034935295624315,0.19810206934508595,1325.870602061793,0.04215137338105453,0.870670643129803,0.04012038008912473,0.20519307452842456
5,0,0,0,0,34.80644686510753,0.10058075069003934,20.167031458670113,0.1,0.3803084847381245,0.02,50.0,1973624794.330372,0.001,0.2057721344965445,0.04426483964950439,0.23498091455791872,0.20595448548086476,3197.958431819653,0.027608015103237953,0.9168692364092073,0.027212379162876672,0.2057721344965445
4,0,0,0,0,37.920710336464815,0.10781919691602672,2.3795570814546094,0.1,19.273431400723375,0.02,50.0,1935521747.6428432,0.001,0.20637099643256518,0.04107426863908953,0.2277569122837384,0.12910844365711063,157.6688345710249,0.02593660554651125,0.9236045174782278,0.024725349632832558,0.20637099643256518
5,0,0,0,0,27.875453034283236,0.10311695138948682,12.353787350344358,0.1,16.03282313195095,0.02,50.0,1929705117.6545362,0.001,0.20647943402223293,0.09131750755229431,0.3329063991113657,0.26646409260045967,2077.768709795363,0.05541333528464795,0.8249060904898642,0.053321642616252045,0.20647943402223293
5,0,0,0,0,29.924184571421936,0.1058784713889973,24.20018146260105,0.1,14.992286719319408,0.02,50.0,2095471919.679908,0.001,0.20701967100423793,0.04482130448342511,0.23668015887447014,0.20657010679097793,3142.137195105445,0.028008748802422212,0.9159493989275681,0.027591691304430534,0.20701967100423793
3,0,0,0,0,13.500599506513108,0.10742101882360822,13.672728006900426,0.1,17.710842615471673,0.02,50.0,1976330150.5967746,0.001,0.20703011865937634,0.04575653758719489,0.24097422785392777,0.20609498732619141,2643.2201040633627,0.029034289244898353,0.9152248829474465,0.028502701178929557,0.20703011865937634
2,0,0,0,0,39.85611633988067,0.10146960426517303,21.185260617368815,0.1,1.2754084144568794,0.02,50.0,2012664185.420813,0.001,0.20704914455259685,0.04502190325406523,0.2364579952287378,0.20629917044601057,3117.4400199222137,0.027956191753796895,0.9151581032453087,0.027540381117163584,0.20704914455259685
4,0,0,0,0,26.549978935913906,0.1072390881232555,19.581707754097092,0.1,8.626407243106295,0.02,50.0,2009704044.4359324,0.001,0.2070716121752015,0.04484934584080164,0.2365548386798131,0.2059697403232758,3028.246568247624,0.027979095851416204,0.915786737517299,0.027556981294750125,0.2070716121752015
2,0,0,0,0,42.827439094205076,0.1033714394434433,29.662920221761517,0.1,8.422676624967798,0.02,50.0,1954085712.1452863,0.001,0.20773589249891386,0.045299061567243004,0.2372845777115542,0.2070061878570842,3160.6268864896,0.028151985409875305,0.9146910940655657,0.027729961906638657,0.20773589249891386
2,0,0,0,0,43.12095344267909,0.10503741887724272,22.247819149978454,0.1,9.58387160236689,0.02,50.0,1956127944.0328078,0.001,0.20784410973346787,0.04533952516667833,0.23731699091755273,0.20706627361415675,3154.783988674778,0.028159677089080903,0.914574162652261,0.027737790549977548,0.20784410973346787
2,0,0,0,0,43.94952719222085,0.10690600240045764,29.463441566103523,0.1,17.98476668553974,0.02,50.0,1942924707.775295,0.001,0.20801669714461155,0.045408680790035606,0.23767993092547016,0.20722884488242369,3177.9827867250506,0.028245874782368133,0.9145447718587403,0.02782021415505273,0.20801669714461155
2,0,0,0,0,44.9770520528873,0.10465613606283711,15.658733775876392,0.1,8.81074027679831,0.02,50.0,1917120476.2078097,0.001,0.2082310820504973,0.04550222318136894,0.23769775163946683,0.20744032536597462,3165.652529675549,0.02825011056722883,0.9142428473856374,0.02782565387147739,0.2082310820504973
2,0,0,0,0,91.64325264190411,0.10012093353917963,12.144778399305665,0.1,11.8571964438756,0.02,50.0,1967104612.1329296,0.001,0.20845820263505568,0.05373968004256828,0.2566754585753385,0.2239501274078204,3172.2658441965614,0.03294114551743016,0.8977304060654427,0.03236956004795562,0.20845820263505568
4,0,0,0,0,31.945845570705487,0.1017497589843732,9.334497840956168,0.1,13.573963135026794,0.02,50.0,1924670603.3429248,0.001,0.20876963878455576,0.08323782223460026,0.3183944537733832,0.25957697292503595,2258.6120087037766,0.05068751409682554,0.8408114587772587,0.04900430666742702,0.20876963878455576
2,0,0,0,0,91.90664985697178,0.10172942372415374,12.672379630078229,0.1,10.14231164664429,0.02,50.0,2072736235.4520876,0.001,0.2090311457200071,0.053892227800703726,0.2570380698918982,0.2242518022159678,3195.483731788399,0.03303428468687617,0.897439238267032,0.03246033831413087,0.2090311457200071
3,0,0,0,0,8.93839479605508,0.10862964462448382,9.408609963235747,0.1,17.70834054031612,0.02,50.0,2088146918.9157565,0.001,0.20904617760285307,0.08188327638323582,0.31566481744560826,0.2557731901311162,1691.8606774453785,0.04982213848648459,0.8433074018576779,0.0481642594135307,0.20904617760285307
2,0,0,0,0,44.986295513330795,0.10366983672798073,26.484260763933932,0.1,7.382435157291184,0.02,50.0,2091952099.023621,0.001,0.2096639081362798,0.046143960297397896,0.23958192113216734,0.20892546382043897,3234.920225428506,0.028699748466690028,0.9131528787642837,0.028259813673485817,0.2096639081362798
2,0,0,0,0,44.986295513330795,0.10366983672798073,26.484260763933932,0.1,7.382435157291184,0.02,50.0,2091952099.023621,0.001,0.2096639081362798,0.046143960297397896,0.23958192113216734,0.20892546382043897,3234.920225428506,0.028699748466690028,0.9131528787642837,0.028259813673485817,0.2096639081362798
2,0,0,0,0,49.343313617493756,0.1069578943672528,28.06262862432339,0.1,5.576325155595395,0.02,50.0,2019185710.5003045,0.001,0.21049355837478825,0.046497266457429624,0.24034413827104958,0.20973891556211646,3255.845198438456,0.0288826524006267,0.9124019674100302,0.02843798318595825,0.21049355837478825
2,0,0,0,0,51.17733176265812,0.10317206623438685,16.262944448711643,0.1,2.536501262456566,0.02,50.0,1978989733.0202763,0.001,0.2108735843567481,0.04667104245242746,0.24115195968048733,0.21006193987164135,3281.755990530097,0.029077133828869693,0.9122765040926044,0.028622973346205744,0.2108735843567481
2,0,0,0,0,46.60638613303993,0.10187760347462904,3.269549475861443,0.1,9.833119539663317,0.02,50.0,2011284431.0392513,0.001,0.21089314169950335,0.04465468106598988,0.242123250550423,0.15693070354317346,140.43771737868022,0.029311834228551457,0.9195453429799871,0.02804514139883339,0.21089314169950335
2,0,0,0,0,51.04261431204065,0.10167447575262524,17.47846795343338,0.1,13.372907183804468,0.02,50.0,2015888911.1689634,0.001,0.21107991300404258,0.046789689445444094,0.24105856862515262,0.2103658226553406,3259.312751498468,0.02905461675380371,0.9118284742740617,0.02860412641942134,0.21107991300404258
2,0,0,0,0,50.307588310121204,0.10522073505517543,27.266338871639835,0.1,5.912793014839265,0.02,50.0,2085829196.291184,0.001,0.21132268367805143,0.04688421400170524,0.24129039566511395,0.21055755764171732,3265.204310739592,0.029110527520113623,0.911643850874581,0.028658397649466313,0.21132268367805143
2,0,0,0,0,54.33974263014436,0.10843308785274615,21.8673964338078,0.1,16.26190981509831,0.02,50.0,1940725234.6127264,0.001,0.21136890938893863,0.04686645592578939,0.241460413155546,0.21053521947845255,3302.1949627025465,0.02915156556062349,0.9117987998888235,0.028696873780237143,0.21136890938893863
2,0,0,0,0,55.69084422142021,0.1084293650035541,26.898161272193196,0.1,5.902537447822669,0.02,50.0,1942473270.9439597,0.001,0.21163812101553367,0.04706903482464188,0.24237956037828226,0.21097036653450377,3339.393129888548,0.029373925644584686,0.911642377088558,0.028909283451608078,0.21163812101553367
2,0,0,0,0,53.36727996540076,0.10863483313009248,25.33445198129077,0.1,18.691388698521212,0.02,50.0,2027605783.9738746,0.001,0.21166118695361788,0.04703578657852572,0.24212115473311618,0.21089885409475934,3326.3826442190443,0.029311326784648793,0.9116071405690948,0.028849798359612808,0.21166118695361788
2,0,0,0,0,56.4287551417713,0.10535456678622902,17.38487166695637,0.1,10.519431257091425,0.02,50.0,1952945370.279859,0.001,0.2119655835299367,0.047168612455507755,0.24225758455088567,0.21120277415051744,3318.254239779022,0.029344368636214757,0.9112414852994752,0.028883098890720223,0.2119655835299367
2,0,0,0,0,53.573711666237365,0.10357925505438531,19.935994030856026,0.1,11.663421798897252,0.02,50.0,2064920926.371473,0.001,0.2121800949571119,0.047272038644130425,0.24275417545575467,0.21138877643716283,3332.8416598356043,0.02946479485060166,0.9111777258376358,0.0289972765526536,0.2121800949571119
2,0,0,0,0,58.949120826714065,0.102439981326274,15.092477409294311,0.1,1.4428426885295673,0.02,50.0,1926198787.361616,0.001,0.21243492179450005,0.04739660651233148,0.24280523359079287,0.21169069626939538,3324.3049121307486,0.029477190729539745,0.9107914233278211,0.029011466270365133,0.21243492179450005
4,0,0,0,0,22.626931117610223,0.10331056502056776,6.384839993477593,0.1,0.8401717820181186,0.02,50.0,2063633743.7654922,0.001,0.2127158976392357,0.13290637949716044,0.3986842614491729,0.2957480169112248,1287.6671156078528,0.07947457016363622,0.7424193987246164,0.07455688713102576,0.2127158976392357
2,0,0,0,0,56.71425090577644,0.10013072665292745,15.947097720900098,0.1,5.631815438180925,0.02,50.0,2069776585.1090941,0.001,0.21294774089632532,0.0476631786342568,0.2436758373215827,0.21223944299958986,3345.2839507949398,0.02968895684718722,0.9103969705292475,0.029214217804499704,0.21294774089632532
2,0,0,0,0,56.923482719690455,0.10580776732710122,16.05551558560651,0.1,4.124097298399402,0.02,50.0,2075882801.6306076,0.001,0.21306223970111401,0.04766026322264014,0.24321583603895874,0.21229075798396763,3329.9777180696365,0.02957697145006483,0.9101453893080175,0.029110018184637383,0.21306223970111401
2,0,0,0,0,61.08443982329504,0.1027837619290528,26.99919757844664,0.1,14.162959852540302,0.02,50.0,1987893838.3269367,0.001,0.2133827593905742,0.04783047067233855,0.24350383561846106,0.2126221975926434,3316.3434530322784,0.029647058980451252,0.9097415687132577,0.029178546345294275,0.2133827593905742
2,0,0,0,0,62.57526591391868,0.10697961552604952,9.479450748790308,0.1,10.51058359732519,0.02,50.0,2014176231.4415245,0.001,0.2139394612134664,0.12408585634580775,0.38894785870688786,0.2853326990374449,1380.7772578713304,0.07564021839633661,0.7628743217720929,0.07112054587657918,0.2139394612134664
2,0,0,0,0,64.99347892144279,0.10422258905369806,27.664839848285176,0.1,12.04515529954816,0.02,50.0,1999096062.1253312,0.001,0.21419301305314323,0.04821836556927958,0.24470457794807915,0.21348466838255958,3371.054827262033,0.02994016523437377,0.9091325003159402,0.0294605191833927,0.21419301305314323
3,0,0,0,0,45.94219310058491,0.10608704093075846,11.266937472767482,0.1,6.693450419974537,0.02,50.0,2057892198.9008036,0.001,0.21473895433116122,0.06374547776688125,0.27874860144385843,0.23903139860129818,2841.223089323206,0.038850391403453526,0.8781659873851207,0.0380083950500862,0.21473895433116122
2,0,0,0,0,71.75944025966788,0.10523816410424026,22.86582968487683,0.1,0.20452167642179708,0.02,50.0,1903022531.9588614,0.001,0.2147989246639503,0.048504474380540896,0.2452413893691017,0.2140893969143824,3373.734390525188,0.03007166952984367,0.9084856476344989,0.029588983917599593,0.2147989246639503
2,0,0,0,0,69.26293857418013,0.10173714359318323,24.915588142456656,0.1,4.01679277703064,0.02,50.0,2020898730.5025802,0.001,0.21514830816895195,0.04868472624493672,0.24584309904515309,0.2144391492727801,3384.0559969098526,0.030219414674062473,0.9082295467563567,0.029729952673672993,0.21514830816895195
2,0,0,0,0,68.68162872541318,0.1033083656984255,27.403171388048296,0.1,12.464001709337175,0.02,50.0,2084449876.192033,0.001,0.21536910432145448,0.04877576720825873,0.24626416692048897,0.21465067810845162,3416.5317627968384,0.030323019954521226,0.9081678225330204,0.02982862222863919,0.21536910432145448
0,0,0,0,0,23.88161866280447,0.10253017412019191,21.60880417047091,0.1,9.034859413209606,0.02,50.0,1968799031.2190623,0.001,0.21546149235715928,0.07239382776274317,0.298634612126362,0.20303498865115427,1272.4028031651492,0.044591315779931334,0.8627336442773625,0.04232359115521188,0.21546149235715928
2,0,0,0,0,69.85644093969333,0.1071130806992982,13.698088852375498,0.1,1.3203548071448852,0.02,50.0,2094030451.9665852,0.001,0.21567065614706651,0.04893752232505705,0.24696103891847937,0.21498705474057203,3454.1062548455593,0.03049487737184734,0.908029639450787,0.029992372590644897,0.21567065614706651
3,0,0,0,0,10.153246626405716,0.10623848705664692,25.49388720302494,0.1,3.994927029939685,0.02,50.0,2074400283.4994476,0.001,0.21570274545732385,0.050136984891288025,0.25236905170061613,0.21319600733154093,2486.6678789059392,0.03184506912813413,0.9071818783280196,0.031160500433651022,0.21570274545732385
2,0,0,0,0,76.1430297063193,0.10154431592235054,27.762823154075768,0.1,9.223301652352113,0.02,50.0,2035809565.1707413,0.001,0.21639417841411915,0.049265053699741865,0.24762838597718634,0.21566593295092507,3457.7304781996795,0.03065990877083319,0.9073229414661379,0.030152226199589495,0.21639417841411915
2,0,0,0,0,77.56112689912958,0.1064992831237054,25.064411253143668,0.1,6.77894238251346,0.02,50.0,2032254162.5682955,0.001,0.2164039061785817,0.049274434602743875,0.24708340410693852,0.21564308301131835,3412.8638298477945,0.03052510429253634,0.9069771280067719,0.030027283401324004,0.2164039061785817
2,0,0,0,0,77.06384275438006,0.10329398698882611,21.609987325662164,0.1,16.027589385258658,0.02,50.0,2041038296.8518438,0.001,0.21652010504125527,0.04936352945984024,0.24802441295215008,0.21588474369403382,3477.1913594486164,0.030758054710129337,0.9072236961241676,0.03024615657297638,0.21652010504125527
2,0,0,0,0,77.93073978849436,0.10028320603932579,20.332614355239933,0.1,17.623068323277217,0.02,50.0,2038141713.3556843,0.001,0.2165576842185015,0.04935842947451828,0.24751945588409308,0.21586591406524425,3438.5555691159952,0.030632940520578748,0.9069487629662895,0.03012944944038373,0.2165576842185015
2,0,0,0,0,81.60728191052281,0.1048259704582675,20.05616458671505,0.1,11.918964550302842,0.02,50.0,1944715319.3997653,0.001,0.21659934607069778,0.049344359917113154,0.24744463484178994,0.21585438782484098,3444.752823524648,0.03061442365599338,0.9069524554736074,0.03011215143128488,0.21659934607069778
2,0,0,0,0,79.84072991037827,0.10341651532717107,26.381257376318043,0.1,4.781026253930511,0.02,50.0,2033673321.446649,0.001,0.21675610260651126,0.04945388558891996,0.24770035023782128,0.21604869182138814,3436.8584946423766,0.030677731753969664,0.906735088796196,0.030173077945553156,0.21675610260651126
2,0,0,0,0,82.49211792648208,0.10704150738298965,27.258354525498493,0.1,8.037879249028965,0.02,50.0,2016492630.1178405,0.001,0.2169185078100294,0.04953364218563749,0.2482501571763061,0.2162492315531434,3485.395249782222,0.030814070269030342,0.9067873566756125,0.030302067630279365,0.2169185078100294
3,0,0,0,0,29.90421610640983,0.10363319664975795,11.90012848288496,0.1,6.142379864457676,0.02,50.0,1929407160.15778,0.001,0.21695256017793088,0.06472989835248621,0.2807907050580004,0.23963632771313745,2653.133356402724,0.03942171002348449,0.8762176622131764,0.03854309665941208,0.21695256017793088
4,0,0,0,0,6.897503465574713,0.10619880451191749,18.894094274663207,0.1,0.3121710116322445,0.02,50.0,2046336606.7975683,0.001,0.216976189595905,0.05223482057330499,0.25567343842098206,0.21084472162961942,2190.5612599151477,0.032684453557003855,0.902147656388659,0.03184446875412233,0.216976189595905
2,0,0,0,0,86.44588919694746,0.10177200194976033,23.16070444291949,0.1,5.140146209570302,0.02,50.0,2035895139.2298682,0.001,0.217703062166181,0.04988891306532145,0.24882751125770733,0.2169667125933975,3473.4794376045406,0.030957565179352234,0.905937941867417,0.03044237299618736,0.217703062166181
2,0,0,0,0,92.41375919179642,0.10933990581603079,23.45577825165086,0.1,9.771388241482514,0.02,50.0,2054498251.0707238,0.001,0.21819836101734866,0.05014719180127612,0.24951372496742258,0.21749305446292264,3506.406066315065,0.0311285494735593,0.905475976100718,0.03060736998737338,0.21819836101734866
2,0,0,0,0,91.56984362253807,0.10343347508797163,20.014363445554896,0.1,1.822427415097342,0.02,50.0,2059954086.2849784,0.001,0.2182331782215526,0.05018025707305662,0.24931045637349658,0.21755348218047732,3475.097933704039,0.03107785182858057,0.9052474640231659,0.030561193314751815,0.2182331782215526
2,0,0,0,0,97.09022227528328,0.10651965893225035,24.640329330999254,0.1,14.570986596504412,0.02,50.0,1946296169.4562697,0.001,0.2182483244292017,0.050192106899267064,0.2499434974449184,0.2176109475244548,3532.731378466819,0.031235875957498965,0.9055766875699407,0.03070830838426168,0.2182483244292017
2,0,0,0,0,95.64607920874042,0.10070703382665822,22.11409933073804,0.1,5.576179803620681,0.02,50.0,1981298214.4574394,0.001,0.21828681764997007,0.05022573694072207,0.2492582237480961,0.2175252492965774,3448.417798656731,0.031064831053027972,0.9050654826546584,0.030549410260726946,0.21828681764997007
2,0,0,0,0,99.82981673803441,0.10574217408659131,22.615160947238618,0.1,8.076019975907926,0.02,50.0,1913904222.9695935,0.001,0.21830001645349265,0.050206007345106524,0.24948616541345528,0.2176199793852817,3493.8216835237063,0.031121673366354987,0.9052638800378066,0.030602634374197465,0.21830001645349265
2,0,0,0,0,99.30455071884185,0.10532448518577306,15.55189496193551,0.1,16.39264129311252,0.02,50.0,1947028283.5940876,0.001,0.2184270274917068,0.05026912995786559,0.24955342756048193,0.21773812029640618,3487.394304574026,0.03113845660359235,0.9050926322154969,0.030619533290123433,0.2184270274917068
0,0,0,0,0,24.794736288251162,0.10929324626203338,19.227103433250203,0.1,0.4043736726742867,0.02,50.0,2014171644.5922575,0.001,0.21850052411725146,0.07595913360568138,0.30507555832721955,0.20823933931809918,1333.2175087959297,0.04653554814433236,0.8553858336511709,0.04408100607360549,0.21850052411725146
2,0,0,0,0,95.76599757519843,0.10155544318234377,16.45493028250417,0.1,0.7506374839464446,0.02,50.0,2078219633.6859126,0.001,0.2187121553636884,0.05042264753964574,0.25014527964376065,0.21804248262582,3507.0711318397744,0.031286330464027616,0.9049259459505786,0.03075960685586014,0.2187121553636884
5,0,0,0,0,86.81268468131447,0.10884709288723025,11.354368289047702,0.1,5.898448461636817,0.02,50.0,2069389566.5865636,0.001,0.21890666576229575,0.06601610450523654,0.2835684530035527,0.24365234080511863,2983.691086896999,0.04020553376941405,0.873759230444511,0.039300096484366435,0.21890666576229575
2,0,0,0,0,98.66165868287534,0.1083622349237298,25.359918834445402,0.1,12.86163224219002,0.02,50.0,2060652794.9981985,0.001,0.21894323486253656,0.0504868543075411,0.2500320170860261,0.2181342715152689,3498.3930688079868,0.031258004784053425,0.9046458301376543,0.030734833352602877,0.21894323486253656
2,0,0,0,0,99.16051871957694,0.10430914927372614,21.123928742845173,0.1,10.719895333550078,0.02,50.0,2067378096.2284882,0.001,0.21894713829096232,0.050530567080703054,0.25025576671049227,0.21827260787853558,3510.6009316096374,0.031313974385928166,0.9046307166314889,0.030788298234897957,0.21894713829096232
2,0,0,0,0,73.23108024380781,0.106625728280445,4.776597324459731,0.1,16.711876463902996,0.02,50.0,1943431527.4667258,0.001,0.21911174579294307,0.041973521507281814,0.2278325913993174,0.13339747300897253,104.89304910548944,0.025953844851864163,0.9206472329634103,0.024844130078828755,0.21911174579294307
5,0,0,0,0,87.33214171827464,0.10912263165538297,11.260744457622364,0.1,10.586374256813416,0.02,50.0,1966389845.4750597,0.001,0.21915062379390968,0.06603311529765178,0.2834515020776391,0.24416006856723887,3050.362110226884,0.04017237701503492,0.8736251620429089,0.039291019903674756,0.21915062379390968
5,0,0,0,0,20.543754607229427,0.10081588530065548,18.977237973690123,0.1,4.4825187775227215,0.02,50.0,2009524069.1921997,0.001,0.2194141778432154,0.04989633473506609,0.2500904604879165,0.2154950589726904,3018.31413578249,0.031272619213529064,0.9066483290480142,0.030704315254347588,0.2194141778432154
4,0,0,0,0,64.31792895444357,0.10328746069582098,11.167751960957421,0.1,7.294093319549667,0.02,50.0,2029446419.6394796,0.001,0.2196694005261615,0.06624465769650387,0.2839117040541754,0.24401054059721528,2964.6583760880344,0.04030292784947283,0.8732246393270904,0.039404184230183645,0.2196694005261615
4,0,0,0,0,35.793916015449206,0.10488895135902095,8.507316808680711,0.1,14.744352216241817,0.02,50.0,1945938235.509798,0.001,0.2207492230395416,0.13623359772999044,0.40394587224022743,0.29725108836691555,1286.0937159571492,0.08158613384995908,0.736255653216603,0.07637145164127193,0.2207492230395416
4,0,0,0,0,15.193396630334115,0.10766262095719824,23.84730856516468,0.1,1.8955554331550346,0.02,50.0,2089921050.0154452,0.001,0.22124957331698356,0.05132764947620283,0.2545542671201974,0.21629308572863637,2815.7986961353618,0.032398937454550414,0.9045053558066082,0.03173399096370533,0.22124957331698356
4,0,0,0,0,3.892062082797308,0.10145889873064359,6.595591600717898,0.1,6.441302659715206,0.02,50.0,1982833937.9885352,0.001,0.22154435388916538,0.15156477085418787,0.4204915743634374,0.3146028762369982,1013.107226447781,0.0884065820553211,0.7010661219484563,0.08254725606817666,0.22154435388916538
3,0,0,0,0,73.42076949866899,0.10694725462585687,13.106130922371193,0.1,19.37198629910251,0.02,50.0,2035721231.1080713,0.001,0.2218178637037501,0.05909343191333992,0.26899466966452196,0.2338843527257324,3241.1457269551493,0.03617906615396265,0.8874397146481131,0.03548593973370484,0.2218178637037501
3,0,0,0,0,59.22424917545581,0.10787265342909122,12.619458753815872,0.1,14.407985602361842,0.02,50.0,2027046519.6259685,0.001,0.2222078773856123,0.05930926416549518,0.2694910492475131,0.23422654188320619,3175.5540337743364,0.03631271281226277,0.8870321160102959,0.03561020813221892,0.2222078773856123
4,0,0,0,0,46.01603076098145,0.1015617287512967,8.749016644422188,0.1,1.6007236713661661,0.02,50.0,2040781946.256574,0.001,0.22222919952783882,0.13575176503948996,0.4033394949149815,0.2974436510928035,1338.2007129593983,0.08134137407913619,0.7372906560530179,0.07617608031819449,0.22222919952783882
4,0,0,0,0,36.02943552474966,0.10909872119690275,3.31475012449153,0.1,4.825994524720471,0.02,50.0,2081893937.444352,0.001,0.22226815245733678,0.04521720159284604,0.2372720754293022,0.13728894808009112,131.5967368017263,0.028149018889264237,0.9149570387654631,0.02684426629515032,0.22226815245733678
5,0,0,0,0,18.37361114686163,0.10914875534636592,21.978133236511837,0.1,19.136554561135416,0.02,50.0,1963862562.4931657,0.001,0.22240857347932727,0.051895587005926926,0.25662769424433685,0.21811559248280912,2929.6719969885885,0.032928886726582424,0.9038487790089359,0.032241691970057246,0.22240857347932727
3,0,0,0,0,64.19675293357838,0.103060433243671,11.70459850684682,0.1,4.824164384203796,0.02,50.0,1960299095.4685287,0.001,0.22242980446851746,0.13329619414181001,0.4001696477120421,0.29527769124550024,1373.1199539144798,0.08006787347498995,0.7425043909689432,0.075072664752698,0.22242980446851746
5,0,0,0,0,56.74888601867928,0.10161195721968928,11.560389190775236,0.1,19.09545548760112,0.02,50.0,2018417668.7285547,0.001,0.2228599749094581,0.0674845348822975,0.286488718493558,0.24586173811021308,2929.551527547404,0.04103789291204056,0.8708066338537697,0.04009746742886385,0.2228599749094581
5,0,0,0,0,55.48080235034849,0.10161195721968928,11.560389190775236,0.1,19.09545548760112,0.02,50.0,2018417668.7285547,0.001,0.2230561011385798,0.06761989898260323,0.2866990761374286,0.24639819296008075,2975.964975711662,0.04109818012902755,0.8704960903590535,0.04017115678859131,0.2230561011385798
3,0,0,0,0,16.21382178370812,0.10355851802458078,2.313335565023725,0.1,4.631297677900399,0.02,50.0,1935915242.5229962,0.001,0.2232970911218139,0.04701683511010443,0.24379776382495177,0.14024566896945917,134.8646243108507,0.029718674823023483,0.9126207908867067,0.02823577639798245,0.2232970911218139
5,0,0,0,0,18.34218090540029,0.10982686871735314,23.769060010385537,0.1,2.7647304917927267,0.02,50.0,1914376592.327581,0.001,0.22346079609454458,0.052438765499668694,0.25788649154289395,0.2186460201440464,2918.1960679271597,0.03325272126015155,0.902793797941458,0.03254137156249149,0.22346079609454458
1,0,0,0,0,94.27725959949278,0.10803130499930347,8.922838972034256,0.1,4.87167380051127,0.02,50.0,2058068442.5046418,0.001,0.2235082985172545,0.09924957910065746,0.35454661372432567,0.27137837072855836,1375.351689780151,0.0628516506516931,0.8158219211850923,0.06004788896356931,0.2235082985172545
5,0,0,0,0,57.663656195643995,0.108594836152512,10.346221266290929,0.1,12.040164303564755,0.02,50.0,2044904203.427575,0.001,0.22376012415254318,0.06613045759381324,0.2836517130405453,0.24388263933464552,2989.3819828201504,0.040229147155417935,0.8734331513832644,0.03934246068524417,0.22376012415254318
4,0,0,0,0,43.89650438086398,0.10869699535133921,10.38188998404806,0.1,1.0672629127330004,0.02,50.0,2050077030.8721519,0.001,0.2248094444240937,0.06623581957548096,0.2838694450901167,0.24372534201237891,2906.5508638678275,0.04029093092788538,0.8732261069134627,0.039395840988730606,0.2248094444240937
0,0,0,0,0,23.923909166523305,0.10061672978279518,21.514625005691816,0.1,4.7697283976363885,0.02,50.0,1999454604.3681405,0.001,0.2258310188343854,0.07596144829206652,0.3049608556462928,0.20542232248173437,1236.2961562289795,0.04650056173825953,0.8552964830823838,0.04399076119087715,0.2258310188343854
4,0,0,0,0,81.63235729268945,0.10870998332528264,13.140721336002901,0.1,7.1701104980768,0.02,50.0,2000371294.6021097,0.001,0.22633584282668892,0.06117383709914631,0.27355317945910834,0.2373823776739918,3274.180054492398,0.037415670996093574,0.8833904419937306,0.03667009924442639,0.22633584282668892
5,0,0,0,0,18.09637757850296,0.10236552307021146,26.266647564114216,0.1,6.972474993018972,0.02,50.0,1970893679.8477736,0.001,0.2269233156513499,0.05387622768286767,0.2616577842033805,0.2225864477504932,3010.875054113632,0.03423239801711142,0.9002881697637011,0.033497413102113544,0.2269233156513499
4,0,0,0,0,67.66937593336127,0.10667168924568923,13.022568834831901,0.1,14.525865469366432,0.02,50.0,2054511992.5328572,0.001,0.22740885595251129,0.06170780579331693,0.2748131416027764,0.23839327908448515,3251.919595620147,0.03776113139879382,0.8824166206194625,0.03699926178802372,0.22740885595251129
4,0,0,0,0,75.40697278084947,0.10402992335295547,3.643910346896523,0.1,13.500478161734204,0.02,50.0,2088762217.4058282,0.001,0.22842805891354753,0.0457678342788715,0.23757930414957296,0.14203808326955575,122.94525302503119,0.028221962880097644,0.9132917991239895,0.026998981212772617,0.22842805891354753
5,0,0,0,0,40.01747867933817,0.10296373846055054,10.349088031285726,0.1,6.387210380881527,0.02,50.0,2005571153.7172422,0.001,0.22860339549576877,0.06817693675714262,0.2879519678484622,0.24700981715991252,2951.5961510874145,0.041458167893900916,0.8694792692286267,0.04051970770673925,0.22860339549576877
4,0,0,0,0,14.239974205606169,0.10568004629271582,14.77712444292085,0.1,16.943106853617373,0.02,50.0,1986953504.6598382,0.001,0.22891903456520277,0.055134311405849956,0.26415299288494326,0.2229842999940693,2790.1260002394083,0.03488840182503644,0.8976252329055852,0.034088965543555956,0.22891903456520277
5,0,0,0,0,17.08122280242297,0.10042941566871279,25.117088175052974,0.1,9.456675252231479,0.02,50.0,1987825038.7196908,0.001,0.22892890663068746,0.05461553103838743,0.2629603005204566,0.2233480655751514,2990.0738177072453,0.03457405982490442,0.8986210361301522,0.033823400328643796,0.22892890663068746
5,0,0,0,0,7.1617870364807095,0.10057385052885548,29.525769768512028,0.1,11.605296210494581,0.02,50.0,1937331110.2123144,0.001,0.22935994566682352,0.05734740774339596,0.27020435342271476,0.22150973948423158,2440.2775754538175,0.03650519630429368,0.8940207655653654,0.03541806231124287,0.22935994566682352
2,0,0,0,0,66.47224621440272,0.10749409028599878,8.734621196389798,0.1,13.954152200414185,0.02,50.0,1982313715.588048,0.001,0.2299015307310528,0.13322565104936238,0.40031414070647325,0.2934381123951988,1314.8196952238782,0.08012570562478102,0.7428744762932811,0.0751371742332107,0.2299015307310528
4,0,0,0,0,49.37649057754028,0.10147671974139506,12.03927662468835,0.1,16.8496610746659,0.02,50.0,2024770636.1675615,0.001,0.2303435499499972,0.0629904954278906,0.2778232617980132,0.24053587038792246,3214.564744145566,0.0385928823980437,0.8800817408357999,0.037788845839355115,0.2303435499499972
3,0,0,0,0,99.5437586561363,0.10668232882820695,18.24331959635558,0.1,11.523449512442598,0.02,50.0,2031940448.25837,0.001,0.23093224404165255,0.055684855024675343,0.26278391714161164,0.22763454346340775,3589.902383330351,0.0345276935541447,0.8949484348774198,0.03386460206402723,0.23093224404165255
3,0,0,0,0,3.738634016408296,0.10692044844095915,11.059733658625113,0.1,12.975682557615073,0.02,50.0,1917608492.6921344,0.001,0.2309618629221861,0.08310689107959209,0.316322296892368,0.25880707213776943,1460.365627473473,0.05002989775563171,0.839713457831167,0.04849749289058001,0.2309618629221861
3,0,0,0,0,95.22149533676978,0.10658433667064404,20.310479497743938,0.1,12.37200832458209,0.02,50.0,2012777252.6414876,0.001,0.23097079780333699,0.055747828417298556,0.26350652860715873,0.2278251266144852,3622.803578273811,0.034717845309297675,0.8951822109973661,0.03404026751325846,0.23097079780333699
3,0,0,0,0,99.06939070896323,0.10372887220251843,21.78110582457496,0.1,0.15152710418985885,0.02,50.0,2009238543.2761085,0.001,0.23100273978298538,0.055729460462450475,0.2632731823282157,0.22777296986139228,3621.103253368709,0.034656384266612966,0.8951000284139287,0.033983696319510884,0.23100273978298538
3,0,0,0,0,85.2002290123763,0.10930759267777963,20.125788676888227,0.1,12.820135471300594,0.02,50.0,1970639732.0293922,0.001,0.2310566968492543,0.055797156600594845,0.2636423841507517,0.22780534908543004,3585.487065264652,0.03475365336034626,0.8951013358388251,0.034072093017491374,0.2310566968492543
3,0,0,0,0,94.40556722016224,0.10189226107768391,27.992719935059093,0.1,16.935127019270617,0.02,50.0,2078802848.247552,0.001,0.23106641528604435,0.055754015823086055,0.26319201902574574,0.22778437050620473,3608.27776361391,0.03463501943942425,0.8949683259483697,0.03396452536819381,0.23106641528604435
3,0,0,0,0,95.17957551368549,0.10521315033564652,29.421718909601353,0.1,13.137668612832659,0.02,50.0,1908608832.0375562,0.001,0.23107432072307718,0.05582975656927418,0.26385467107216987,0.2279771440789261,3622.8275624391713,0.03480964372330148,0.8951233134567895,0.034125991539710465,0.23107432072307718
3,0,0,0,0,82.032881755149,0.1078247720422206,26.23553371784713,0.1,10.01568858635085,0.02,50.0,2080797460.2018635,0.001,0.2310997187427196,0.055791823564700596,0.2631848934837654,0.22773841333055553,3558.924131585852,0.034633144079030474,0.8948379243020691,0.03396158683238447,0.2310997187427196
3,0,0,0,0,95.28716151919427,0.10316885002812291,22.370129777439317,0.1,15.968209138997064,0.02,50.0,2001550147.9614272,0.001,0.23111266004659944,0.05575014474813521,0.2629297119980614,0.22770896402940588,3581.9483574185333,0.03456601672569176,0.8948202231994967,0.03390043828762222,0.23111266004659944
3,0,0,0,0,90.68656908309087,0.1029491633815985,17.434583489786476,0.1,1.3743044848026762,0.02,50.0,2037217607.7546632,0.001,0.23111390955778657,0.05578391735299101,0.2634084396213207,0.22781822310973157,3604.9962406594623,0.03469200303186948,0.8950016158977254,0.03401661006741884,0.23111390955778657
3,0,0,0,0,79.74387542076259,0.10709166980776094,28.419755865361946,0.1,7.785730691625573,0.02,50.0,2073108711.4282174,0.001,0.23114560759814176,0.05587401852306932,0.2640056714553026,0.22798271305867684,3598.519264651199,0.0348494972802826,0.8950687652437617,0.0341619996844267,0.23114560759814176
3,0,0,0,0,83.80782492963748,0.10490928665309607,14.977985303435243,0.1,13.877818989773964,0.02,50.0,2040310333.3168163,0.001,0.23117423658356992,0.055793080916967164,0.2630659882762466,0.22766641263018364,3548.7849730575113,0.034601857093879154,0.8947607301624941,0.03393307322940058,0.23117423658356992
3,0,0,0,0,89.76696692162797,0.10314602092411534,22.42011388789204,0.1,1.3173736196917227,0.02,50.0,2010305597.7050207,0.001,0.2311788323719937,0.05586963569172694,0.2638893338332267,0.22799228047036943,3614.9630254539916,0.03481879025547209,0.8950117249570118,0.03413414431301171,0.2311788323719937
3,0,0,0,0,76.81654711784702,0.10866085283435083,27.068095723569062,0.1,10.035582928720599,0.02,50.0,2033535764.1859388,0.001,0.23118428052734816,0.05584897691568375,0.26363031536257325,0.22780722275706722,3555.281000753713,0.03475047158908492,0.8949211773222523,0.034069022493109,0.23118428052734816
3,0,0,0,0,80.57810737909874,0.107119037984058,29.20970270312655,0.1,11.066370398058465,0.02,50.0,1964949546.687554,0.001,0.23122823613523033,0.05585971855647201,0.26345299804371425,0.22781412609858204,3549.031218807507,0.034703741089110646,0.8947763340196848,0.034026704766935575,0.23122823613523033
3,0,0,0,0,78.93621785908087,0.10340121330867058,26.725382335134203,0.1,9.586708319924014,0.02,50.0,2031238806.521757,0.001,0.23130458623111597,0.05589725240287168,0.26381317538650595,0.22792706756889416,3578.3652702418954,0.034798695753755673,0.8948727820825243,0.034114912377811654,0.23130458623111597
3,0,0,0,0,79.98630812250671,0.10266516609088872,15.358890491366092,0.1,15.672651550942023,0.02,50.0,1974973714.7545207,0.001,0.23136393605593045,0.05592223810324067,0.26365675619295914,0.2279403263944099,3561.7473349479214,0.03475744254309675,0.8946932389230902,0.03407759551182299,0.23136393605593045
3,0,0,0,0,68.89114691983937,0.10579220194156452,29.714099764265598,0.1,12.823332081771662,0.02,50.0,2009031590.7567732,0.001,0.23148646917991286,0.05609106072197646,0.2646765650620065,0.2282245507231794,3560.4597965388693,0.03502684204651128,0.8947590957019381,0.03432638664228853,0.23148646917991286
3,0,0,0,0,73.80738407286498,0.10102836373717819,19.374771288343602,0.1,1.0969939161852962,0.02,50.0,2026363176.7177844,0.001,0.2315099180155122,0.05594600413545059,0.2634618880822909,0.22783045165997973,3525.7914318434473,0.03470608323594278,0.8944941804323645,0.03402953695226589,0.2315099180155122
3,0,0,0,0,76.3905970127258,0.10015431116940586,28.964415102495863,0.1,8.377963609403299,0.02,50.0,1924283892.384202,0.001,0.23153937354643325,0.05608643251651066,0.26463616467458567,0.22828055641300293,3587.312345874116,0.03501614982683721,0.894749574540918,0.03431788021028144,0.23153937354643325
3,0,0,0,0,69.13403574173672,0.1065975904076551,15.53189974390153,0.1,7.898401083586779,0.02,50.0,1910828105.6262715,0.001,0.23155468303723634,0.056111597804634615,0.2646155785422113,0.22818541030638095,3537.288411933885,0.0350107022036146,0.8946529791263187,0.034310910918324694,0.23155468303723634
3,0,0,0,0,64.33900730180048,0.10519626635024383,24.618317441630303,0.1,16.289661095867068,0.02,50.0,2000901464.2207637,0.001,0.2316472158728575,0.05615234719971207,0.2648116860970055,0.22823125385358783,3537.408442248634,0.03506261454676948,0.8946382766100885,0.03435880631220192,0.2316472158728575
3,0,0,0,0,61.293449781787544,0.1065825650088831,24.091663367109796,0.1,17.6105659630955,0.02,50.0,2012533688.2042038,0.001,0.23173980061554952,0.05613302617271518,0.26433559819129593,0.22805122041474582,3486.664404375056,0.03493665423557512,0.8944087726406247,0.03424162319427382,0.23173980061554952
3,0,0,0,0,64.58040984642957,0.10143728552483895,25.13415802355325,0.1,2.8332727485964067,0.02,50.0,2021120234.6848779,0.001,0.23176205260430968,0.056088347263993546,0.26390988118660863,0.2279617539013225,3493.8184814721226,0.03482421269396494,0.894295338739273,0.034138438755464406,0.23176205260430968
3,0,0,0,0,65.31370956717095,0.10122650705178458,26.71177223775964,0.1,19.37757727230024,0.02,50.0,1959235118.2629366,0.001,0.23179346288733318,0.056154240341013226,0.26437256846188445,0.22814601494959152,3510.2378698309176,0.034946427477566884,0.894360862977612,0.03425212450145108,0.23179346288733318
3,0,0,0,0,62.20576540227158,0.10032873996863916,18.58434359013468,0.1,1.0226417813236417,0.02,50.0,2004174089.6673353,0.001,0.231885075208594,0.056196023675635275,0.2644091058509416,0.22819288506667953,3503.8974553930443,0.034956087628447215,0.8942441255475926,0.03426135302717781,0.231885075208594
3,0,0,0,0,60.13175459503602,0.10189423458810046,13.247026966198494,0.1,15.219876581136404,0.02,50.0,1921512433.6961803,0.001,0.23209147162377927,0.05629091595552561,0.2647450439079457,0.2282756605224438,3483.051965451076,0.03504496913691005,0.8941352081343714,0.034343061588957856,0.23209147162377927
3,0,0,0,0,57.67725019732265,0.10300299780335037,19.45389463124158,0.1,0.9676221028951378,0.02,50.0,1976366564.3496616,0.001,0.2321170465971014,0.05635488739901616,0.26538949471988266,0.22844570841027872,3507.755624624369,0.03521579195383731,0.8943205565622332,0.03450091229150787,0.2321170465971014
4,0,0,0,0,85.66283783666883,0.10761376853653205,1.5242759458341917,0.1,10.959000721152153,0.02,50.0,1975329410.037404,0.001,0.23232848473913936,0.06741002529773361,0.3043599857494903,0.2131738926331433,160.69839702819124,0.046317500462714975,0.8833740834205562,0.04414542927718833,0.23232848473913936
3,0,0,0,0,51.07439344191235,0.10866635275633005,21.0980565589503,0.1,11.224947302278297,0.02,50.0,1967663805.100419,0.001,0.23257783454914013,0.05637163108623118,0.2646902647901466,0.22807536825727692,3390.040657898284,0.03503046813733896,0.8938323220330203,0.034328001560528565,0.23257783454914013
3,0,0,0,0,47.04900035934234,0.10398020238379418,14.339200529592512,0.1,2.561764881383415,0.02,50.0,2098579606.4411201,0.001,0.2327574054182339,0.05654912371932467,0.26561850520195107,0.22850237503509557,3431.7632915826857,0.035276595152859455,0.8938149762922565,0.034556332712180934,0.2327574054182339
5,0,0,0,0,16.15452630255699,0.10657305777438889,1.5752407209201902,0.1,9.146990047784216,0.02,50.0,1977068204.1025214,0.001,0.23278822335468652,0.07898271303401347,0.32547604684546505,0.22530518157205698,166.12800534472595,0.05296732853507567,0.8603147231351317,0.05015283014574699,0.23278822335468652
0,0,0,0,0,22.175313414779545,0.10754960700713287,13.601534381654007,0.1,16.724332094112235,0.02,50.0,1939954916.6717567,0.001,0.23279269212938358,0.08086817539785293,0.31474027355798406,0.21392426336216835,1236.0072505295166,0.04953071989967731,0.8460110951064039,0.046792562222286116,0.23279269212938358
5,0,0,0,0,8.568666619119917,0.10994862653828351,8.584428321668694,0.1,13.209290775365488,0.02,50.0,1920226304.9287074,0.001,0.232836380623471,0.12047822323513868,0.3838427282143241,0.2679178971361832,906.2412661967843,0.07366762000150773,0.7702970358863891,0.06908003446745661,0.232836380623471
3,0,0,0,0,44.52067801590249,0.10380790203688099,25.30742667438141,0.1,1.265221861477459,0.02,50.0,2016326855.4643002,0.001,0.23323732817316814,0.0566922344272997,0.26572988063270225,0.22853583063317898,3379.361701287884,0.035306184730535095,0.8934069829469162,0.034584467198642596,0.23323732817316814
3,0,0,0,0,41.659808777326575,0.1067263226846683,19.173751771393608,0.1,5.848142610101024,0.02,50.0,2083875431.0385237,0.001,0.23337030426503955,0.05673725040291583,0.2659259151436705,0.2285540624623953,3362.809001014082,0.03535829617249932,0.8933785230594457,0.03463175355883008,0.23337030426503955
3,0,0,0,0,35.61457204501816,0.10835865160881389,26.757186559086087,0.1,5.9975090861088205,0.02,50.0,2002606832.7405689,0.001,0.23455023517570886,0.05723998176776414,0.2672830774806717,0.22898779578107625,3278.7607362283147,0.035720121753769374,0.8925470115329147,0.034966203136345644,0.23455023517570886
4,0,0,0,0,95.4532412333606,0.10512116165121764,25.255405488265325,0.1,12.674423782734467,0.02,50.0,2042747921.4345336,0.001,0.2350780585341394,0.05756611883245551,0.2672627848577225,0.23082885965970346,3615.9232180518543,0.03571469808495263,0.8914472327567045,0.03499400105447542,0.2350780585341394
4,0,0,0,0,94.60377587462355,0.10131554538805541,18.95320203925851,0.1,5.45806719863176,0.02,50.0,2059848748.9518654,0.001,0.2351609822244667,0.057696153171526085,0.26824367542977107,0.23125406490301242,3678.7666806143707,0.035977334704036176,0.8916266037376641,0.035238243042330405,0.2351609822244667
5,0,0,0,0,11.322694457133768,0.10542467423840786,9.415687018793538,0.1,19.820015691122414,0.02,50.0,2028503873.3312607,0.001,0.23524634342689935,0.0927355060879043,0.3334094346738037,0.2740874646301034,2049.8550712530764,0.05558092556475269,0.8205704726914086,0.05369247681895509,0.23524634342689935
4,0,0,0,0,90.2626939500861,0.10426515169939791,14.059060134146469,0.1,13.861282249541318,0.02,50.0,2086295788.2935028,0.001,0.235261245254083,0.05775014276538468,0.26837187897841563,0.23131491943428073,3664.4637336867577,0.03601173271320268,0.8915269004461907,0.03527010742938328,0.235261245254083
4,0,0,0,0,93.71048557860628,0.10120838751698338,24.656060540458576,0.1,0.9805148094322883,0.02,50.0,1969021349.3692932,0.001,0.2354610129336898,0.05770619725980002,0.2674385713121551,0.23096055309726798,3599.1813496035734,0.03576169471274333,0.8910899634637344,0.035040682859493286,0.2354610129336898
5,0,0,0,0,37.77848924217002,0.10880556228660197,12.389945755592567,0.1,14.561445556657821,0.02,50.0,2085642598.3083763,0.001,0.23550502767635031,0.06548370332283003,0.28323450607301937,0.2441106650236436,3110.8343376869548,0.04011089271521362,0.875313071926065,0.03922120154156558,0.23550502767635031
4,0,0,0,0,88.5144236066415,0.10665037102566992,29.80141240835646,0.1,16.528904766547218,0.02,50.0,1983731075.473415,0.001,0.23558092289842894,0.05780014506083566,0.2678792611566606,0.23115814432776371,3592.2527233532273,0.03587964927891919,0.8910520314480259,0.03514927144322002,0.23558092289842894
3,0,0,0,0,30.56850044929412,0.10645976721008982,29.61566213286484,0.1,16.037329434093625,0.02,50.0,1966454948.3193295,0.001,0.23584106835547722,0.05801568202278028,0.27010816719959163,0.22995612572617738,3251.9543358187993,0.03647921099396127,0.8917325522433087,0.03566624716372395,0.23584106835547722
4,0,0,0,0,86.38139496167354,0.10354179904689027,17.660388834998688,0.1,16.35213064310696,0.02,50.0,1920951330.8951068,0.001,0.23603374661668994,0.05797713117901683,0.26817640322063857,0.23137192837324508,3581.6880002772655,0.035959291622179264,0.8906479098550288,0.03522488235650144,0.23603374661668994
3,0,0,0,0,30.40444251053823,0.10036703726964694,19.688319977038347,0.1,12.372114423042968,0.02,50.0,1926391473.4408307,0.001,0.2360964746540866,0.05810417252646915,0.27004259173108297,0.23007494968647968,3247.4674289544596,0.03646150067442018,0.8913962598187499,0.03565155593926534,0.2360964746540866
4,0,0,0,0,77.27314052412903,0.10831424933241195,24.307459381473066,0.1,8.817286767111591,0.02,50.0,2053493391.232835,0.001,0.2361118141674138,0.05811133221380237,0.2690349212192447,0.2317168819984314,3599.6319558501036,0.03618989441772261,0.8907386462620115,0.035437679850502904,0.2361118141674138
4,0,0,0,0,76.49286048202269,0.10539818951254229,14.31361288737501,0.1,19.540937977688415,0.02,50.0,2040267913.2948751,0.001,0.23633502043495244,0.058246863005685406,0.26934535829378387,0.23195550968837342,3606.2398296265505,0.036273461017203405,0.8904818656878566,0.03551691300349534,0.23633502043495244
3,0,0,0,0,25.90575646374967,0.10268134009192627,20.617301808828785,0.1,11.29344872153689,0.02,50.0,2095078913.3367114,0.001,0.23666566004122122,0.05830754352826162,0.270396500618679,0.2301489489687631,3196.675906556863,0.03655713377341364,0.8909415003770931,0.035739201450871214,0.23666566004122122
4,0,0,0,0,73.89554404915701,0.10991193730886044,13.7153859113746,0.1,5.598604786952937,0.02,50.0,1955591004.5420117,0.001,0.23666695255178374,0.05844586600893288,0.2701321805269843,0.23224983054630705,3593.3906139082383,0.03648569747813161,0.8903137407525308,0.035713042591872246,0.23666695255178374
5,0,0,0,0,92.80464758692818,0.10103732583374608,13.993640057102287,0.1,19.91959864047944,0.02,50.0,2006112597.8605168,0.001,0.23677190191021222,0.05830551125656839,0.26882862460407225,0.2319729644729419,3612.730426830865,0.03613441470325861,0.8899619301190421,0.03539542319714668,0.23677190191021222
4,0,0,0,0,11.294830174634637,0.10236176616911498,16.5330077211309,0.1,7.089587308666238,0.02,50.0,2025330424.738574,0.001,0.23687528950340006,0.059266738893560045,0.27465774366104473,0.22870150593718236,2736.2361001153067,0.03771843807648807,0.890453892533272,0.03672281693399667,0.23687528950340006
4,0,0,0,0,68.57496152861297,0.1057672130135194,17.4983349715901,0.1,0.5246079844550671,0.02,50.0,2049121578.82893,0.001,0.23702016697378195,0.05862413749700772,0.27062026977927556,0.23254207064689567,3603.8235007608932,0.036617665207703945,0.8900274271612835,0.0358371357331083,0.23702016697378195
5,0,0,0,0,91.30208468544802,0.10093119392089418,19.023524470614262,0.1,19.937975827884806,0.02,50.0,1940464574.729689,0.001,0.23712992183103773,0.05865303604399238,0.27063677126251756,0.23282578866526113,3676.66342202778,0.03662213097970013,0.8899415188059924,0.03584680053357274,0.23712992183103773
4,0,0,0,0,64.53876075637429,0.10962673718810895,25.042697212148667,0.1,6.584642974417271,0.02,50.0,2099426974.7663848,0.001,0.23713552926579481,0.05856531660592388,0.2696789198145161,0.2321647715591426,3519.750335956068,0.0363633598961621,0.8896301177379653,0.035603449268949705,0.23713552926579481
5,0,0,0,0,84.61085526358248,0.10830101680672276,14.614530427119089,0.1,12.788478982625124,0.02,50.0,2012066074.493665,0.001,0.23717412634292032,0.05863564562380043,0.27023034927356565,0.2326792620702191,3627.569037109974,0.03651222083425664,0.8897430298672641,0.03574514898489113,0.23717412634292032
4,0,0,0,0,64.45998054902343,0.10541481586715795,16.68156081649296,0.1,1.4199724674999012,0.02,50.0,2092448751.320709,0.001,0.23733854427111792,0.05865854115215252,0.27001646328488005,0.23235802162224178,3542.6236268147227,0.03645444522243748,0.8895319016785124,0.03568719379511134,0.23733854427111792
4,0,0,0,0,68.53167463355547,0.10654299502571021,25.82546462530713,0.1,4.829054292734267,0.02,50.0,1934729820.9737003,0.001,0.2374306255421106,0.058850229577792394,0.27113460428370334,0.23286326975385568,3585.141596988406,0.0367569868200402,0.8895988706541191,0.035967897735659705,0.2374306255421106
4,0,0,0,0,68.53167463355547,0.10654299502571021,25.82546462530713,0.1,4.829054292734267,0.02,50.0,1934729820.9737003,0.001,0.2374306255421106,0.058850229577792394,0.27113460428370334,0.23286326975385568,3585.141596988406,0.0367569868200402,0.8895988706541191,0.035967897735659705,0.2374306255421106
5,0,0,0,0,86.22465714980885,0.10325036013266611,23.072584333985702,0.1,13.025154526763586,0.02,50.0,1954545811.9297247,0.001,0.23743557246858363,0.05862434735835502,0.269694868831813,0.2324722435744735,3599.3413523592435,0.03636766113710441,0.8894433847920602,0.03561300685734514,0.23743557246858363
3,0,0,0,0,5.949905786057582,0.10510136315042949,10.321117043408549,0.1,12.762068901762234,0.02,50.0,1960082578.2971802,0.001,0.23744475655872208,0.07376150138093215,0.30077110788924905,0.25142824437713585,1969.28239868831,0.045231629670463146,0.8596687979613068,0.043972484043067035,0.23744475655872208
4,0,0,0,0,66.3515795260367,0.10424062653910535,25.934710664449614,0.1,18.386163748675056,0.02,50.0,2002520688.0697024,0.001,0.23749147721349215,0.05887847466843232,0.27124856939997133,0.2329307089760226,3596.7403916447574,0.03678789320076553,0.8895768352403451,0.03599706877560695,0.23749147721349215
3,0,0,0,0,25.678310568543235,0.10696708532626747,27.72877220450249,0.1,9.970806224742741,0.02,50.0,1902066472.8970194,0.001,0.2376073100082917,0.05886264261512747,0.27177973616312123,0.23068392295509094,3119.507965933301,0.03693211249444789,0.8899661204366202,0.03608604770631486,0.2376073100082917
4,0,0,0,0,64.9699614056089,0.10652506459556331,15.378023009574019,0.1,4.876491379969993,0.02,50.0,1987359127.6025336,0.001,0.2376199506034883,0.05886333906202349,0.27073115931503733,0.2327436108020588,3546.0315407034736,0.03664768031203207,0.8893001238546632,0.03586727566645815,0.2376199506034883
3,0,0,0,0,24.042444392910223,0.100135976854127,16.254990858732,0.1,11.177341533877236,0.02,50.0,2023599876.1935444,0.001,0.23768453744450455,0.0589036721758148,0.27179955442544107,0.23092674356437845,3154.182312665174,0.036937498892934156,0.8898419234974637,0.036095546875792923,0.23768453744450455
4,0,0,0,0,62.07645277158343,0.10425641425987364,19.700377428580303,0.1,18.94743230236277,0.02,50.0,2073670794.8326454,0.001,0.23774860485983032,0.058907819512202905,0.270795065544908,0.23280824004269213,3551.3182622806708,0.036664983761735506,0.8891922304033731,0.03588435488578266,0.23774860485983032
5,0,0,0,0,80.77643069056812,0.10972235676747795,14.107169516637788,0.1,11.947167750606045,0.02,50.0,1938892264.7873638,0.001,0.2377590344319835,0.058890924973015096,0.27071862494809307,0.23297597435713763,3594.896934973586,0.03664428694689314,0.8892002529660337,0.035869141514559916,0.2377590344319835
5,0,0,0,0,81.01596799873988,0.10122968501952055,29.22993559001121,0.1,13.102699930539004,0.02,50.0,1991175150.6477206,0.001,0.23779320911458837,0.05885634637069598,0.27062274941357606,0.23297123109129567,3626.3387316229782,0.036618336250081596,0.8892549633478705,0.03584694519801716,0.23779320911458837
1,0,0,0,0,0.8859597508784585,0.10663587393588035,25.673433544333523,0.1,19.64554683264845,0.02,50.0,1977201018.8427002,0.001,0.23791956529826572,0.05732174792274067,0.2720306021088302,0.170471339728526,282.9234823830011,0.03700032424184634,0.8952615968218393,0.03513608742214031,0.23791956529826572
5,0,0,0,0,78.3524366785729,0.10667660358039428,19.585374606883768,0.1,8.906442275194625,0.02,50.0,1942753813.5351176,0.001,0.2380825238440928,0.059068287958233656,0.27145221079302073,0.23331229257416108,3619.9351348248833,0.03684315137220928,0.8890730600077095,0.036054330744209766,0.2380825238440928
5,0,0,0,0,75.64480078359243,0.10338749210237119,19.912832092631945,0.1,17.60819342265715,0.02,50.0,2039215734.9394925,0.001,0.23808744277882646,0.05908702902225216,0.2714349783686889,0.23337834981529496,3627.0533227860474,0.0368384737410053,0.8889996753215051,0.03605088824092352,0.23808744277882646
4,0,0,0,0,63.33388918916039,0.10821089647982778,29.740504359734707,0.1,2.2240225543568743,0.02,50.0,1910737918.6613305,0.001,0.23809732001629139,0.059184714714311776,0.27184595034520115,0.2332862613985021,3548.4930354198405,0.03695011035954278,0.8889345417912272,0.036148802177084736,0.23809732001629139
4,0,0,0,0,60.28872355225532,0.10530327965769896,19.111597521165343,0.1,7.826215371524705,0.02,50.0,1933135282.8104653,0.001,0.23850898872288587,0.05934260671156123,0.27212759052659147,0.23345120339920877,3534.6878361470744,0.03702671276290412,0.8885869740749055,0.03622089431020814,0.23850898872288587
4,0,0,0,0,55.131142896207336,0.10869895481929834,13.288154370284223,0.1,14.970124436328353,0.02,50.0,2084162344.873895,0.001,0.23851304086770822,0.059305965087897455,0.27176825185764303,0.23328044026284434,3503.6936662378116,0.03692899135887964,0.888481096211061,0.036129962285046224,0.23851304086770822
5,0,0,0,0,1.3813347856193015,0.10705004356984048,5.195133980741639,0.1,12.667235918726801,0.02,50.0,2078225084.8636801,0.001,0.23858116567559814,0.08619201648404061,0.32497724689780116,0.2008268137053777,752.1217376292922,0.0528051055006372,0.8359051912213514,0.04908893022629052,0.23858116567559814
4,0,0,0,0,58.40939467231497,0.10245345454042139,17.60486449624677,0.1,17.068553028952913,0.02,50.0,1937298845.1145346,0.001,0.23888919281301937,0.05950774850082355,0.27248299341050725,0.23370831688284882,3542.8196576667424,0.037123490848975274,0.8882623169781971,0.03631245935308487,0.23888919281301937
5,0,0,0,0,71.7572067769928,0.10353955163576456,24.39797986552018,0.1,17.108307090450115,0.02,50.0,1915855096.8344002,0.001,0.23907840258868188,0.05960770440255511,0.2728716317663329,0.23416596407059065,3618.248757232201,0.03722946371141059,0.888176400651441,0.03641664001843292,0.23907840258868188
5,0,0,0,0,67.71233720520439,0.10371298953252389,20.456793130610755,0.1,10.979586253188875,0.02,50.0,1977116229.42908,0.001,0.23931863250085392,0.05965788501045724,0.27267342013592427,0.23412798284509723,3589.674152222349,0.03717539702431114,0.8878829763552019,0.036367439306111374,0.23931863250085392
5,0,0,0,0,63.96846434952964,0.1018954281063104,18.784751968002432,0.1,8.193721347512605,0.02,50.0,2084296964.5587254,0.001,0.23940467040655852,0.059783357297048076,0.27339228925205045,0.2344557885444259,3624.493614436077,0.03737167191123841,0.8879227101360627,0.03654969065832379,0.23940467040655852
3,0,0,0,0,20.57260567683449,0.10253686381303655,16.366492090447764,0.1,14.531891651296394,0.02,50.0,1966397775.0230513,0.001,0.2395006166766198,0.060137209862563205,0.27575659413100334,0.23234133637635354,3084.5861573726866,0.03802084960336546,0.888257949532642,0.03709183038475217,0.2395006166766198
5,0,0,0,0,63.1765453874841,0.10507728776128114,16.025603098619207,0.1,6.694784314247798,0.02,50.0,2056359426.4685423,0.001,0.23953767059463835,0.05983208205822407,0.27345681548561057,0.23445654116907377,3601.549820262441,0.03738931496776564,0.8878014613973729,0.03656540708228206,0.23953767059463835
4,0,0,0,0,50.152207119754756,0.10964613052871917,22.543339032915803,0.1,3.988912406253287,0.02,50.0,2012935216.9404383,0.001,0.23963549465062026,0.06009438780420858,0.2744272176027899,0.2345789814889376,3507.94770294294,0.03765514888060449,0.8875473880407152,0.036804307714483495,0.23963549465062026
3,0,0,0,0,21.139364046292012,0.10611768611098456,27.108450580089116,0.1,13.87105066069553,0.02,50.0,1901441865.2127767,0.001,0.23965962492144202,0.06001616795849035,0.2747592249547475,0.23190039750729344,3026.425976968408,0.03774631584886678,0.8880208437857213,0.036838194802212065,0.23965962492144202
5,0,0,0,0,60.07462452517389,0.10974652147709732,26.345159145960977,0.1,3.3212833448765964,0.02,50.0,2067644283.0128684,0.001,0.23979004788896588,0.059940627668922386,0.2734152638909935,0.23449662475350908,3551.9682403877177,0.03737795326429082,0.887413132053604,0.03655537235098959,0.23979004788896588
5,0,0,0,0,64.70494078909094,0.10474290829840917,23.25568592274176,0.1,1.9001378594533682,0.02,50.0,1935044466.2649136,0.001,0.2399338683824406,0.059930305342502335,0.27313344218485686,0.23441887663152175,3553.639293418462,0.037300938619874276,0.8872678389713655,0.03648571968711439,0.2399338683824406
5,0,0,0,0,60.806070878187754,0.10273033175429117,18.01009142980535,0.1,2.044527430122951,0.02,50.0,2050729381.006921,0.001,0.23999588851575857,0.06000329897875638,0.2735273940875753,0.2346257051966175,3574.661810074474,0.03740861765816987,0.8872757779398751,0.0365853667251439,0.23999588851575857
3,0,0,0,0,18.221303052800838,0.10182635977170143,18.664341125362355,0.1,0.6813017536892312,0.02,50.0,2073110915.65327,0.001,0.24023455382773176,0.06048061263082192,0.2763517478457091,0.23262566014773856,3035.402727619724,0.038185144268689186,0.887496627857535,0.03724365547451503,0.24023455382773176
5,0,0,0,0,61.277610708226625,0.10342501237559835,19.44116678329927,0.1,7.337622207423458,0.02,50.0,1979378005.0964017,0.001,0.2402528787777962,0.06017081174108676,0.2740595862847199,0.23489495778724584,3573.338262968404,0.037554328417275906,0.8870573938366879,0.036720830348662664,0.2402528787777962
2,0,0,0,0,5.664613864267314,0.10764427434890775,8.609739365376832,0.1,10.309021742779587,0.02,50.0,2029282690.974361,0.001,0.24026349653301715,0.10931414043156212,0.3712524809749634,0.2655187818945983,636.1631496168557,0.06891420231503277,0.796419337296536,0.06504184871901143,0.24026349653301715
4,0,0,0,0,48.21226723573261,0.10654317178272331,24.38734354395983,0.1,11.05516944500126,0.02,50.0,1986681810.149753,0.001,0.24034250418338585,0.06037229504571806,0.27498581096759905,0.23492553736919203,3502.090452865248,0.03780859811675406,0.8869790787866992,0.03694874098879693,0.24034250418338585
3,0,0,0,0,18.481080456142646,0.1041716054434913,28.98317145276229,0.1,12.099562216126053,0.02,50.0,2020146629.111597,0.001,0.24037058470979053,0.0606294330714211,0.27696246837353083,0.23276228770821622,3027.9560024544353,0.03835410444377954,0.8873948001307486,0.03739688789944073,0.24037058470979053
3,0,0,0,0,17.774598510573462,0.10310541937602995,16.961868311565695,0.1,6.542507753464381,0.02,50.0,2076187259.1031234,0.001,0.24054672426606158,0.060532990687883786,0.27613687552229726,0.2324986835776256,3001.8299478141657,0.038125787011608354,0.8871835340674735,0.03718852110008195,0.24054672426606158
5,0,0,0,0,60.547804880155375,0.10469868653630296,23.27511000655721,0.1,7.946651165296063,0.02,50.0,1911610345.8018415,0.001,0.24069889265808034,0.060512940583682076,0.2752856263702413,0.23547173081619527,3578.721690688527,0.03789108804302804,0.8867027368214585,0.03703304336586229,0.24069889265808034
5,0,0,0,0,57.71068280424091,0.10610180732245014,18.89038141119062,0.1,9.47905864578681,0.02,50.0,1995451470.524247,0.001,0.24075200691725404,0.06029337657894213,0.2738099450049436,0.23485495554053665,3513.921518862115,0.03748594299180512,0.8864892783844048,0.03666118162021048,0.24075200691725404
5,0,0,0,0,19.030726614269057,0.10137041294203403,11.61878393853221,0.1,19.61214757905941,0.02,50.0,2022088219.8614643,0.001,0.24135218775840264,0.07589737955788498,0.3036539984473282,0.2579378255241763,2752.5265551345788,0.046102875386524994,0.8545821107089417,0.04490873868825725,0.24135218775840264
4,0,0,0,0,42.553370434919,0.10464932584642846,28.802902325521888,0.1,18.169972593150238,0.02,50.0,2047366047.12463,0.001,0.24147770398114968,0.06077517530814584,0.2751576233949604,0.2352515412039211,3429.0694298651288,0.03785585885618144,0.8857464196372705,0.036999308954036615,0.24147770398114968
3,0,0,0,0,16.588833094932415,0.10147520111276635,20.02983728450769,0.1,16.80623128795298,0.02,50.0,2042210190.2996142,0.001,0.2414849366180176,0.06124491099499596,0.2785146079653515,0.2334104115565298,2986.6734644875605,0.038785193425046716,0.8863490813417891,0.03779314449211789,0.2414849366180176
5,0,0,0,0,51.27954164217592,0.10652369183261226,19.011966930324597,0.1,8.06604252199839,0.02,50.0,2063796222.8282115,0.001,0.24164172134412606,0.061034883676118326,0.27665169505575343,0.23622972098917747,3561.588236516625,0.03826808018861079,0.8858425748530308,0.037384694639481075,0.24164172134412606
4,0,0,0,0,41.25812829662568,0.10631833498030197,14.82042936085479,0.1,4.650118946775486,0.02,50.0,2033955348.4691916,0.001,0.24181679552039084,0.06123052590562529,0.27714978956419695,0.23613055122772997,3466.936507533795,0.038406002927739324,0.8855122538126408,0.037505083143341764,0.24181679552039084
5,0,0,0,0,51.83796423640925,0.1048399502270085,19.38425500970827,0.1,16.979611068471822,0.02,50.0,2016641452.1351933,0.001,0.2418670305742501,0.06103743835171538,0.27639478511399135,0.23614080338741106,3550.563854329255,0.03819703861910472,0.8856682956055264,0.03731992822287709,0.2418670305742501
4,0,0,0,0,39.3258672932391,0.10247613374669531,22.18353566882969,0.1,11.581283147668787,0.02,50.0,2019495673.0331361,0.001,0.2426448115194587,0.06153478105583618,0.27757911846512284,0.2364618213891277,3450.9604513504073,0.03852508350393735,0.8847759246563999,0.0376180150150381,0.2426448115194587
2,0,0,0,0,75.53738385932425,0.10116254242158677,2.049144151573542,0.1,18.353764018983398,0.02,50.0,2085852188.4347095,0.001,0.24274596747757002,0.09683646724065131,0.35572776046300586,0.247693344692096,191.2481473044854,0.06327111978201283,0.8248443886891922,0.05960403920974123,0.24274596747757002
4,0,0,0,0,40.80559915449364,0.10177638263362054,19.77153130559131,0.1,14.055636391365958,0.02,50.0,1907168125.1222432,0.001,0.24294771509123372,0.06167541487617907,0.2778826711452728,0.23666872570091768,3444.666569004043,0.03860938946141593,0.8845038591560402,0.03769825441498354,0.24294771509123372
4,0,0,0,0,38.74812772585575,0.10833910564235441,29.358684864345395,0.1,9.227008427348759,0.02,50.0,1940587628.5658116,0.001,0.24316638744459382,0.061943854071278094,0.2788273110216139,0.23697698067114267,3414.8689193303953,0.0388723346857719,0.8842226006958741,0.037936773081798825,0.24316638744459382
3,0,0,0,0,53.371898343832,0.10806838291418852,8.680702705905166,0.1,3.3446443846928937,0.02,50.0,1960536193.9222863,0.001,0.24321453065938514,0.12142695657085717,0.38709575673782637,0.28327285889591025,1205.7030690123179,0.07492156244221523,0.7700604571289783,0.07048123434911334,0.24321453065938514
4,0,0,0,0,39.07404291536138,0.10285147441142474,21.790573913839722,0.1,8.685051440923388,0.02,50.0,1919874421.7447455,0.001,0.2433925549075048,0.061839181253110435,0.27782372912030545,0.23670664616074807,3396.465409455081,0.03859301223115644,0.8839197576956636,0.03768661932334052,0.2433925549075048
5,0,0,0,0,45.04010316594169,0.10359506041162732,25.53022848678043,0.1,12.42907186117644,0.02,50.0,2053706014.292075,0.001,0.24345673534383463,0.06170089228023096,0.27732093274647235,0.23685049407241143,3480.5676760225865,0.038453449869686726,0.8840550754284991,0.03756438846363315,0.24345673534383463
5,0,0,0,0,10.786584423630934,0.10862407334667154,10.934765858047191,0.1,7.881926953861305,0.02,50.0,2087381735.0367842,0.001,0.243560836648718,0.08871688779836137,0.3262948244792724,0.2723444628583276,2207.9750205208056,0.05323415624097959,0.8284900719010811,0.05158049093913708,0.243560836648718
1,0,0,0,0,36.136226636424965,0.10092562693145327,8.476849934697878,0.1,6.211614057674078,0.02,50.0,2072988012.3980346,0.001,0.24387346485924855,0.11789076927478725,0.38281010083752276,0.27955301243346603,1040.9088596467373,0.07327178665161717,0.7779982712711492,0.06914852954031425,0.24387346485924855
3,0,0,0,0,55.09795971939728,0.10618512331429833,8.753618889222992,0.1,0.29513200767583925,0.02,50.0,2032056768.4675648,0.001,0.2447865417681926,0.12312114788482943,0.3890936180319262,0.28454256431586744,1204.3351874933828,0.07569692179658724,0.7662223245759388,0.07118134354875186,0.2447865417681926
0,0,0,0,0,21.262920936291703,0.10014962188478833,21.35569407696183,0.1,6.069460454184318,0.02,50.0,1913641842.9425113,0.001,0.24480619142574517,0.08338230966904066,0.31948419622172325,0.2148740515414411,1108.299484476272,0.05103507581772028,0.8411408113445451,0.04809102471657968,0.24480619142574517
5,0,0,0,0,24.59064163888285,0.10937786134039326,12.336407303789573,0.1,3.457212367670508,0.02,50.0,1917896210.1637359,0.001,0.24518222810459525,0.0706390870001353,0.2947964185568906,0.25140701158498213,2973.8415432417937,0.043452464196984716,0.8659254597925133,0.04234908236959426,0.24518222810459525
3,0,0,0,0,83.23281597745155,0.10989204864278262,1.640575905993726,0.1,12.130385175703326,0.02,50.0,2041215602.5769184,0.001,0.24551330796969922,0.07344846499794075,0.3132072769231835,0.21421021760439138,173.5103025465762,0.04904939915881788,0.8696203813774392,0.0463875685584118,0.24551330796969922
4,0,0,0,0,29.685763710656154,0.10728998546387289,25.57321939176675,0.1,3.1810100507130588,0.02,50.0,2075598632.4269469,0.001,0.2461998442941211,0.0636445634917423,0.28270625168711183,0.23920981267158098,3336.141146458303,0.039961412371488314,0.8810947505609984,0.038949457426460984,0.2461998442941211
4,0,0,0,0,20.979368109802873,0.10433116313398207,1.7900525464170793,0.1,0.3015887117439193,0.02,50.0,2083692718.4935286,0.001,0.2462834190535943,0.06584927406473655,0.2858420545510426,0.17652737810926683,115.39200848431099,0.04085284007498061,0.8758257132924996,0.03858111664667323,0.2462834190535943
5,0,0,0,0,38.46317132462301,0.10136246127595028,20.854296485220054,0.1,17.60771927189469,0.02,50.0,1977990794.8063064,0.001,0.24633635616940172,0.06348989407953287,0.2824351712800363,0.23960336247968705,3493.1112221718977,0.03988481298799172,0.8814315833735378,0.03889093643969681,0.24633635616940172
5,0,0,0,0,35.945074304517654,0.10428002617834942,26.78646901971056,0.1,3.229921688105429,0.02,50.0,2073837503.362939,0.001,0.2465420252510037,0.06372104082119673,0.2832369517801459,0.2399211728467628,3480.6642340244016,0.040111585426854356,0.8811902299253377,0.03909805064837703,0.2465420252510037
5,0,0,0,0,37.489448420431835,0.10254652635883801,15.120519705239191,0.1,14.701808154355758,0.02,50.0,1996565389.2054558,0.001,0.24656881758389967,0.06350885772598584,0.2821023226365605,0.239480586533093,3457.2554189280495,0.03979086021847103,0.8811491480898129,0.03880607893161335,0.24656881758389967
5,0,0,0,0,76.39079059865065,0.10050246091040355,8.446082121026011,0.1,16.852076605312053,0.02,50.0,1915211542.948305,0.001,0.24661704780248128,0.12533033400489552,0.3911530115241623,0.28789361549597964,1265.249956395154,0.07650033921221072,0.76073301147884,0.07195077786362697,0.24661704780248128
5,0,0,0,0,34.73583342370536,0.10659981610160134,22.259655527806824,0.1,15.604865326722148,0.02,50.0,2099433146.3475015,0.001,0.2468124545537547,0.06380455692007507,0.28311273826923505,0.23986045837778713,3440.910025261716,0.04007641128515219,0.8808297699317715,0.039065034699883705,0.2468124545537547
5,0,0,0,0,35.01164615185401,0.1046725425017143,25.01303695416699,0.1,19.207641783667004,0.02,50.0,2080142690.0943017,0.001,0.24690266355181048,0.06395601771469316,0.283841475103501,0.24024925798060123,3473.009986923732,0.040282991494465695,0.8808069211047761,0.03925654390739966,0.24690266355181048
2,0,0,0,0,80.73034406401221,0.10637365467397497,8.771831645645067,0.1,12.313427701369895,0.02,50.0,1985585330.9234712,0.001,0.2470128594044917,0.1214259683314717,0.38726693571956516,0.2853758735647541,1219.769866543096,0.0749878397508109,0.770218398313653,0.07062951777718462,0.2470128594044917
3,0,0,0,0,10.885717332098645,0.10718047817996161,16.586656001466082,0.1,6.798931293918091,0.02,50.0,2053698296.0924113,0.001,0.2474031195283972,0.06491523807141078,0.2882307917792024,0.2366035774105213,2711.585359275942,0.04153849466483297,0.880539027313241,0.04028355451679105,0.2474031195283972
4,0,0,0,0,29.59720351443529,0.10153413070386005,14.47112798665441,0.1,11.299736314819715,0.02,50.0,1905699185.7914734,0.001,0.2476971363137053,0.06431831624313808,0.28376774332923854,0.24003400605678313,3312.2494730533544,0.0402620660770843,0.8795504333694031,0.039237701440473616,0.2476971363137053
0,0,0,0,0,21.264802614089938,0.10917881551165848,18.073068862146062,0.1,14.974713594799336,0.02,50.0,1918726639.8360033,0.001,0.24770359584884533,0.088289612269327,0.32809526305803255,0.22220930453622828,1178.9483411919855,0.0538232508205598,0.8312888776835495,0.05062292552316547,0.24770359584884533
4,0,0,0,0,26.967074653898287,0.10389426061671818,15.69694066350683,0.1,14.201728921321955,0.02,50.0,2083315867.8848147,0.001,0.24772062516911467,0.06433741388877434,0.2837848550142503,0.23997473400524882,3292.142648439699,0.04026692196772953,0.8794981049621211,0.03924061226519823,0.24772062516911467
3,0,0,0,0,10.994760571168282,0.10308290881232018,14.91310268110002,0.1,18.93680175604279,0.02,50.0,1955662861.5351388,0.001,0.24791999494739994,0.06529520009928524,0.28944610234170365,0.237178586003969,2726.1075377573566,0.04188952308040199,0.8800915535233205,0.04060558232631993,0.24791999494739994
4,0,0,0,0,16.296713565453967,0.10417175490341177,12.169587099795896,0.1,3.5934195954763846,0.02,50.0,2061987754.1707447,0.001,0.24795237256018707,0.07209951185520036,0.298285141609059,0.25293677318773544,2861.4940946065194,0.044487012852368196,0.8634713238048579,0.04329240069864486,0.24795237256018707
3,0,0,0,0,11.259982431815361,0.1090793747725872,23.655678232909967,0.1,14.061792104221555,0.02,50.0,1908129353.4962225,0.001,0.24813364111940941,0.06540105196097397,0.28970824577975846,0.2367473049845234,2680.794641003772,0.04196543383639246,0.8799158390816691,0.04065795259001884,0.24813364111940941
5,0,0,0,0,5.200889130407448,0.10197869347471059,23.436501090270088,0.1,7.852800073554859,0.02,50.0,2065610359.339497,0.001,0.24912215687465347,0.06654546723427711,0.28883155978888364,0.23317453348401068,2259.980241047797,0.04171183496503973,0.875509390804169,0.04025727961818856,0.24912215687465347
5,0,0,0,0,32.52256277220561,0.10646035262182255,17.810714364667582,0.1,4.278290174243935,0.02,50.0,1946678126.6734247,0.001,0.24936123242548272,0.06514455695077494,0.28563645936564713,0.24146846050358337,3359.271988672981,0.040794093459471485,0.8780376949028503,0.039736674580537104,0.24936123242548272
5,0,0,0,0,31.92028395027903,0.10674237585268541,23.29341024302191,0.1,9.315998001055858,0.02,50.0,1954974639.823051,0.001,0.24948191240855447,0.0653113783671047,0.2861144536299722,0.24162110838229875,3343.3874417591896,0.04093074028798875,0.8778004661149581,0.039858632108741215,0.24948191240855447
3,0,0,0,0,8.927315119953965,0.10327314263811398,29.726264742133232,0.1,4.330649597905905,0.02,50.0,2083385362.138778,0.001,0.25003331603331413,0.06676283098455346,0.29344747275038885,0.23836724024205325,2648.220306624204,0.0430557096317951,0.877920552525677,0.04164786020326332,0.25003331603331413
4,0,0,0,0,23.836664000796898,0.10826798107695934,28.37115212569754,0.1,0.3860526809952529,0.02,50.0,2071652490.5501468,0.001,0.2500571933608611,0.06591816499303547,0.288273856331501,0.24207513634565447,3249.427436822091,0.04155090812211744,0.8772249023081558,0.040413821082440356,0.2500571933608611
4,0,0,0,0,24.156086155491625,0.10842365409795382,27.39108962137332,0.1,3.4266428187132307,0.02,50.0,2023910702.7493784,0.001,0.2502672403823416,0.0660597867317258,0.28866863379261787,0.24225655375897295,3247.062855353009,0.04166479006784826,0.8770185543858933,0.040517743177790194,0.2502672403823416
3,0,0,0,0,80.70949305943866,0.10059370000960594,3.569361483187879,0.1,11.579474179117485,0.02,50.0,1962462296.6967661,0.001,0.2504535993900334,0.05372557843575768,0.2566853842950883,0.1568039202747509,119.81623468842169,0.03294369325535858,0.8977833561433111,0.03139946029970242,0.2504535993900334
5,0,0,0,0,27.938375113390205,0.10967097956571316,14.344232837652774,0.1,14.430922008489437,0.02,50.0,2077357259.9532099,0.001,0.25080207949553235,0.06623999658768498,0.2888095012587677,0.2430211406759087,3338.344738988323,0.04170546400866908,0.8765127607279446,0.040570811040492136,0.25080207949553235
4,0,0,0,0,59.284481063498504,0.10903705154065459,8.710362821268713,0.1,17.28892863267025,0.02,50.0,1947242556.2099805,0.001,0.25165726542261646,0.11960957469128039,0.38412352561828605,0.28666344969848506,1208.352022929665,0.07377544146671103,0.773444114451391,0.06966256892755625,0.25165726542261646
3,0,0,0,0,8.0151021596112,0.10750399019673312,25.12884647252388,0.1,17.253064243564587,0.02,50.0,2089567426.9248238,0.001,0.2518408140072802,0.06826006740993971,0.2974519870531229,0.23925782632525877,2543.187331931056,0.04423884230092561,0.875690407335694,0.04268781271369112,0.2518408140072802
4,0,0,0,0,89.49923680467504,0.10635451934975289,8.362868075807384,0.1,9.81134250277117,0.02,50.0,1909773557.2625203,0.001,0.25207983301725523,0.12666957581118798,0.39256180532137197,0.28955314422254746,1258.4112367511482,0.07705238549858737,0.7575569801260772,0.07246847907960308,0.25207983301725523
4,0,0,0,0,22.55648602742815,0.10530230768392208,14.058938845765175,0.1,2.9246484973308458,0.02,50.0,1957473974.8974996,0.001,0.25233713567666327,0.06747857870933771,0.29257675574075226,0.24424979738345992,3256.9047884479646,0.04280057899989191,0.8749394219686221,0.041558181646122,0.25233713567666327
5,0,0,0,0,28.458446606861276,0.1019387447539439,15.601127061706956,0.1,18.92083445765292,0.02,50.0,1910090303.621893,0.001,0.2524488053048668,0.06695451657981683,0.2902323472779785,0.24409727651814825,3365.983658740295,0.04211740770324256,0.8750922293748432,0.040959739447072006,0.2524488053048668
5,0,0,0,0,28.28259508467776,0.10016221181413716,24.665792825383914,0.1,19.126458383394837,0.02,50.0,1911583179.579054,0.001,0.252477085637273,0.06682608605561038,0.2894035991315417,0.24369968281973006,3336.3858816854213,0.04187722159514503,0.8749598968699704,0.04074118650224174,0.252477085637273
0,0,0,0,0,19.12218997237222,0.1089650535643106,24.374054609031774,0.1,9.160461881052605,0.02,50.0,2022350400.3767703,0.001,0.2528490300899036,0.08969367549789437,0.33063973935705876,0.22363270025329682,1133.2348184142284,0.054661318621051884,0.8285641584561398,0.051383469319802644,0.2528490300899036
0,0,0,0,0,21.46035730179142,0.10005255206338884,23.240822008876027,0.1,14.162170908411811,0.02,50.0,1933357309.2413728,0.001,0.25291876041733474,0.0872436375814428,0.326002514854657,0.21839660763348104,1105.8076030376596,0.053138819845780415,0.8331784543686783,0.04992536471695708,0.25291876041733474
5,0,0,0,0,26.832556309511425,0.10655652488058821,22.31537149675384,0.1,5.2128882416291376,0.02,50.0,1942993165.8870726,0.001,0.25322167958060804,0.06782387134912982,0.29304697653981526,0.24526734548477563,3349.639761964757,0.04293826522956352,0.8741097143718821,0.04170248334390325,0.25322167958060804
1,0,0,0,0,76.19970866851779,0.10233727634790538,8.628994839017654,0.1,13.033163433560215,0.02,50.0,2060116178.6187217,0.001,0.25361486394462984,0.11896386174626054,0.38413460481261186,0.28659161969288727,1152.5730139406917,0.07377969730727074,0.7756064212294299,0.06975086944252926,0.25361486394462984
3,0,0,0,0,35.963818453634694,0.10573831489682525,3.636144579535971,0.1,9.537078802870685,0.02,50.0,2080008472.223516,0.001,0.2538827996337899,0.05647053902811226,0.2629857070475356,0.16101503068332348,122.86020054693438,0.03458074105564611,0.8924532657028,0.03289459727832852,0.2538827996337899
4,0,0,0,0,3.9161579505667823,0.10595496472879147,29.81833001086659,0.1,6.635221325691409,0.02,50.0,1913282527.2474031,0.001,0.254361672989861,0.07034182311750742,0.2948638438471439,0.23288827235055204,1863.521294001185,0.043472343204156445,0.8669627237513403,0.041822774113492875,0.254361672989861
4,0,0,0,0,19.044536868096895,0.10136939252189703,15.171214657921032,0.1,16.71090101856687,0.02,50.0,2058357745.2161033,0.001,0.2546859125824624,0.06852759360553776,0.2942445115608897,0.24539430899958564,3209.341343514202,0.043289916291853275,0.8725844926625318,0.04201471942040998,0.2546859125824624
4,0,0,0,0,19.01963432737751,0.10813825376845068,20.79684368349666,0.1,17.925707721058973,0.02,50.0,2046574748.0954633,0.001,0.25494958002000123,0.06897847386515568,0.2958873725663606,0.2456234722170313,3149.772570127549,0.04377466862211214,0.8722126472344094,0.04243478202589482,0.25494958002000123
3,0,0,0,0,6.884769575881047,0.10313333593100622,22.75766720812683,0.1,12.544099608935957,0.02,50.0,1927089564.9312656,0.001,0.25561450288719356,0.07059316546065966,0.3024761097868666,0.24148666485445242,2420.412395275026,0.04574589849589829,0.8714298782882305,0.04404112320706856,0.25561450288719356
5,0,0,0,0,21.41894140912806,0.10748351647641244,17.93961751275867,0.1,1.8574792770571609,0.02,50.0,2095339126.225267,0.001,0.25638034939304677,0.06975456256675136,0.29741920212248285,0.2473972694264681,3262.341766821759,0.04422909089558716,0.8706860035338655,0.04287496905198323,0.25638034939304677
3,0,0,0,0,72.19824839771162,0.10042638713953468,3.4661667104841554,0.1,16.588183666764387,0.02,50.0,1938671586.2948563,0.001,0.2566275072353391,0.05603441250704849,0.26194130128518245,0.16058873609529672,120.1562746046997,0.034306622659487356,0.8932674111819755,0.03266488969953994,0.2566275072353391
5,0,0,0,0,4.61515840456438,0.1042104438171133,28.605884484496496,0.1,7.602204886972161,0.02,50.0,1943164899.0741515,0.001,0.2566667946084391,0.07069492090193481,0.2957374010526778,0.23586634783420418,2083.5800227894533,0.043730305190696206,0.8663876424385084,0.042095848129709706,0.2566667946084391
3,0,0,0,0,5.97137063860991,0.1015806620470586,27.534127262778046,0.1,1.9883406160199955,0.02,50.0,2021668255.3762553,0.001,0.25691808466267096,0.0719569858796795,0.30723056604887644,0.24295396604518718,2423.949606908015,0.04719531035735652,0.8702657712349002,0.04531953821878463,0.25691808466267096
5,0,0,0,0,21.383499421211944,0.10010806259907026,15.3515608324944,0.1,16.07688167096507,0.02,50.0,2052179548.0630941,0.001,0.2571911491218224,0.06974978854930275,0.2968877423197884,0.24759229534562865,3326.066644900221,0.044071165769870524,0.8703334249653554,0.042748061160393695,0.2571911491218224
5,0,0,0,0,20.095532533626297,0.10315201201660257,19.118563728726443,0.1,19.269044922379017,0.02,50.0,2031600627.9998133,0.001,0.25897054652902374,0.07066115518243225,0.2984578291556431,0.24840455883308812,3243.855587410156,0.044538537892149524,0.8683860711402414,0.04317697755731738,0.25897054652902374
1,0,0,0,0,0.32654931434094847,0.10417215485546115,20.829427416954534,0.1,9.417930164354122,0.02,50.0,2088786429.9671667,0.001,0.2592574645607505,0.06347625133263445,0.2851131689371717,0.17790007457336746,204.7323083018285,0.04064475955069811,0.8832502678428474,0.03845184654992154,0.2592574645607505
3,0,0,0,0,5.1808420625002,0.10110304004949205,14.497578141230566,0.1,18.675612442032026,0.02,50.0,1941201931.3385785,0.001,0.2598594165106177,0.07377924798126675,0.3101319411933023,0.24415763507081634,2271.6741743699126,0.04809091047416295,0.866281297835491,0.0461121527358985,0.2598594165106177
5,0,0,0,0,19.035907377740983,0.10357803039949376,21.022068820889377,0.1,8.573519012035225,0.02,50.0,2057909817.8378196,0.001,0.26005003788913306,0.0715470801299656,0.30111223764757594,0.24966701775180106,3255.1456779227087,0.04533428983056513,0.8672897425047666,0.043892909654916046,0.26005003788913306
4,0,0,0,0,7.51552897439004,0.1047256614972177,11.507062042631953,0.1,16.027012929539858,0.02,50.0,1997322669.3234878,0.001,0.2606256387558422,0.08612371372175323,0.32425678984760686,0.2686007607062635,2379.515210125696,0.05257123288113754,0.8355871643168101,0.050834824167077755,0.2606256387558422
3,0,0,0,0,4.463966133624945,0.10754777811077364,22.42343582418348,0.1,3.0160328743751315,0.02,50.0,2002299352.8212066,0.001,0.2623067151427205,0.07628226496890753,0.3165297332532445,0.2457189111018524,2143.2353345762294,0.050095536016685066,0.8626153674759067,0.047834868035007125,0.2623067151427205
5,0,0,0,0,17.639505832513976,0.10971367362945661,14.651245904034056,0.1,1.1654104082881647,0.02,50.0,2030698533.432402,0.001,0.26237114557441144,0.07335248026109178,0.3056955048651724,0.2514956543312492,3172.922882727538,0.04672487084738631,0.8645164311069288,0.045131261126124596,0.26237114557441144
4,0,0,0,0,13.761669206880802,0.10065239522070037,29.779893224123406,0.1,2.4259382204543125,0.02,50.0,1970933543.743713,0.001,0.26365138083002027,0.0745373664588844,0.30965148479004023,0.2525300023075935,3137.3243421378193,0.047942021016338265,0.863406827508508,0.04620507919464074,0.26365138083002027
5,0,0,0,0,16.036941877337863,0.10607178274454841,20.77218726102046,0.1,8.042319157623282,0.02,50.0,2077605746.287885,0.001,0.2642067723492255,0.07474315869388566,0.30947182641617066,0.25321123996934786,3184.4577242597925,0.04788640567268023,0.862591084256635,0.04617085256968191,0.2642067723492255
2,0,0,0,0,44.97923546916396,0.10073405505828485,1.336091642736247,0.1,10.699391277604933,0.02,50.0,2031231683.2295566,0.001,0.26491728322521557,0.14766599059239494,0.42461337723039366,0.29534175869975443,183.0753198734363,0.0901482600615003,0.7181259715021843,0.0834191842262084,0.26491728322521557
4,0,0,0,0,12.449481635280291,0.10991477035708253,15.721834666908306,0.1,0.9287259460353269,0.02,50.0,2068146886.7255323,0.001,0.26513891032968906,0.07547332895501734,0.31076363832038717,0.25238420621821905,2959.083087289794,0.04828701945106221,0.8610919488690874,0.046484627001709654,0.26513891032968906
3,0,0,0,0,19.993087038141653,0.10843049201200836,2.2555394476679,0.1,19.690538939768782,0.02,50.0,2042643784.7592766,0.001,0.2677075488720536,0.0674413638594007,0.29343558570910183,0.18314279948100942,155.17597937689644,0.04305222148022182,0.8756506372558486,0.04041356481267709,0.2677075488720536
5,0,0,0,0,15.021930804667731,0.10963926645676593,22.238900501866166,0.1,11.91426372964111,0.02,50.0,1976667746.0993586,0.001,0.26772918813224,0.07684690698332661,0.31336873942101023,0.25481138545483517,3061.1821118736975,0.0490999834231565,0.8584102713762765,0.0472414239118205,0.26772918813224
5,0,0,0,0,15.290159381161539,0.10273205253156494,14.748857791714642,0.1,4.34146359317725,0.02,50.0,1939352563.5231862,0.001,0.26794486075782,0.0762758696966635,0.3116887827512504,0.25490134871239384,3174.4077058731764,0.048574948646478086,0.8590886478529038,0.04681258619473912,0.26794486075782
5,0,0,0,0,15.373414958436172,0.10781784422477714,15.326417949041895,0.1,6.561798115240607,0.02,50.0,1932119044.520649,0.001,0.2679454952385095,0.07703256700994235,0.3143982798129271,0.2555470534851505,3133.8514523090093,0.04942313917466381,0.858545434707741,0.0475387866902123,0.2679454952385095
5,0,0,0,0,3.2927426963575424,0.10051354129888487,28.85928198014849,0.1,19.192452210405747,0.02,50.0,2069437304.5048914,0.001,0.2681708091354348,0.07721821425125956,0.31049806650244477,0.24590702170643106,2163.464933361426,0.04820452465087831,0.8550831766811842,0.04616352490517428,0.2681708091354348
0,0,0,0,0,18.811951771507697,0.10811174731995749,22.248101781662367,0.1,17.3226951838354,0.02,50.0,1906816484.430452,0.001,0.26956878567943776,0.09607202781866438,0.3414626795568427,0.22981129888104357,1054.2174723966298,0.058298380765069505,0.8157894623896143,0.05460650184946862,0.26956878567943776
3,0,0,0,0,2.693273107796801,0.10810353666551202,26.722366075525315,0.1,7.077501261766673,0.02,50.0,2004082729.928905,0.001,0.26998100222595,0.0837993106758754,0.33528402216507425,0.2517402204039915,1911.0197205335578,0.056207687759595004,0.8518202358528036,0.05307125446164014,0.26998100222595
3,0,0,0,0,2.4527895624797202,0.1037408331961931,28.637835209497965,0.1,18.498738854192712,0.02,50.0,1969959793.4182844,0.001,0.27114424295746187,0.08352191950439794,0.3335930998242125,0.25220051086352485,1933.0429372127626,0.055642178125163505,0.8514253506107217,0.05264453805411162,0.27114424295746187
4,0,0,0,0,9.674366132163051,0.10226731040536577,27.672500520589576,0.1,13.616520049624897,0.02,50.0,2055489832.5822854,0.001,0.2721527133873881,0.08009299457559885,0.3218308678540444,0.25799495711092785,2979.7674345450646,0.05178755375184369,0.8538609768356391,0.049611279186212026,0.2721527133873881
5,0,0,0,0,12.679847181549933,0.10890055974458596,24.120961159933078,0.1,17.768701283696323,0.02,50.0,2000930612.2304976,0.001,0.2727717798030669,0.08057092982128886,0.3230367465646526,0.2593255974668049,3092.647682699348,0.0521763698155378,0.8531750968319587,0.04996595820930036,0.2727717798030669
2,0,0,0,0,59.5648960127358,0.1048341145150147,3.770905840682329,0.1,9.55203273867856,0.02,50.0,1980673649.704161,0.001,0.27286623360519613,0.06142848457588739,0.27402718636328716,0.1634078051120339,118.64194659981342,0.03754544943308985,0.8828444334242517,0.0354943597057318,0.27286623360519613
5,0,0,0,0,12.118899654248244,0.10848467304415789,28.054590347101353,0.1,14.28291866655623,0.02,50.0,2072327607.650275,0.001,0.2729741299107782,0.0804023673571655,0.32191554412079487,0.2588314346318087,3064.94649021289,0.05181480877329372,0.852893329280467,0.04964722263196092,0.2729741299107782
1,0,0,0,0,13.217988141524621,0.10548567996927177,10.475454966816482,0.1,18.84139109304416,0.02,50.0,2045999013.1928618,0.001,0.2750693536165768,0.12060778599763533,0.3861876382779219,0.28549330774642595,701.9757595437891,0.07457044597933953,0.7719717539596744,0.07064705248059658,0.2750693536165768
5,0,0,0,0,98.21921047647587,0.10077501131110221,8.691749793208722,0.1,1.9248123203989462,0.02,50.0,2059658423.0475986,0.001,0.2764537384123935,0.14032252819239582,0.40982675901437593,0.30109536563640177,1148.6099350652373,0.08397898620211369,0.7282092071636125,0.07860695918090888,0.2764537384123935
1,0,0,0,0,7.2866567773861615,0.10948935816071208,8.710668502790172,0.1,18.26272088453488,0.02,50.0,2030426621.974138,0.001,0.2813931287547764,0.11782101557100037,0.38082454235264007,0.282359627937039,549.0500649127112,0.07251366602904888,0.7764618354977795,0.06887777607942042,0.2813931287547764
4,0,0,0,0,39.74072137670332,0.10126911710860942,2.009655007800539,0.1,9.814288149219484,0.02,50.0,1998428881.6920516,0.001,0.2841752519069721,0.09152050153771552,0.3380395548109376,0.22315861906152462,153.1078311873749,0.057135370308388445,0.8282475255938546,0.05359367686193784,0.2841752519069721
2,0,0,0,0,12.054974881026238,0.10872299536102775,5.736359678468112,0.1,1.7164538716767976,0.02,50.0,2072699012.6859076,0.001,0.2856088016353594,0.14683991889557457,0.4181767246653975,0.293848729041184,712.8994785106918,0.08743588652593985,0.7145506722419444,0.08131177900123265,0.2856088016353594
2,0,0,0,0,5.6438121174472915,0.10228266239749809,5.544646065911131,0.1,3.1591002202441354,0.02,50.0,2065681611.9258275,0.001,0.2858977035158048,0.13148123750358454,0.40043082856019974,0.28519835480343414,525.9420413455065,0.08017242423070405,0.7487981981930276,0.07507371194863399,0.2858977035158048
2,0,0,0,0,12.483745125823354,0.1019756899934148,4.364119051515088,0.1,7.7826742166980445,0.02,50.0,1912552802.1112602,0.001,0.28673987080612917,0.06604229224448227,0.2840440306628289,0.167732173261319,112.80901016742587,0.040340505677593036,0.8739868724327762,0.037980167383899935,0.28673987080612917
4,0,0,0,0,24.423224170643326,0.10940809978911845,1.0585743236992124,0.1,11.196829731737333,0.02,50.0,2005244283.5631623,0.001,0.2871703294713323,0.11671407953892812,0.3865685602827094,0.27090979025404105,177.35115274989286,0.07471762589952338,0.7852941953024608,0.06983562863307906,0.2871703294713323
5,0,0,0,0,8.08545437257014,0.106626333179439,18.84255586781109,0.1,2.8821557535462805,0.02,50.0,1901746930.655864,0.001,0.28960146892336924,0.09314200158512895,0.3506039762840675,0.27175599108227694,3031.061830945491,0.06146157409309947,0.8329370009334689,0.05799698710216619,0.28960146892336924
4,0,0,0,0,0.9080639238252848,0.10330813974736804,2.144438987529951,0.1,18.053719563024675,0.02,50.0,1994885226.7917318,0.001,0.2904017046411837,0.14692492885629188,0.4202738323345837,0.28084249177172393,606.242605350841,0.08831504707259888,0.716318680315091,0.08082871865804524,0.2904017046411837
4,0,0,0,0,72.6877984369599,0.102203674342708,1.0801161585007666,0.1,6.753216273571856,0.02,50.0,2095304320.2870505,0.001,0.2931856008150481,0.12943471434496878,0.39863216391765477,0.2712136464361623,179.56598383855064,0.07945380105483599,0.7539431546447214,0.07343706706920548,0.2931856008150481
3,0,0,0,0,11.552361717422025,0.10558994841243348,2.5637718978663964,0.1,14.27157918636982,0.02,50.0,1984701363.98843,0.001,0.2984916116211338,0.07257525964975871,0.2982548170222256,0.17105916593292392,164.66929452246893,0.04447796793848065,0.8618643930239258,0.041545843721447505,0.2984916116211338
5,0,0,0,0,5.310818482294274,0.10365034656114828,26.120979043886553,0.1,2.198400670627593,0.02,50.0,1941342396.4547672,0.001,0.3024957866288909,0.10180465936699423,0.36662195250017293,0.2800996592912797,3186.2724811144644,0.06720582802751954,0.8174647341742315,0.06293767535759631,0.3024957866288909
2,0,0,0,0,99.9047743122738,0.10825383714496628,3.5427266686981107,0.1,1.7672650505579792,0.02,50.0,1994053950.5847414,0.001,0.303153625578691,0.0779486464062549,0.30746013147701134,0.1901665400161444,155.4927015463995,0.047265866223930544,0.8504581998349883,0.04429694958781593,0.303153625578691
5,0,0,0,0,4.215754013831375,0.10331792141319796,26.297605671085893,0.1,12.893878356134833,0.02,50.0,2060964924.6030993,0.001,0.30734805511035235,0.10599230873993967,0.37475731043579313,0.28386106601230876,3253.6152410987065,0.07022152086253472,0.8105425195461154,0.06544704689250841,0.30734805511035235
0,0,0,0,0,16.26039856091741,0.10387251535224519,12.397618672776693,0.1,9.041546052046298,0.02,50.0,1919498519.2224634,0.001,0.30754556814517964,0.11102492120977761,0.36424139851627824,0.2471630560801474,907.3847333359474,0.06633589819654712,0.7847006917593512,0.061832571634734046,0.30754556814517964
5,0,0,0,0,46.997768562878434,0.10648343578399651,6.481266109424158,0.1,1.1513356131734007,0.02,50.0,1955121783.2343612,0.001,0.3090555179120389,0.17541450176451853,0.44796762795136147,0.32261925341175324,938.581004415739,0.1003374978461847,0.6494058224260358,0.09264733493988267,0.3090555179120389
1,0,0,0,0,5.304440285289189,0.10934840046820463,6.798863347065047,0.1,2.5678561477971,0.02,50.0,1977815152.5039427,0.001,0.3102909569957427,0.12972472678327301,0.3970664190600048,0.293192317322869,415.6431559531785,0.07883087057256767,0.7515229420584145,0.0745362077505474,0.3102909569957427
0,0,0,0,0,31.808398997246016,0.10524323378730685,8.439684279689466,0.1,0.19266215511193654,0.02,50.0,1921315474.2746975,0.001,0.3106184616859827,0.14005976912523818,0.4072573831449763,0.3004381973253539,775.8133538466369,0.082929288063047,0.7266357750629824,0.0779213602613412,0.3106184616859827
5,0,0,0,0,8.494731752595916,0.10529666569976281,6.994053571590556,0.1,16.328319168402086,0.02,50.0,1902760039.2903566,0.001,0.31069049613067223,0.18490116983785293,0.45695362056981353,0.3305505221251116,721.5752756603299,0.10440330567593056,0.6272704804509949,0.09613819543071953,0.31069049613067223
1,0,0,0,0,11.656980794806374,0.10780138461158834,8.504281697545185,0.1,0.827202066648199,0.02,50.0,2005975314.2157764,0.001,0.31207030722563345,0.13833100206126672,0.4079648699854819,0.30229193158584966,595.1762827453933,0.08321766757113559,0.7330712174617606,0.07846583332730442,0.31207030722563345
2,0,0,0,0,84.23047725378794,0.10792675593131215,3.7562888417457723,0.1,10.892936078718026,0.02,50.0,1908214403.754765,0.001,0.3122834336896896,0.07654832995371988,0.3044094684964908,0.18338167926598228,117.24492395579789,0.046332562255158014,0.8529482120829691,0.04341773978653855,0.3122834336896896
0,0,0,0,0,15.434367566505033,0.10097517361642909,29.170194765911234,0.1,8.668356990753741,0.02,50.0,1988875826.7484932,0.001,0.3127468468067165,0.11263699080293951,0.3674120596693337,0.24571366108360043,850.2199528965239,0.06749581079523101,0.782033589179074,0.06267879040152309,0.3127468468067165
0,0,0,0,0,30.028844361445053,0.10586897548383725,3.793595101156303,0.1,0.23564659801058033,0.02,50.0,1961053526.5477962,0.001,0.3140681000391895,0.13569088150681352,0.4022085216809273,0.2896402900211149,743.4643252170334,0.08088584745637847,0.736430705708838,0.07585562510943292,0.3140681000391895
3,0,0,0,0,74.78541036043649,0.109246841404407,1.3996881844154048,0.1,16.663119144756255,0.02,50.0,2015431105.2918248,0.001,0.3159269694365279,0.0911289753406021,0.34234010846930846,0.22762684552598783,160.96806445034386,0.058598374933388944,0.8329662903759005,0.054582925928759046,0.3159269694365279
0,0,0,0,0,13.798011213538238,0.10683230936717489,16.87940169677862,0.1,3.7717997675210144,0.02,50.0,2060258913.1505215,0.001,0.3168669542357827,0.11619226838875751,0.3729686484547586,0.25114875033045087,849.0174802792005,0.06955280636508464,0.7749823202226724,0.0645680707128992,0.3168669542357827
4,0,0,0,0,55.123674986223854,0.10476053343602362,1.9914046848800093,0.1,11.623637130114032,0.02,50.0,2023517930.977236,0.001,0.3219073359834723,0.08719527114935718,0.3278590650864969,0.199040949849155,143.56309395486753,0.05374578327969591,0.8347559238214332,0.04977586220736721,0.3219073359834723
5,0,0,0,0,2.396286561636422,0.10288181031308374,21.454899966298214,0.1,4.185691656153549,0.02,50.0,2050345219.917728,0.001,0.32236735674656736,0.11596946114029882,0.39167153409195876,0.2938973603157198,4099.805407285534,0.0767032953089742,0.792409485253277,0.07099031759377211,0.32236735674656736
5,0,0,0,0,6.51152168324443,0.1025735979852988,5.422789155765439,0.1,9.997819815268477,0.02,50.0,2090249463.7000904,0.001,0.32264389888466827,0.17214099242798409,0.44470899255386087,0.3069425456304603,601.5646036881176,0.09888304402913493,0.6569237946413679,0.0911001965616666,0.32264389888466827
1,0,0,0,0,95.49320972915828,0.10883846816053044,9.210385029618747,0.1,3.130349501235643,0.02,50.0,1901247300.8651702,0.001,0.32308690389448835,0.1698699037298061,0.4434303983895328,0.31805420479389357,875.3837297004316,0.09831525910794989,0.6631692588191961,0.09095925825125956,0.32308690389448835
2,0,0,0,0,7.242917488030141,0.1030927042457489,6.123502963118596,0.1,8.915985873537101,0.02,50.0,2009470101.7831905,0.001,0.325555430498484,0.16206450499325842,0.43428919864860305,0.3046662504433819,506.20109398446243,0.0943035540314229,0.6798266094291253,0.08733157932914834,0.325555430498484
2,0,0,0,0,54.96830655708744,0.10346711968874532,10.478352404396187,0.1,10.595969023686138,0.02,50.0,1924944452.7143772,0.001,0.3259801388182073,0.1767714166708798,0.4501919311956917,0.3203511795674526,835.8295588767949,0.1013363874568532,0.6472135151630581,0.09345346586908612,0.3259801388182073
0,0,0,0,0,90.95523310029179,0.10193440076363167,6.893551362964453,0.1,0.6831211471199076,0.02,50.0,2001459430.602393,0.001,0.3260269204395454,0.15580634544908312,0.42805127010891997,0.31411289511622215,827.3652196604496,0.09161394492092978,0.6944113866518924,0.0855903369595713,0.3260269204395454
0,0,0,0,0,13.074157503865813,0.103394031822593,26.959635750354405,0.1,14.80355242413992,0.02,50.0,2072574998.3573809,0.001,0.32832372416104283,0.12026859188158046,0.3788772693947949,0.25483875859603483,805.5696709497618,0.071773992632028,0.7665773432027971,0.06651649767019897,0.32832372416104283
5,0,0,0,0,1.6073949354393962,0.1022003697116755,28.24644266747701,0.1,1.4484347416355094,0.02,50.0,2092312432.2970295,0.001,0.32908592490088895,0.1187115160946832,0.39280951072045694,0.2954528867492528,4750.023585744895,0.07714965585622238,0.7843108100155749,0.07145857067388665,0.32908592490088895
2,0,0,0,0,18.211880237856775,0.1095702682174488,8.344824717018632,0.1,19.929817569397564,0.02,50.0,2072372632.553745,0.001,0.32929497179229045,0.16560459214172601,0.4393338135006123,0.31316718307882085,680.1127658187436,0.09650709984249539,0.6731679258267359,0.08932168088425212,0.32929497179229045
1,0,0,0,0,5.1657494255805085,0.10728851778151748,5.933874931290395,0.1,4.074495767690745,0.02,50.0,2044571448.9379525,0.001,0.33144459938571225,0.14051656488067588,0.410495922832647,0.3018053379425607,382.19360648365995,0.08425345133111325,0.7282028368370114,0.07933312708887313,0.33144459938571225
2,0,0,0,0,12.910406248386144,0.10684947665392326,6.191360246530699,0.1,12.250934344996455,0.02,50.0,1956070377.4087706,0.001,0.3314886049618982,0.17059070802999657,0.44337631033845937,0.3129315438082716,606.1937124025491,0.09829127628467292,0.6607106178975816,0.09082666248804608,0.3314886049618982
5,0,0,0,0,68.21151596659277,0.10042237521180401,10.512692401939473,0.1,13.193719617313464,0.02,50.0,1914920552.863387,0.001,0.33823025520508604,0.17328259285524827,0.44671883847904287,0.32404598760254105,850.3078584018273,0.09977886032603259,0.6552086979099151,0.09232589933087894,0.33823025520508604
2,0,0,0,0,8.807573556654601,0.10991355361863483,1.4712069527265321,0.1,8.737802708710921,0.02,50.0,2066159678.1821952,0.001,0.3510658444044534,0.11696055697706313,0.3818971780085214,0.2512155174203942,160.70421580901018,0.07292272728543615,0.7802845070758072,0.06706490605694285,0.3510658444044534
3,0,0,0,0,30.23206892932069,0.104821289072765,1.1947239230090712,0.1,4.12596822893928,0.02,50.0,2038156149.5973454,0.001,0.3619645491585622,0.1266938931233652,0.39396588750933,0.2645084885870099,142.39411971184722,0.07760456026050702,0.7587643301966324,0.07156815828169386,0.3619645491585622
0,0,0,0,0,12.81799227017798,0.10844875098457268,9.557936705253205,0.1,12.945449737948739,0.02,50.0,2094515452.0271263,0.001,0.3621972868929805,0.1407346069648442,0.4046648819482303,0.281504371172292,721.1383706561355,0.08187683334108758,0.7219305879130571,0.0758261867298253,0.3621972868929805
0,0,0,0,0,11.876806529242153,0.10984234781510452,11.806323250925516,0.1,8.495590739514261,0.02,50.0,2051503492.4932475,0.001,0.36247862707278955,0.13953231540079764,0.4038678634899592,0.27728409660571096,707.5942169208411,0.08155462557997215,0.7251864083506095,0.0753101635470416,0.36247862707278955
3,0,0,0,0,92.52003667947814,0.10229732295012826,2.0163764497160486,0.1,1.1875799689678617,0.02,50.0,1918436353.1616848,0.001,0.364122006667579,0.09759643989467365,0.34198618684086457,0.20357645591470888,141.05281347446697,0.058477275994977373,0.811125511006035,0.05399170526220316,0.364122006667579
5,0,0,0,0,69.1768054163682,0.1067545194251161,9.796274159858397,0.1,18.680074717320334,0.02,50.0,1982753082.075336,0.001,0.36709406038542935,0.20182630354567258,0.47352817144921433,0.3376033268386594,755.7100737757771,0.11211446457801827,0.5888460721964673,0.1027144804921824,0.36709406038542935
2,0,0,0,0,45.70036706123434,0.10841238436561833,2.2533974850533554,0.1,10.803977968343345,0.02,50.0,1976917943.7806969,0.001,0.37013583417464146,0.10125961998310326,0.3477460256811679,0.20213758208940447,146.9699595537469,0.06046364918852374,0.8035497814962111,0.05557487558971723,0.37013583417464146
3,0,0,0,0,97.05187583639159,0.1081173297546644,9.809125743300534,0.1,8.097993805399664,0.02,50.0,2069988642.0695198,0.001,0.3718237643051794,0.2015212359805047,0.4730237918894436,0.3378389914257315,765.0877067850239,0.11187575384673382,0.5893059723740299,0.10254464258698048,0.3718237643051794
3,0,0,0,0,30.588772112161955,0.10279430037687112,6.216988158439273,0.1,5.3129179551168955,0.02,50.0,1928186315.587454,0.001,0.3738039802725526,0.20145877867364392,0.4730777872838307,0.3356712454987172,662.8882289308584,0.1119012964106827,0.5895737627127798,0.10248197534953551,0.3738039802725526
5,0,0,0,0,29.099173143170514,0.10349636893592624,6.275994466900475,0.1,11.239401079020928,0.02,50.0,1972842159.1604202,0.001,0.3754779834777673,0.20493606865721958,0.4760422110996293,0.3388159994576291,678.8964074183376,0.11330809337431202,0.5812653223493295,0.10370038109903343,0.3754779834777673
3,0,0,0,0,27.772894126331366,0.10275587127926983,5.599194135728075,0.1,5.834777035669938,0.02,50.0,1926035175.4819875,0.001,0.37889480985710733,0.201572043417642,0.4730065883148847,0.3352538123843904,641.4749720382323,0.1118676162946434,0.5891176266286945,0.10243207613140737,0.37889480985710733
3,0,0,0,0,30.588772112161955,0.10275587127926983,5.5532594024150885,0.1,6.014953087772103,0.02,50.0,1932336174.47563,0.001,0.3806004673130667,0.20221846255317363,0.47378699387303924,0.3337240211063521,627.3388585931634,0.11223705778162565,0.5878249263132144,0.10265327206442235,0.3806004673130667
3,0,0,0,0,29.040837410511873,0.10307472685062201,5.681131568427442,0.1,5.656406980247076,0.02,50.0,1924952034.9448314,0.001,0.38151253813093294,0.20245525997634387,0.4734635808232478,0.3356479375678504,647.8902540841012,0.11208388118298604,0.5866781895058212,0.10263766873560674,0.38151253813093294
3,0,0,0,0,27.654954047015543,0.10275587127926983,5.787869650235328,0.1,5.112965121561401,0.02,50.0,1932348595.0278816,0.001,0.38179023577123544,0.2028561608284716,0.47412572235656225,0.3362283565381613,635.763769067676,0.11239760030006599,0.5860738646052486,0.10289727184783379,0.38179023577123544
4,0,0,0,0,21.37199326617921,0.10183178926158096,7.013597106428973,0.1,12.015825635215942,0.02,50.0,2034221782.4764657,0.001,0.38262965921741837,0.19997612477622212,0.47177473274870774,0.33394712663888304,615.4834775372583,0.1112856992300573,0.5930795489493933,0.10194923458225216,0.38262965921741837
1,0,0,0,0,43.42053926848497,0.1075771133852396,1.60043826257015,0.1,4.322024150171938,0.02,50.0,2001102864.3526187,0.001,0.3827615303706945,0.16633837899963358,0.44501712677874006,0.3076673632335229,174.93103161387637,0.0990201215632026,0.6765856869820275,0.09071262557080509,0.3827615303706945
4,0,0,0,0,50.307784280426496,0.10507695093353923,9.15847899240542,0.1,16.885661735032226,0.02,50.0,2022097817.3817737,0.001,0.38455672076104164,0.20632523833773747,0.476989251349528,0.33970605042558555,700.8633415542153,0.1137593729514916,0.5776877424276887,0.10411628269948454,0.38455672076104164
4,0,0,0,0,32.15974072353112,0.10067390143504672,6.078929776177037,0.1,4.017759487806602,0.02,50.0,2065805579.7221353,0.001,0.3854185617431929,0.20623364017553814,0.47708981268952844,0.3392754227085911,662.599913779485,0.11380734468606465,0.578105003682357,0.10411495331880466,0.3854185617431929
3,0,0,0,0,30.89384556948719,0.10275587127926983,5.733718686853559,0.1,5.4048973258924295,0.02,50.0,1927860405.390303,0.001,0.3864449958616214,0.20484919515464503,0.47589708860162183,0.33786334019411324,636.9879870011866,0.11323901946974996,0.5813937282472664,0.10362849836016816,0.3864449958616214
3,0,0,0,0,30.588772112161955,0.10279226085332856,5.713189238273671,0.1,5.834777035669938,0.02,50.0,1926035175.4819875,0.001,0.38718029905556417,0.2052924333092735,0.4762760102398708,0.3382000125756282,635.0143691256048,0.11341941896500478,0.5803371998874328,0.10378794413693998,0.38718029905556417
3,0,0,0,0,30.588772112161955,0.10273829018338289,5.695004960601603,0.1,6.655276225455771,0.02,50.0,1927517877.7624903,0.001,0.3888520339251369,0.20601101593213428,0.4769106790751462,0.33865633470319606,631.0348003373384,0.11372189790795856,0.5786477086781223,0.10404691541262866,0.3888520339251369
3,0,0,0,0,28.753416187396223,0.10275170416445811,5.904643806590611,0.1,5.4048973258924295,0.02,50.0,1926035175.4819875,0.001,0.3890488459761735,0.20556600793932855,0.4764470275338353,0.3376484910568547,622.6640633953275,0.11350088502291358,0.5796153719223698,0.10383080053308504,0.3890488459761735
3,0,0,0,0,30.588772112161955,0.10275587127926983,5.861163463221526,0.1,5.112965121561401,0.02,50.0,1928160514.5714707,0.001,0.38938506899089587,0.20619853641268038,0.4770802794511506,0.33872122162536794,629.019160545323,0.11380279652059398,0.578211403839118,0.10411433444346085,0.38938506899089587
3,0,0,0,0,28.047651988833405,0.10275587127926983,5.420862832202748,0.1,4.862914793598462,0.02,50.0,1928160514.5714707,0.001,0.38954934423018867,0.20484057789250332,0.4760320725633193,0.3359741931322676,604.7928353955265,0.11330326705446464,0.5815723634854063,0.10358407005478559,0.38954934423018867
3,0,0,0,0,46.45113157097832,0.10650340578997113,9.197427864020872,0.1,8.347929173887001,0.02,50.0,1992527892.253692,0.001,0.3895943232460172,0.20661813193234313,0.4776010551836267,0.33871223589481464,656.7698195134435,0.11405138395625683,0.5773927894567887,0.10429452143676432,0.3895943232460172
2,0,0,0,0,36.69624779444809,0.1066184865688562,6.459816899705161,0.1,8.351019127483456,0.02,50.0,2026711182.7599127,0.001,0.3906963914502371,0.2029320871445477,0.47405301014360796,0.3371727908239254,631.6292975720139,0.11236312821310784,0.5857403420154259,0.10297008631478044,0.3906963914502371
3,0,0,0,0,30.64229535098165,0.10255467269698589,5.54400984236288,0.1,5.834777035669938,0.02,50.0,1920227142.879071,0.001,0.3909526938850184,0.18908266415730102,0.46216443964078624,0.3328125436075185,600.3103093927414,0.10679798463424098,0.6189197502888922,0.09833349806799538,0.3909526938850184
2,0,0,0,0,18.580174773478905,0.10927517715026827,5.86269172239186,0.1,13.984758023588595,0.02,50.0,1934278709.1752183,0.001,0.39384767752392613,0.18684568477808328,0.45966647148790435,0.33430811079795797,546.5023066994805,0.1056466325050702,0.6236898599182195,0.09758982820339615,0.39384767752392613
3,0,0,0,0,29.65591565379319,0.10210216108641902,6.862971917055132,0.1,19.060557641793864,0.02,50.0,2048293226.7858977,0.001,0.39407850569661934,0.20256438065012794,0.4741501229167783,0.3376856462069096,612.6037510296292,0.11240916953099798,0.5870734600719021,0.1029739155319965,0.39407850569661934
3,0,0,0,0,32.34644436454539,0.10275587127926983,5.895088768194392,0.1,5.860448964066765,0.02,50.0,1926035175.4819875,0.001,0.3947817498834088,0.20783643304291236,0.47844557476150856,0.3393024015873487,620.4564252282609,0.11445508400443513,0.5742737525339741,0.10465236664429894,0.3947817498834088
3,0,0,0,0,30.588772112161955,0.10279430037687112,5.525853522814808,0.1,4.913726096499906,0.02,50.0,1931011452.1711104,0.001,0.3952197000359993,0.20807391459961083,0.4787059924858063,0.33975331331436576,614.2021927813109,0.11457971362091043,0.5737729497834215,0.10477058245567573,0.3952197000359993
3,0,0,0,0,74.62914188016236,0.10142413550645062,1.1493508116428308,0.1,2.07899150175625,0.02,50.0,1905725664.0947623,0.001,0.39583477700146175,0.1335408479448515,0.4017522747609721,0.2658264255188873,120.69540848789673,0.0807024451378078,0.74316954550538,0.07400301643630847,0.39583477700146175
2,0,0,0,0,2.3844533982472713,0.10642289993118813,2.893497421835478,0.1,14.910938172716321,0.02,50.0,1943203223.3290555,0.001,0.3960178213566218,0.12858807106728443,0.39430178367843177,0.24294715414917908,133.61490602946824,0.0777369483059964,0.7527593091563768,0.07115610077584159,0.3960178213566218
0,0,0,0,0,9.51958687035357,0.10687915829647571,18.690163113236444,0.1,17.704942497984586,0.02,50.0,2000307388.3652804,0.001,0.3964634548218547,0.15338933682546352,0.42169207679929477,0.28709185243746516,595.069591671341,0.08891210381765116,0.6961637861563076,0.08160626444333921,0.3964634548218547
4,0,0,0,0,98.83626750954143,0.10609638318803738,5.681002652617682,0.1,3.628552830556746,0.02,50.0,1954773807.0369906,0.001,0.39797464823795803,0.20984375427589252,0.4800896614739572,0.3421414147116887,694.6161725167219,0.1152430415270894,0.5694212493102335,0.10537950009008659,0.39797464823795803
2,0,0,0,0,24.113181985047554,0.10188279645837393,7.328086594081489,0.1,14.572716214326803,0.02,50.0,2096076166.05867,0.001,0.39960881845829976,0.20480710551648826,0.4759180421355442,0.33775883110069554,560.4438316545256,0.11324899141506481,0.5815572949135237,0.10370243312475952,0.39960881845829976
3,0,0,0,0,46.54007148345896,0.10840749987431106,6.652256765090557,0.1,4.862553681911022,0.02,50.0,2023875891.315067,0.001,0.4022508755319805,0.21203806767531075,0.48209656582583155,0.34310930549453955,639.3273571030088,0.11620854939053016,0.5643597229935345,0.1062059177309134,0.4022508755319805
1,0,0,0,0,71.11723716926286,0.10282213507455935,1.7751698746608295,0.1,3.037659723664139,0.02,50.0,2043797742.9416776,0.001,0.40562519297955746,0.14940945927974486,0.42329411865177696,0.2868964900932417,131.9385475995265,0.08958895544259232,0.7110093651002325,0.08207711675605597,0.40562519297955746
3,0,0,0,0,47.4596207272781,0.10754901797908252,6.536943971425146,0.1,13.662393688269857,0.02,50.0,1967938246.7571187,0.001,0.4063893300275105,0.21473187077461314,0.4846418085399074,0.34471888827462327,620.9994054660733,0.11743884129241614,0.5582510604335938,0.10723947716902177,0.4063893300275105
3,0,0,0,0,94.92783256293241,0.10786978364657995,6.580926554400955,0.1,3.5394220357722586,0.02,50.0,2080096713.7703018,0.001,0.4071152925723698,0.2141161129744978,0.4837719032993053,0.34535171990982605,674.94456716548,0.1170176272109162,0.5593207535771451,0.10694126610786658,0.4071152925723698
0,0,0,0,0,9.125192164265885,0.10866065223290498,28.807895740843474,0.1,9.721364902754413,0.02,50.0,1963926875.1396482,0.001,0.4089138806148749,0.15935228993781794,0.42857778322664786,0.2925491268365712,566.4721870562356,0.09183945813773378,0.683117769195319,0.08416757197583447,0.4089138806148749
1,0,0,0,0,93.06300600701456,0.10508403319752697,1.043799648562981,0.1,8.98939677405043,0.02,50.0,2040252567.7818325,0.001,0.4110927259112396,0.16808695166662643,0.4463379394535606,0.3071579166051615,187.89480957754563,0.09960877809782516,0.6721306433395039,0.09088872711903534,0.4110927259112396
3,0,0,0,0,30.588772112161955,0.10279430037687112,5.252644780911464,0.1,4.913726096499906,0.02,50.0,1931011452.1711104,0.001,0.4131168271252161,0.21270272751369973,0.4826923820517705,0.3410252532915662,562.2505473108639,0.11649596784540618,0.562814833260282,0.10631879393497878,0.4131168271252161
5,0,0,0,0,68.17992825903795,0.1074210622327062,6.227039580834237,0.1,18.262715605187683,0.02,50.0,1925187193.9312637,0.001,0.41330784125206593,0.20568991732664366,0.4769971800755015,0.34380673804832285,624.3393494256413,0.1137631548999902,0.5798143036778316,0.1042854619644652,0.41330784125206593
3,0,0,0,0,31.127354466547896,0.10276743852770891,5.330360185177312,0.1,4.433655371124087,0.02,50.0,1926600669.2939355,0.001,0.4136206760753789,0.21299358162233784,0.48297881531327375,0.34134671282055495,562.5898985690203,0.1166342680207067,0.5621680199738561,0.10643745006894606,0.4136206760753789
1,0,0,0,0,45.79666338859745,0.10480022959160937,6.4178795934441295,0.1,17.862951386408444,0.02,50.0,1922456110.1038973,0.001,0.415222260892032,0.20426842716054078,0.4754645231510154,0.3419986678351856,557.7030348218552,0.11303325638761122,0.5828495077026234,0.10377269990804033,0.415222260892032
3,0,0,0,0,30.038118316380046,0.10275587127926983,5.3974389495620825,0.1,4.913726096499906,0.02,50.0,1928160514.5714707,0.001,0.4160698633766529,0.21368855165027778,0.4833918909580854,0.3418557313443251,560.8238394093646,0.11683386012201674,0.5603171681171131,0.10663257345885696,0.4160698633766529
1,0,0,0,0,93.2084438765451,0.10124341458726975,6.381451504535927,0.1,6.6595105523707465,0.02,50.0,2008444565.3750405,0.001,0.4164405829667747,0.21093490343903387,0.4813408225426763,0.344497759058069,610.221944419565,0.1158444937230301,0.5671874738902906,0.10602467772190967,0.4164405829667747
3,0,0,0,0,30.588772112161955,0.10285360786307932,5.3639494280394695,0.1,4.862914793598462,0.02,50.0,1926600669.2939355,0.001,0.41647466538096306,0.21410461750412174,0.48389132274187324,0.3421510898784338,556.9961726498346,0.11707540611243987,0.5594938892486205,0.10682373008118254,0.41647466538096306
3,0,0,0,0,30.588772112161955,0.10273752146359773,5.394090725386999,0.1,4.862914793598462,0.02,50.0,1928160514.5714707,0.001,0.41701568494147134,0.21435066515473764,0.48408329759996277,0.34234588466994265,556.5750823171079,0.11716831950762707,0.5588905283353377,0.10690829325542228,0.41701568494147134
3,0,0,0,0,30.611107712860495,0.10283672566257696,5.399718648404792,0.1,4.843765376785686,0.02,50.0,1927687879.3901188,0.001,0.4173550148749672,0.2144475728280311,0.48418900224681,0.342355416655288,555.0187167234327,0.11721949494838069,0.5586869121194513,0.1069458453791384,0.4173550148749672
3,0,0,0,0,30.588772112161955,0.102892416045528,5.327803258919081,0.1,5.4048973258924295,0.02,50.0,1933968031.055164,0.001,0.41740152297675553,0.21445380584721224,0.48421550379910344,0.3422592022388634,553.4086890058015,0.11723232705970979,0.5586960769819487,0.10695095947704089,0.41740152297675553
5,0,0,0,0,56.403400727555024,0.10782371238717017,6.78456974068891,0.1,15.225617512564089,0.02,50.0,1963749571.3037856,0.001,0.41768046495209926,0.21919866144321112,0.4881170219127492,0.34761157114177,621.4198745539461,0.11912911354048564,0.5473057267837627,0.1086928472962222,0.41768046495209926
4,0,0,0,0,57.868806888362094,0.10797943498454679,5.845572650688137,0.1,11.28080352897616,0.02,50.0,2046511367.4318705,0.001,0.4178930125827352,0.2014326446820513,0.47291940386811065,0.34386382985226327,617.0725607859463,0.11182638127748457,0.5894860740406263,0.10282387007140653,0.4178930125827352
0,0,0,0,0,78.97267121764547,0.10456231663603216,9.189390707449213,0.1,16.865562315370916,0.02,50.0,2049379197.124137,0.001,0.4191171262212016,0.19751132820636452,0.46908412414305073,0.3441142969179932,576.3421262550605,0.11001995776152652,0.5983421407556802,0.10171534092631948,0.4191171262212016
3,0,0,0,0,30.628346273208713,0.10271435049473164,5.4064956817582654,0.1,5.336036525072663,0.02,50.0,1928958438.6890814,0.001,0.4195015002710488,0.2153189745748671,0.4849206634784923,0.3429240959930108,550.9125943406634,0.11757402493421057,0.5566094762636009,0.10725245362984329,0.4195015002710488
4,0,0,0,0,37.504029319976055,0.104465054310224,7.293901929853622,0.1,19.173312864302837,0.02,50.0,2036109465.1652496,0.001,0.41990162769767414,0.20864068775857758,0.4795245792449032,0.3446463413757741,575.8951850671251,0.11497191105000072,0.5727988332547431,0.10527061720468811,0.41990162769767414
3,0,0,0,0,30.588772112161955,0.10275587127926983,5.399878412016972,0.1,5.606147198659117,0.02,50.0,1926035175.4819875,0.001,0.4207220732776123,0.21579534438599207,0.4853265840986071,0.3432384346151768,548.4249073509685,0.11777094661641116,0.555481060818319,0.10742049274273083,0.4207220732776123
4,0,0,0,0,29.00752019527652,0.10721373650930607,7.477821693747481,0.1,9.071729580669269,0.02,50.0,2011494390.157545,0.001,0.42159166704442325,0.2156183199881348,0.4854730639646886,0.344854554880454,546.2998627022637,0.11784204791763131,0.5562370451806904,0.10755678252395004,0.42159166704442325
3,0,0,0,0,30.628346273208713,0.10269787144052954,5.391911642792614,0.1,5.902471216532058,0.02,50.0,1925270861.9269094,0.001,0.42161638497429577,0.2161631029656278,0.4856340787125939,0.3434897056406588,546.9437710842667,0.11792022920351491,0.5546035249227754,0.10754976522137534,0.42161638497429577
3,0,0,0,0,28.26551753563804,0.10878343489144027,7.7783715685194,0.1,14.501030851131839,0.02,50.0,2075259099.9498708,0.001,0.4216227619821585,0.2191799835967494,0.48809693289444006,0.34621876616651825,555.9864327114398,0.11911930795047977,0.5473451065619548,0.10865447047813037,0.4216227619821585
3,0,0,0,0,97.05713233021747,0.10878780700493162,6.634893209963419,0.1,5.28973819654795,0.02,50.0,1989896423.121632,0.001,0.4225020953675403,0.22029974434327126,0.4892498885810829,0.34802691719335266,619.4892639789712,0.11968272673830102,0.5449272145784648,0.10914395615998734,0.4225020953675403
2,0,0,0,0,49.55151753449262,0.10988105762668149,7.10394017429449,0.1,10.073801606243578,0.02,50.0,2077738068.2557442,0.001,0.4226872006203729,0.21780293035265758,0.48727278625739257,0.3465056042843536,574.077134378687,0.1187173841135213,0.5509974617560244,0.10834798078236713,0.4226872006203729
0,0,0,0,0,41.58193598182604,0.1004968249541471,3.559903940114725,0.1,0.7532624651270768,0.02,50.0,2012082817.9429657,0.001,0.4235672073828497,0.19073211402629622,0.4624228263700299,0.33653745128833745,486.39306242137354,0.10691743517402341,0.6137003019850672,0.09887289412483738,0.4235672073828497
3,0,0,0,0,33.38623348485422,0.1057417639021975,7.704133023214801,0.1,18.43489826246835,0.02,50.0,2064968332.5423589,0.001,0.42448252729676683,0.2204010921242751,0.4891887313056087,0.34708177452241584,560.4642469765852,0.11965280741819552,0.5445195768948724,0.1091035322752198,0.42448252729676683
2,0,0,0,0,8.194333094220479,0.10914016792317854,5.824624299344175,0.1,11.917689063714322,0.02,50.0,2077352187.2425683,0.001,0.42680991274459895,0.19420088346768238,0.46752364311140066,0.3197136238491719,301.76045123279033,0.10928917843407816,0.607671804787241,0.09964874808062738,0.42680991274459895
1,0,0,0,0,30.991274535491552,0.10283996211034914,1.0259393210946024,0.1,3.371486946551919,0.02,50.0,2054201252.6418908,0.001,0.4273796726624682,0.16209108768293032,0.4395134248920528,0.30093129445191835,148.85766209266998,0.09658602533017108,0.6850637668272981,0.08818576015522461,0.4273796726624682
5,0,0,0,0,90.57875999855519,0.10716598367646911,6.841483947610231,0.1,12.879982338729794,0.02,50.0,2011820907.8860056,0.001,0.4277147266486495,0.22259853704085958,0.4909836316621764,0.3500368559776585,620.6564450224988,0.12053246328008985,0.5392472908506777,0.10990511059699475,0.4277147266486495
2,0,0,0,0,30.820119669706113,0.1021685771816019,7.725344637996308,0.1,19.356618578639953,0.02,50.0,2040637835.7618537,0.001,0.4278389685088189,0.21714202144185688,0.48659622696661403,0.34573728380089186,522.9783639630875,0.11838794404907228,0.5524317979749791,0.10807107879000186,0.4278389685088189
0,0,0,0,0,8.480544357246577,0.10746819856461604,27.089572859120235,0.1,0.5176202811671345,0.02,50.0,1907392116.1127822,0.001,0.4307948284684812,0.1685108316016119,0.4386128961940687,0.3005653381301788,507.192843389481,0.09619063635387443,0.6627420461536673,0.08798643536643928,0.4307948284684812
0,0,0,0,0,92.96141990843458,0.10461761900338618,6.60678893025029,0.1,2.6152626373798817,0.02,50.0,1978134182.9580233,0.001,0.4318090554527843,0.20408955463416806,0.4753547739686873,0.3483896901906564,547.0652418544214,0.11298108056741091,0.5833240058767318,0.10425254404086207,0.4318090554527843
3,0,0,0,0,30.588772112161955,0.10271961955350913,5.496040378448103,0.1,5.586778488593662,0.02,50.0,1925231056.0296636,0.001,0.4331083793390639,0.1335268048152931,0.39506454995111934,0.24403214122096195,142.3987519692412,0.07803799931404024,0.7369993156817835,0.0710858950048293,0.4331083793390639
0,0,0,0,0,43.63033606220632,0.10177422354476244,6.431847591340049,0.1,11.577837166334055,0.02,50.0,2036739367.7887788,0.001,0.4338073361962206,0.2014184661766233,0.4727753033618309,0.34494689399701706,482.8456413268853,0.1117582437344356,0.5893743481249387,0.10311366494917822,0.4338073361962206
3,0,0,0,0,69.60642090589447,0.10387744918977397,7.323718883044212,0.1,16.0814200357469,0.02,50.0,2077353563.8243213,0.001,0.43500749075560147,0.22505869615695046,0.4932470202889271,0.3508495647049713,578.9960237864684,0.12164631151195263,0.533645739671388,0.11081201840589606,0.43500749075560147
0,0,0,0,0,36.9696282755965,0.10533731392822121,6.318731918888183,0.1,9.465629536940508,0.02,50.0,1985967028.7243252,0.001,0.435272163232963,0.20130442702543444,0.4725972742371011,0.3448759555057507,478.95260794781683,0.11167409180816887,0.5895581241342792,0.10302942894938771,0.435272163232963
0,0,0,0,0,24.927969826670775,0.10210343877427704,5.51793653893001,0.1,3.034380410076069,0.02,50.0,2042266716.209961,0.001,0.43841472125976266,0.20040828856183668,0.47128224537587227,0.3426879916075657,433.1674967727919,0.11105347740326194,0.5910971520681555,0.10233993870480236,0.43841472125976266
3,0,0,0,0,30.588772112161955,0.10285992298096538,5.058436387685407,0.1,5.245775603928477,0.02,50.0,1928160514.5714707,0.001,0.44025737411281024,0.13521049276078184,0.3970956208807314,0.24711824916741876,123.56471339518644,0.07884246606132679,0.7332641116071563,0.07181337012730413,0.44025737411281024
0,0,0,0,0,19.31060532365765,0.10163386908219604,9.172001916737655,0.1,15.903055020871625,0.02,50.0,1922152249.7013335,0.001,0.44093983823659416,0.1999825808166708,0.470850456053878,0.34023174313570786,405.9372671317617,0.11085007598307244,0.5920415745715996,0.10194846294996471,0.44093983823659416
1,0,0,0,0,97.0375637140597,0.10492241146975513,5.044091472725925,0.1,2.1448284489364258,0.02,50.0,2054279208.658547,0.001,0.44185740467719603,0.13252789235748078,0.39355159325332556,0.2449292470829667,104.36375866356751,0.0774414282761155,0.7389370247860002,0.07058888395232084,0.44185740467719603
0,0,0,0,0,7.023040009820876,0.10766086394284304,26.681514161279647,0.1,14.373947737780158,0.02,50.0,2005055750.5167568,0.001,0.4434986557731099,0.17512727637288672,0.44590244427147124,0.3067445546857589,460.4636701432726,0.09941449490363626,0.6482095668655289,0.09085939918436692,0.4434986557731099
1,0,0,0,0,89.44395145688215,0.10285487765468099,1.570371781665141,0.1,6.783235789912633,0.02,50.0,2067008456.5358262,0.001,0.4439840844325984,0.15350565235632763,0.4268239191627747,0.28133271475290156,159.62313178548743,0.0910893289847354,0.7008562597766238,0.0827573303377569,0.4439840844325984
2,0,0,0,0,98.17898515580156,0.10988769957932784,6.9510619919459025,0.1,7.385171254318233,0.02,50.0,1931988637.5071046,0.001,0.4445741514040539,0.22715321491197316,0.4949922606812068,0.3525601985314545,559.8688265843915,0.12250866906714589,0.5286761781167632,0.111566934718616,0.4445741514040539
3,0,0,0,0,66.90548821138184,0.10658336603155201,7.277373719381516,0.1,7.943124548608963,0.02,50.0,1960785551.6761303,0.001,0.4450294921780889,0.22802235889182776,0.49553619582205416,0.3524521943535731,557.2086969404236,0.12277806068489659,0.5264076119586661,0.11178452452220262,0.4450294921780889
4,0,0,0,0,40.870784030311114,0.10555343153261175,8.069852696870612,0.1,11.629234545627945,0.02,50.0,1973062932.2801971,0.001,0.44591756928252735,0.21558297508387061,0.4857051101047643,0.35007198691334407,510.2758409865283,0.11795472699094062,0.5566177793659594,0.1078802131288772,0.44591756928252735
0,0,0,0,0,87.15940076856225,0.10961765385436997,5.864240059113899,0.1,11.809797950877783,0.02,50.0,1974200694.4437127,0.001,0.446745203358037,0.2124867198542041,0.4826269560917088,0.34991695704258674,522.2338436605969,0.1164643893731741,0.5634611756900593,0.10690863205034118,0.446745203358037
1,0,0,0,0,90.62060321818721,0.10751154882514499,7.100819550676555,0.1,4.4295549688088025,0.02,50.0,2004351717.883922,0.001,0.4486205060235378,0.2240495879669075,0.49241150573979103,0.3520255285447316,536.4876611279302,0.12123454549246412,0.5360486462593913,0.1105809651782226,0.4486205060235378
0,0,0,0,0,55.32407630650142,0.10021083406976194,6.680509985931972,0.1,12.37560398152287,0.02,50.0,1928625179.1946383,0.001,0.44978565732190073,0.20813792737987302,0.478785278846321,0.34960394912167014,457.1588241060743,0.11461767161997469,0.5736481425136976,0.1055971161440795,0.44978565732190073
3,0,0,0,0,57.02429154862683,0.10622239809675652,8.298995435728166,0.1,19.571958254299226,0.02,50.0,2084068320.064015,0.001,0.4524911011792613,0.22023217726962552,0.4890556004074116,0.3526468808998908,536.0624999383899,0.11958769014492693,0.5449306861060778,0.10927924184749704,0.4524911011792613
0,0,0,0,0,24.165071543356905,0.10647409226880758,6.661342260305228,0.1,8.904811366553185,0.02,50.0,1960691052.6238306,0.001,0.4526054515032298,0.20685715231152904,0.4773478150495178,0.3467128111587164,414.4110349255512,0.11393046826627432,0.5763139182495433,0.10478158529338302,0.4526054515032298
1,0,0,0,0,33.36359148341706,0.10526720341790995,3.594204187887973,0.1,11.025453250354067,0.02,50.0,1983302687.6939323,0.001,0.45339077336589206,0.14569099852724438,0.41352025207583465,0.26063380730863095,127.88932248515974,0.08549949943843091,0.7138621702655242,0.07767767250362786,0.45339077336589206
0,0,0,0,0,53.07459673128959,0.10014377328590052,7.088181152478229,0.1,11.906832071353355,0.02,50.0,2043227627.130274,0.001,0.4543533692142239,0.2119743680647257,0.48216966634208086,0.35071440100127377,451.7709282117586,0.1162437935702168,0.5646542914480869,0.10687457682861834,0.4543533692142239
1,0,0,0,0,38.811542340172984,0.10063591559521902,2.589175982785027,0.1,13.980034139018313,0.02,50.0,2020673869.036859,0.001,0.45614466146809296,0.14606478901121944,0.4132061422395519,0.25123788234661826,141.45400035382818,0.0853696579922464,0.7123132386111768,0.07741175665939279,0.45614466146809296
3,0,0,0,0,30.588772112161955,0.10253738072967353,5.083149461945763,0.1,6.014953087772103,0.02,50.0,1932336174.47563,0.001,0.45634968298711487,0.14978098536017315,0.4171449157606476,0.26039485103867527,134.7767032628631,0.08700494037247888,0.7037415763352068,0.07887294059185951,0.45634968298711487
3,0,0,0,0,28.071079399860384,0.10269030347120131,5.164693254154196,0.1,5.834777035669938,0.02,50.0,1926035175.4819875,0.001,0.4566005550737893,0.22726101810025437,0.49499224002226566,0.3485392654798297,455.32790829218897,0.12250865884113013,0.5283168102951223,0.11134206662423149,0.4566005550737893
1,0,0,0,0,90.88557057610858,0.10887011468324395,2.7112203605519296,0.1,13.684265213032567,0.02,50.0,2029856623.0748188,0.001,0.45671807449793356,0.1452891572665913,0.41143761529390965,0.24954720903698174,150.94978259845306,0.0846404556393696,0.7131972056032247,0.07670914646673618,0.45671807449793356
3,0,0,0,0,29.94961126513374,0.10275587127926983,5.16307267378098,0.1,5.834777035669938,0.02,50.0,1926035175.4819875,0.001,0.4568120440602061,0.22693212053136122,0.49456925276762154,0.34884734727194666,469.1664249084587,0.12229937289156176,0.52892480164244,0.11121453875087138,0.4568120440602061
0,0,0,0,0,6.767771410083187,0.10397725778596825,24.517152566048402,0.1,10.493167266426854,0.02,50.0,2009878488.810022,0.001,0.4594467406886196,0.1822164049650794,0.4533803432243603,0.3121254139842645,425.96736096037375,0.10277686781111939,0.6324246750090138,0.0937756337971619,0.4594467406886196
3,0,0,0,0,66.169243018688,0.10825031599974981,8.294262868185857,0.1,12.870863389763716,0.02,50.0,2055544057.0332813,0.001,0.45993014051080744,0.2321399040805168,0.4989617663682404,0.3537263990218761,513.131900637922,0.12448142214865728,0.516656971411811,0.1131350597056621,0.45993014051080744
1,0,0,0,0,56.68877765722904,0.1054063903751487,8.049855022397043,0.1,9.264043615575744,0.02,50.0,2048684653.8634925,0.001,0.4602917907622736,0.22591087374671262,0.494199716574597,0.3524843705443821,471.2606488891682,0.12211667993120601,0.5319026740171052,0.11129625814725616,0.4602917907622736
2,0,0,0,0,79.59702444676392,0.10150439848259683,7.71422165563502,0.1,19.681307774734663,0.02,50.0,1980291346.4615781,0.001,0.4611685673455423,0.23315857868391682,0.4998741109854073,0.35561220471625155,510.45991505523773,0.12493706341672564,0.5143245523593036,0.11359505830973705,0.4611685673455423
3,0,0,0,0,57.48499338587754,0.10631386410888016,8.244581427788376,0.1,11.117855020234629,0.02,50.0,1980641957.0984414,0.001,0.46188548641913085,0.23316481604864564,0.4999978618903798,0.352539806928156,482.73886339825214,0.12499893094747566,0.514448118715291,0.11345872441434272,0.46188548641913085
1,0,0,0,0,58.29911222304253,0.10018831002971762,1.6924364734662767,0.1,10.022109510683435,0.02,50.0,2086031329.6742136,0.001,0.4619770817034441,0.15520763679177701,0.42824159889735347,0.2776477321714729,167.35131132462945,0.09169543351308089,0.6965972222245986,0.0832234913539548,0.4619770817034441
1,0,0,0,0,74.29375373824665,0.10281095430710493,7.620093256671383,0.1,9.96564678964127,0.02,50.0,2035467600.6521192,0.001,0.46206404125561407,0.22798767768335515,0.49569452064095954,0.3544785754885458,491.18588358002285,0.12285652889673533,0.5267063084811986,0.11196571269893885,0.46206404125561407
0,0,0,0,0,83.8518128396811,0.102838399693361,7.318399769980378,0.1,8.102944281662804,0.02,50.0,2081421017.3331087,0.001,0.4624310924009183,0.2201532278956958,0.48897255750522517,0.354742206473748,488.5206988149854,0.11954708099660037,0.5450990960064148,0.10957415573785287,0.4624310924009183
1,0,0,0,0,12.670597649933088,0.10916143795777937,3.81206905736178,0.1,10.44538934922447,0.02,50.0,2026730235.8229399,0.001,0.46574816851442724,0.14859420033947873,0.4143005756955066,0.26576416628630256,122.3944901722572,0.08582248351081409,0.7049384603936371,0.0782157042237694,0.46574816851442724
0,0,0,0,0,80.25464049548563,0.10009355548730904,7.321172640551505,0.1,4.741230517729173,0.02,50.0,2083335608.889354,0.001,0.46649243359831327,0.21853468720028163,0.4879160453346227,0.3551858561942578,457.4168396434194,0.1190310336474888,0.549290121176535,0.10926058553697099,0.46649243359831327
3,0,0,0,0,30.89384556948719,0.10275587127926983,5.100522877189021,0.1,5.4048973258924295,0.02,50.0,1927860405.390303,0.001,0.46690247668386764,0.15182020350301795,0.4182791460724723,0.2648353081466069,125.05246218874846,0.08747872201955831,0.6980496730355762,0.07937993139418068,0.46690247668386764
0,0,0,0,0,28.740914105867212,0.10924300167606625,8.017018209662805,0.1,11.023229644396913,0.02,50.0,2059591204.2321167,0.001,0.46887349427312996,0.21469252426105492,0.4845221728560312,0.35062407860359346,398.0534161156197,0.1173808679945649,0.5582469444504683,0.10768332711579633,0.46887349427312996
1,0,0,0,0,74.41260714608147,0.10879443337173748,4.481141921542056,0.1,18.479196885277037,0.02,50.0,1963505064.9447427,0.001,0.4706794810969225,0.15137618103408576,0.41707358569398767,0.26904480688007376,119.42987463755435,0.08697518794182005,0.6983548350839609,0.07912021015161463,0.4706794810969225
0,0,0,0,0,62.261421994428396,0.10750324787989243,7.898421926307812,0.1,10.9931551351036,0.02,50.0,2078584921.464296,0.001,0.47112306194420045,0.2222882610442795,0.49116048794511813,0.355322364368153,441.8629788299369,0.12061931245924326,0.5404841922573025,0.1104386544795593,0.47112306194420045
1,0,0,0,0,22.584037699712717,0.10039096014942377,5.101012570054803,0.1,14.337127003560997,0.02,50.0,1979175490.45561,0.001,0.4737629041930558,0.15252054537292398,0.4201450955139041,0.2652210442886223,117.55885669967864,0.0882609506421938,0.6975404002553722,0.08011326797967344,0.4737629041930558
0,0,0,0,0,58.79435403805943,0.10033815979113561,5.471351083579347,0.1,9.902213516731928,0.02,50.0,2056790305.8831444,0.001,0.4782849021847992,0.2216859111790938,0.49035812822997826,0.3556136620066692,420.93627934045463,0.12022554696060389,0.541573238977763,0.11016413525054564,0.4782849021847992
3,0,0,0,0,31.68633916845895,0.10270501594787852,5.472192930301222,0.1,5.834777035669938,0.02,50.0,1920227142.879071,0.001,0.480023674851105,0.16133023280816894,0.43008115904754823,0.2738270764325786,155.12469566645274,0.09248490168384124,0.6780306612350664,0.08377022407099101,0.480023674851105
0,0,0,0,0,31.157371239603695,0.10878392199036342,5.649970391366558,0.1,9.171422274660419,0.02,50.0,2000156238.253471,0.001,0.48269252921481565,0.22132672996014247,0.48987597954638795,0.35656377542405293,394.6230030323817,0.11998923766826655,0.5422191213588138,0.11007145740896901,0.48269252921481565
0,0,0,0,0,33.40553042487868,0.1042038244750783,7.647509863493411,0.1,10.325080568830666,0.02,50.0,1962229767.4066544,0.001,0.48272003377696304,0.22218266219494875,0.490736696593671,0.35668220102564363,375.29808131364825,0.12041125269183434,0.5403507156311176,0.11040521876968351,0.48272003377696304
0,0,0,0,0,28.233413567686572,0.1021633587370559,7.422428096664894,0.1,5.807698998779021,0.02,50.0,1921904082.9711487,0.001,0.4842145799351444,0.22142967836688404,0.489943183743287,0.35653944515020203,370.1980765418434,0.12002216164825413,0.5419527826229795,0.1100970659552912,0.4842145799351444
0,0,0,0,0,46.938275419667164,0.1026213233982918,7.75864268164336,0.1,9.534193935520276,0.02,50.0,1972783782.9966416,0.001,0.48733465241637824,0.2259232194827815,0.4939972832503302,0.35835624306697567,390.69190630238074,0.12201665792935348,0.5316281368925532,0.111724508570986,0.48733465241637824
3,0,0,0,0,30.588772112161955,0.10275587127926983,5.449346527094036,0.1,5.747356006672671,0.02,50.0,1926035175.4819875,0.001,0.48940968352376213,0.16681915263932906,0.436054078181539,0.2799593542948818,155.76716603350613,0.09507157954937588,0.6657698434841135,0.08608887914194313,0.48940968352376213
3,0,0,0,0,74.14860136566658,0.10783916713540782,8.30416878904228,0.1,3.6637790128561165,0.02,50.0,2088810543.220067,0.001,0.49377937244117315,0.2430257154257434,0.5076274355320467,0.3596354897068028,443.88128893145034,0.1288428066524211,0.4905474974365046,0.11676915458408066,0.49377937244117315
3,0,0,0,0,31.886289318552596,0.10287476439195847,5.653446242099131,0.1,4.913726096499906,0.02,50.0,1927860405.390303,0.001,0.4961899919241628,0.17427693686157686,0.4448741610562681,0.286630508512379,161.62243500389351,0.09895650958775917,0.6499753994995152,0.08945549375728004,0.4961899919241628
3,0,0,0,0,28.12068282543536,0.10285360786307932,5.64684325056696,0.1,4.435498207067483,0.02,50.0,1926600669.2939355,0.001,0.49658498742641083,0.1756155784444538,0.4462259935476309,0.28838005095404334,161.8898832381935,0.09955881865878516,0.6469186487223193,0.09000207060222831,0.49658498742641083
1,0,0,0,0,19.06557670325498,0.10597024659715437,2.0027852077083597,0.1,14.358140034693042,0.02,50.0,1914060721.1535082,0.001,0.4966039767120656,0.17238940727537003,0.4453532465997927,0.28996098893640687,140.50015618800208,0.09916975712848788,0.656764742381905,0.08981952301928112,0.4966039767120656
1,0,0,0,0,70.18746581892177,0.1027747894761267,3.4017217467962486,0.1,2.335127933425173,0.02,50.0,1990412204.3081512,0.001,0.4979141245789035,0.16851610616988089,0.43721357912177417,0.28954763930087024,149.0188006609897,0.09557785688423595,0.6612946454969476,0.08681399961718182,0.4979141245789035
3,0,0,0,0,30.588772112161955,0.10275587127926983,5.257391456597906,0.1,5.245775603928477,0.02,50.0,1921534799.2407978,0.001,0.49955510195297453,0.16965347832842273,0.4390856032498039,0.28283883657742354,139.5826535811512,0.0963980834906221,0.6594172670500424,0.08723958696890535,0.49955510195297453
0,0,0,0,0,60.72037782066108,0.10697536170958519,5.453499285392832,0.1,1.862849084421761,0.02,50.0,2057359520.8416862,0.001,0.5027521498974844,0.22996670678305606,0.49720108744396335,0.35872325297961594,384.89874980920035,0.12360446067772984,0.5218547189711827,0.11285781518639584,0.5027521498974844
1,0,0,0,0,91.59237361610778,0.10054408147213661,3.4678720376166323,0.1,6.333629818328735,0.02,50.0,1941884475.2404752,0.001,0.5034742640216798,0.16613535904216045,0.43450268175960244,0.2859588048025925,130.36816390298762,0.09439629022814318,0.6664734803917992,0.0857302353612443,0.5034742640216798
3,0,0,0,0,27.585798501049453,0.10274803885889776,5.22824544654528,0.1,6.014953087772103,0.02,50.0,1932336174.47563,0.001,0.5042637353214392,0.18086882003908536,0.45149763532280857,0.29427892992850635,157.49989192875745,0.10192505735104392,0.6349290670221512,0.09211278720000951,0.5042637353214392
3,0,0,0,0,30.588772112161955,0.10254921487354872,5.110287954045078,0.1,4.913726096499906,0.02,50.0,1928160514.5714707,0.001,0.5059761454522008,0.1700845708820853,0.439427289667989,0.2874810261755702,138.5745849282231,0.09654817145247735,0.6583304971154961,0.08754745940858925,0.5059761454522008
1,0,0,0,0,11.549660605427768,0.10981137393284379,3.5307258400708355,0.1,5.2982245814261875,0.02,50.0,2069334851.5623384,0.001,0.5066984082226571,0.17260909191123056,0.44208349159225296,0.29430858308168006,125.80600606585108,0.09771890676919881,0.652647142757362,0.0888492518441891,0.5066984082226571
2,0,0,0,0,10.723120105214662,0.10296418524129411,5.3630985627741445,0.1,9.111377192932695,0.02,50.0,2091671260.7325425,0.001,0.5105521747721247,0.22254313880703275,0.49147960915963124,0.3351008721702179,224.20971852085705,0.12077610310985193,0.540000444566212,0.10921329231232293,0.5105521747721247
2,0,0,0,0,75.17990922284176,0.10041291225040823,3.138609394613529,0.1,0.8331136443077525,0.02,50.0,2071992113.9392369,0.001,0.511348530447368,0.21286237692671378,0.48366777124020793,0.32656085826928294,255.6066567152754,0.11696725646823505,0.5633823420035025,0.10547396826706158,0.511348530447368
0,0,0,0,0,23.61567260963942,0.10097148172196149,7.504249763071516,0.1,5.13835325114522,0.02,50.0,1923631845.4785578,0.001,0.51555704625978,0.23524285388917004,0.5013683184414535,0.36483440400466316,320.24490075504133,0.12568509536840533,0.5091223762290457,0.1149162683671055,0.51555704625978
0,0,0,0,0,44.265682140401246,0.1039329192541939,5.245102660455737,0.1,19.96014181145031,0.02,50.0,1947274112.9463239,0.001,0.5171007726583265,0.23630061943574815,0.5022911405680077,0.36429462802804624,346.6762227283778,0.12614819494655502,0.5066770567561345,0.11520902920974646,0.5171007726583265
3,0,0,0,0,30.588772112161955,0.10279430037687112,5.137999496950176,0.1,4.9406284610585525,0.02,50.0,1931011452.1711104,0.001,0.5189155150228715,0.18537743221075786,0.45597164573725063,0.2984125257975574,145.68698624433236,0.10395507085816841,0.6246370579665333,0.09388474224769891,0.5189155150228715
3,0,0,0,0,30.588772112161955,0.10256786958617567,5.117192174182787,0.1,4.494347638350084,0.02,50.0,1927601608.0951886,0.001,0.5204950209901132,0.22907666045833103,0.49669992958513864,0.3368527557375315,272.74556437830773,0.12335541002494085,0.5242404218637585,0.11124078167299921,0.5204950209901132
3,0,0,0,0,30.628346273208713,0.10271435049473164,5.09515468160502,0.1,5.656406980247076,0.02,50.0,1929400793.115688,0.001,0.526568710356574,0.1879466751590057,0.4584783047600772,0.3011162776852172,138.84498638755446,0.10510117796783713,0.6187471647282675,0.09489950900966504,0.526568710356574
0,0,0,0,0,10.401247366582927,0.1024503860441198,7.718030021825133,0.1,15.972361156880783,0.02,50.0,1933474923.4702103,0.001,0.5337381012985389,0.23242516242570804,0.4991064387183172,0.35924234303299407,291.02183555486863,0.12455361858504069,0.5158745686127347,0.1134395784337428,0.5337381012985389
4,0,0,0,0,40.02387332702413,0.1022721148322568,3.034876975084404,0.1,0.4521699335128513,0.02,50.0,2056490932.7696645,0.001,0.5355710358272122,0.2240919031355211,0.49224253044740574,0.33597894210024126,253.1404624959948,0.12115135439063258,0.5357134831264057,0.1093299576374504,0.5355710358272122
3,0,0,0,0,30.588772112161955,0.10275587127926983,5.143307173686028,0.1,5.112965121561401,0.02,50.0,1929921439.022731,0.001,0.537721759958158,0.24714924123112217,0.5108327928694529,0.3558452545518858,280.86068855177274,0.13047507113540271,0.4806110285455324,0.1176616454223958,0.537721759958158
4,0,0,0,0,70.77027321612394,0.1056827470188551,7.895512524878822,0.1,9.84004443178927,0.02,50.0,1939673512.0057342,0.001,0.5379006775980344,0.23611316172885605,0.5022654469069854,0.34891740847721964,290.0380529344551,0.1261352895783369,0.5072718032532658,0.11394923645870927,0.5379006775980344
1,0,0,0,0,74.74288456742158,0.10910852058467652,8.149016988585615,0.1,1.666862805733024,0.02,50.0,1957164241.9116697,0.001,0.5393966484078724,0.25323271340552084,0.5155500318957368,0.36861669012276493,355.41955447146086,0.1328959176938476,0.4659814299339083,0.12036013372353618,0.5393966484078724
3,0,0,0,0,33.756854785097495,0.1027136908891876,5.144824157293131,0.1,6.014953087772103,0.02,50.0,1932336174.47563,0.001,0.5412648328281646,0.21466035873498612,0.4844829860152288,0.325770874895712,185.21281109876392,0.1173618818691162,0.5583098619113174,0.10566538002884507,0.5412648328281646
3,0,0,0,0,30.588772112161955,0.10275587127926983,5.38627555050781,0.1,6.461240474905211,0.02,50.0,1926035175.4819875,0.001,0.541739160125292,0.20149964037560378,0.4718537176892536,0.31422282155914966,165.878188279741,0.11132296544858492,0.5880881181280189,0.10041849730619742,0.541739160125292
3,0,0,0,0,71.4942517415581,0.1021451061048243,5.999495854088542,0.1,11.49118295138482,0.02,50.0,1979145219.0494936,0.001,0.5424546191719326,0.211571834445235,0.4814689312882313,0.3231520382655527,199.2516657437579,0.1159061658979158,0.5652082722776868,0.10445201551794456,0.5424546191719326
3,0,0,0,0,32.80785292675853,0.10271435049473164,5.120050168662481,0.1,5.336036525072663,0.02,50.0,1928958438.6890814,0.001,0.5520573414030737,0.20794393766781066,0.47831474405041285,0.31929907157642584,157.07246289995584,0.11439249718800598,0.5737693678793118,0.10300970466725462,0.5520573414030737
0,0,0,0,0,86.19974519007528,0.10709996276732377,4.964625008014108,0.1,17.123897589986402,0.02,50.0,2043017716.8689659,0.001,0.5525938770804388,0.25123218381575796,0.513999522790495,0.3701057654881709,322.9302367266843,0.1320977547144283,0.47078748161447287,0.11990593485650547,0.5525938770804388
0,0,0,0,0,89.31594025953115,0.10629996849596951,3.6550300665843984,0.1,12.054904065688799,0.02,50.0,1985917295.4324849,0.001,0.5584829612738642,0.25671660491180004,0.5184391046266231,0.3758812452888406,330.88522026087276,0.13438955260302732,0.45785360636773026,0.12210154866938196,0.5584829612738642
2,0,0,0,0,27.178207429408076,0.106750329785177,5.238732495223872,0.1,5.482056301495606,0.02,50.0,2025849423.3514595,0.001,0.5594985104672707,0.23813339582567553,0.5038766954894958,0.3445876751345085,215.93691642025235,0.126945862128707,0.5024290255480646,0.11436324126502188,0.5594985104672707
3,0,0,0,0,30.588772112161955,0.10265843480196224,5.1303751739868,0.1,6.014953087772103,0.02,50.0,1932336174.47563,0.001,0.5601479177471247,0.22082147764122545,0.4893944936929595,0.3309702773938421,166.62726446204454,0.1197534852284941,0.5433532067290681,0.1078215902994697,0.5601479177471247
0,0,0,0,0,43.74214136904977,0.10987381005225297,4.403188746736981,0.1,15.479857495208815,0.02,50.0,1945931599.0359328,0.001,0.5620678196281912,0.2551486019687194,0.5170845033923731,0.37497983012464975,297.83058736106534,0.13368819182426855,0.46144377436089523,0.12156809387530826,0.5620678196281912
3,0,0,0,0,69.19414239815768,0.10960746430542793,7.888680288952466,0.1,13.793692285515975,0.02,50.0,2051064882.806397,0.001,0.5640127453930648,0.2307525947967181,0.49808962772068777,0.34013267809206194,224.44615153864106,0.12404663862146667,0.5202668407943618,0.11182039785293793,0.5640127453930648
3,0,0,0,0,30.588772112161955,0.10275587127926983,5.27258529172287,0.1,6.014953087772103,0.02,50.0,1926035175.4819875,0.001,0.5686033815387337,0.23300840699349562,0.4995687516433732,0.3413645418874957,201.16113165116545,0.12478446880925916,0.5144690705766193,0.1123707270621195,0.5686033815387337
0,0,0,0,0,6.728898753720108,0.10167271913411902,7.984897722901433,0.1,6.589245540879364,0.02,50.0,1944550391.9594347,0.001,0.5713318894664678,0.24145617332156405,0.5066027268287733,0.3612658595134609,244.67570268875485,0.12832316141517433,0.49456679889685995,0.11637958311870938,0.5713318894664678
3,0,0,0,0,30.588772112161955,0.10275587127926983,5.238064890357977,0.1,5.245775603928477,0.02,50.0,1928160514.5714707,0.001,0.5739968534494722,0.23402204420051986,0.5003921259846601,0.3419256080357387,193.15365676077508,0.12519613987372397,0.512050845703623,0.11270674945891065,0.5739968534494722
0,0,0,0,0,10.503205590748589,0.10165326961383579,4.4932237389805865,0.1,10.598378477104522,0.02,50.0,2013125148.2071068,0.001,0.5792823024352114,0.2548377861380199,0.5172180639351003,0.37332234209034243,227.55382411143864,0.13375726283038675,0.46264099281083615,0.12132491171125293,0.5792823024352114
0,0,0,0,0,9.228207156703665,0.10996718377935712,4.232861082222899,0.1,7.787907645688138,0.02,50.0,1998161361.0331163,0.001,0.5807411894332293,0.25536361017576414,0.5175350044034422,0.3729352462648474,230.84139159539055,0.1339212403914355,0.461270860327469,0.12141658805687613,0.5807411894332293
0,0,0,0,0,23.508018850567385,0.10680767968895871,2.9249693739741915,0.1,12.038726862000436,0.02,50.0,2076004357.9173372,0.001,0.5822736477005914,0.2584376162394419,0.5197435911277525,0.376283893945604,243.40954950674038,0.13506670025918618,0.4536969131399614,0.12264205349412205,0.5822736477005914
0,0,0,0,0,45.865190812698884,0.10031637388497386,2.8830437471892947,0.1,14.844288629276178,0.02,50.0,2059939710.4089417,0.001,0.5893964896733415,0.26569754090554343,0.5253099760561872,0.3812232300290555,254.9545941476862,0.137975285472076,0.43628386308303246,0.12521875010918446,0.5893964896733415
0,0,0,0,0,85.41489013437413,0.10320509627202851,1.9617657222259544,0.1,4.117573044493277,0.02,50.0,1957426612.0036182,0.001,0.593990258601145,0.2649244491799562,0.5247832620663405,0.37932478035503264,231.3815184986837,0.13769873607249472,0.43821555356930014,0.12478143128066845,0.593990258601145
0,0,0,0,0,77.77642142077606,0.10000904428235365,2.5669234328993853,0.1,1.8149922035938963,0.02,50.0,1954136692.039925,0.001,0.6034992319011753,0.2653624533589082,0.5251118316145675,0.3788035239411952,228.14884407876715,0.13787121785080297,0.4371579971221796,0.12481176683211204,0.6034992319011753
0,0,0,0,0,44.86942330046927,0.1072397042338275,1.1524717282256507,0.1,5.428308572943036,0.02,50.0,2020937621.2379415,0.001,0.6070704739925555,0.2741342381454188,0.5317584480211335,0.3874381590826864,202.80251616525243,0.14138352352092226,0.4161140943974227,0.1282743626183557,0.6070704739925555
0,0,0,0,0,64.09378129268356,0.10374196581056737,2.688484520614396,0.1,2.281899112271022,0.02,50.0,2036353366.0275307,0.001,0.6076583594854825,0.2663461205279848,0.5258020257013597,0.3791246609490091,224.53785242581165,0.13823388511582665,0.43472533017697956,0.12508376055262535,0.6076583594854825
0,0,0,0,0,59.80958140450361,0.10017109694514548,1.1141650710408033,0.1,9.556474590729584,0.02,50.0,1965969287.527328,0.001,0.6103209167626803,0.280491479368445,0.5358913930171981,0.38872326425273424,220.78752854747466,0.14358979255495657,0.4000712514000819,0.13006910296878108,0.6103209167626803
1,0,0,0,0,10.592049238962248,0.1055404252657565,3.075728239956487,0.1,6.732250251403388,0.02,50.0,1911788107.932148,0.001,0.6109864304389949,0.23534445278242289,0.5014512462041513,0.34623005419147296,112.18675490650088,0.12572667615984814,0.5088807350982361,0.11343245995310669,0.6109864304389949
0,0,0,0,0,62.54240894384306,0.1069756824990004,1.2061611074853842,0.1,4.188284839403353,0.02,50.0,1970417314.7473402,0.001,0.6186335701275634,0.27909496342427004,0.5346627727665056,0.38633501056474473,201.48367103641522,0.14293214029118403,0.4031917825985292,0.1293153232981562,0.6186335701275634
0,0,0,0,0,90.91244287577177,0.10872193334639205,1.0550985740083227,0.1,4.774203150064071,0.02,50.0,2050359633.0020187,0.001,0.6276304660021261,0.28487953533021826,0.5393648938012578,0.39161254757906405,220.03335903185638,0.14545724433262108,0.38980178567538837,0.13151068388625148,0.6276304660021261
0,0,0,0,0,13.562415459483146,0.10730252078353948,1.049572499998939,0.1,15.07973027911464,0.02,50.0,1920915483.4169207,0.001,0.6284614835136484,0.2761885228008859,0.5328356823546272,0.3844606669919398,184.80986148053788,0.1419569321951606,0.41060443245242156,0.12827208961423955,0.6284614835136484
0,0,0,0,0,59.599715705994505,0.1025469780772509,4.325350990032762,0.1,1.4842597926834733,0.02,50.0,1964646158.8642013,0.001,0.6339657657048017,0.2813986431885627,0.5368677081603952,0.38896061521566694,215.50984014949438,0.14411346803269762,0.398269281447752,0.13020454547015992,0.6339657657048017
0,0,0,0,0,4.2536384256950255,0.10258364458163638,3.6530117421110107,0.1,18.99294626417687,0.02,50.0,1986867085.641624,0.001,0.6510717194046981,0.27586678444060936,0.5332391386393901,0.3828993811630883,162.2678208668535,0.14217198948843934,0.4121786940043273,0.1281192558035132,0.6510717194046981
0,0,0,0,0,4.411270022594818,0.10482879025850059,2.5872639847617855,0.1,15.672346713712741,0.02,50.0,2000243751.2137427,0.001,0.6528857451068577,0.2776212434828736,0.5346097130221285,0.3844306776080808,165.30826326418452,0.14290377262880125,0.40803799119095757,0.12878382900454743,0.6528857451068577
0,0,0,0,0,6.26503961005981,0.10850076944709515,1.6511640076194205,0.1,2.079794494964231,0.02,50.0,1931532979.184569,0.001,0.6764777999317103,0.28928986368437304,0.5433005785731106,0.39286923065292206,153.2485363921747,0.14758775933893842,0.3800718928429462,0.13286276934965374,0.6764777999317103
0,0,0,0,0,0.7645784623110764,0.10782924447192598,16.38651769894406,0.1,8.313020620731194,0.02,50.0,1939334408.5408146,0.001,0.6836913995510672,0.28870019418093895,0.5418856384648595,0.3892743446809778,130.41752317907412,0.14682002258723423,0.3802460721004167,0.1320172320792974,0.6836913995510672
0,0,0,0,0,2.110348195952033,0.10638340350534922,4.745130494278488,0.1,1.80411865958961,0.02,50.0,1987331417.3244267,0.001,0.6898399688285783,0.2891285838268328,0.5423944134742194,0.3894051897452276,131.80982109618677,0.1470958498840212,0.3794617036399399,0.13218930747948734,0.6898399688285783
0,0,0,0,0,1.5489409486635173,0.103979611442342,5.21393465584501,0.1,17.369173695137743,0.02,50.0,2045853200.1697302,0.001,0.70105343547621,0.2945408387127293,0.5464400664488333,0.39306204621656327,125.62314457031583,0.14929837311030264,0.36656007488160847,0.13409754272367563,0.70105343547621
0,0,0,0,0,1.1423080892790667,0.10439073399676539,2.4999598478988605,0.1,10.29872075762628,0.02,50.0,2065925701.8537288,0.001,0.7066560838174848,0.29690917800175637,0.5478014621726306,0.39401924680895606,119.0903911265714,0.150043220979236,0.36040358894569613,0.13472636700320578,0.7066560838174848
0,0,0,0,0,0.5720197833653268,0.10239909491327966,9.550600628435465,0.1,7.501913944776903,0.02,50.0,2003525061.9155107,0.001,0.7067904890794777,0.29780911396317256,0.5485276332786985,0.3949498400418776,116.09024751909307,0.15044128223516515,0.35833261200481015,0.13510501358478472,0.7067904890794777
0,0,0,0,0,0.10638375698558497,0.10474377349554422,25.354198510585164,0.1,19.197488810759396,0.02,50.0,2047847116.3843415,0.001,0.716800336255548,0.302958701682872,0.5514435688728345,0.3965478165986286,106.40565794938195,0.1520450048256043,0.3449093389835034,0.13644949264797315,0.716800336255548
0,0,0,0,0,2.290426388989479,0.1004680648696617,1.9436163217691,0.1,19.215198593573128,0.02,50.0,2013722143.1632566,0.001,0.7247311185540021,0.3025964340608118,0.5517766427453872,0.39680501997122947,107.46611288644941,0.1522287317396853,0.3465455938565596,0.13652628307717732,0.7247311185540021
